[12:16:11] [main/INFO] (cpw.mods.modlauncher.Launcher) ModLauncher running: args [--launchTarget, forgeclientuserdev, --version, 20.4.251, --assetIndex, 1.20.4-12, --assetsDir, E:\GradleFiles\caches\fabric-loom\assets, --gameDir, ., --fml.neoForgeVersion, 20.4.251, --fml.fmlVersion, 2.0.17, --fml.mcVersion, 1.20.4, --fml.neoFormVersion, 20240627.114801]
[12:16:11] [main/INFO] (cpw.mods.modlauncher.Launcher) ModLauncher 10.0.9+10.0.9+main.dcd20f30 starting: java version 17.0.17 by Eclipse Adoptium; OS Windows 11 arch amd64 version 10.0
[12:16:11] [main/DEBUG] (cpw.mods.modlauncher.LaunchServiceHandler) Found launch services [minecraft,forgeclient,forgedatauserdev,testharness,forgeserverdev,forgeserveruserdev,forgeclientdev,forgeclientuserdev,forgeserver,forgedatadev]
[12:16:11] [main/DEBUG] (cpw.mods.modlauncher.NameMappingServiceHandler) Found naming services : []
[12:16:11] [main/INFO] (unprotect) Initializing Unprotect using ModLauncher backend, target: Minecraft and loader classes (minecraft+forge)
[12:16:11] [main/DEBUG] (cpw.mods.modlauncher.LaunchPluginHandler) Found launch plugins: [mixin,slf4jfixer,runtime_enum_extender,unprotect,accesstransformer,runtimedistcleaner]
[12:16:11] [main/DEBUG] (cpw.mods.modlauncher.TransformationServicesHandler) Discovering transformation services
[12:16:11] [main/DEBUG] (net.neoforged.fml.loading.FMLPaths) Path GAMEDIR is E:\Minecraft Modding Workspaces\smart_pick-1.20.x\neoforge\run
[12:16:11] [main/DEBUG] (net.neoforged.fml.loading.FMLPaths) Path MODSDIR is E:\Minecraft Modding Workspaces\smart_pick-1.20.x\neoforge\run\mods
[12:16:11] [main/DEBUG] (net.neoforged.fml.loading.FMLPaths) Path CONFIGDIR is E:\Minecraft Modding Workspaces\smart_pick-1.20.x\neoforge\run\config
[12:16:11] [main/DEBUG] (net.neoforged.fml.loading.FMLPaths) Path FMLCONFIG is E:\Minecraft Modding Workspaces\smart_pick-1.20.x\neoforge\run\config\fml.toml
[12:16:11] [main/DEBUG] (cpw.mods.modlauncher.TransformationServicesHandler) Found additional transformation services from discovery services: 
[12:16:11] [main/INFO] (net.neoforged.fml.loading.ImmediateWindowHandler) Loading ImmediateWindowProvider fmlearlywindow
[12:16:11] [main/INFO] (EARLYDISPLAY) Trying GL version 4.6
[12:16:11] [main/INFO] (EARLYDISPLAY) Requested GL version 4.6 got version 4.6
[12:16:11] [main/DEBUG] (cpw.mods.modlauncher.TransformationServicesHandler) Found transformer services : [mixin,mixin-synthetic-package,fml]
[12:16:11] [main/DEBUG] (cpw.mods.modlauncher.TransformationServicesHandler) Transformation services loading
[12:16:11] [main/DEBUG] (cpw.mods.modlauncher.TransformationServiceDecorator) Loading service mixin
[12:16:11] [main/DEBUG] (cpw.mods.modlauncher.TransformationServiceDecorator) Loaded service mixin
[12:16:11] [main/DEBUG] (cpw.mods.modlauncher.TransformationServiceDecorator) Loading service mixin-synthetic-package
[12:16:11] [main/DEBUG] (cpw.mods.modlauncher.TransformationServiceDecorator) Loaded service mixin-synthetic-package
[12:16:11] [main/DEBUG] (cpw.mods.modlauncher.TransformationServiceDecorator) Loading service fml
[12:16:11] [main/DEBUG] (net.neoforged.fml.loading.LauncherVersion) Found FMLLauncher version 2.0
[12:16:11] [main/DEBUG] (net.neoforged.fml.loading.FMLLoader) FML 2.0 loading
[12:16:11] [main/DEBUG] (net.neoforged.fml.loading.FMLLoader) FML found ModLauncher version : 10.0.9+10.0.9+main.dcd20f30
[12:16:11] [main/DEBUG] (net.neoforged.fml.loading.FMLLoader) FML found AccessTransformer version : 10.0.1+139da711
[12:16:11] [main/DEBUG] (net.neoforged.fml.loading.FMLLoader) FML found EventBus version : null
[12:16:11] [main/DEBUG] (net.neoforged.fml.loading.FMLLoader) Found Runtime Dist Cleaner
[12:16:11] [main/DEBUG] (net.neoforged.fml.loading.FMLLoader) FML found CoreMod version : 6.0.4+main.1ed25481
[12:16:11] [main/DEBUG] (net.neoforged.fml.loading.FMLLoader) Found ForgeSPI package implementation version 2.0
[12:16:11] [main/DEBUG] (net.neoforged.fml.loading.FMLLoader) Found ForgeSPI package specification 2
[12:16:11] [main/DEBUG] (cpw.mods.modlauncher.TransformationServiceDecorator) Loaded service fml
[12:16:11] [main/DEBUG] (cpw.mods.modlauncher.TransformationServicesHandler) Configuring option handling for services
[12:16:11] [main/DEBUG] (cpw.mods.modlauncher.TransformationServicesHandler) Transformation services initializing
[12:16:11] [main/DEBUG] (cpw.mods.modlauncher.TransformationServiceDecorator) Initializing transformation service mixin
[12:16:11] [main/DEBUG] (mixin) MixinService [ModLauncher] was successfully booted in cpw.mods.cl.ModuleClassLoader@2e7dd504
[12:16:11] [main/INFO] (mixin) SpongePowered MIXIN Subsystem Version=0.8.5 Source=union:/E:/GradleFiles/caches/modules-2/files-2.1/net.fabricmc/sponge-mixin/0.13.4+mixin.0.8.5/8adf0cff1795a169141b9e16ad7b9f6e2527a990/sponge-mixin-0.13.4+mixin.0.8.5.jar%23103!/ Service=ModLauncher Env=CLIENT
[12:16:11] [main/DEBUG] (mixin) Initialising Mixin Platform Manager
[12:16:11] [main/DEBUG] (mixin) Adding mixin platform agents for container ModLauncher Root Container(ModLauncher:4f56a0a2)
[12:16:11] [main/DEBUG] (mixin) Instancing new MixinPlatformAgentMinecraftForge for ModLauncher Root Container(ModLauncher:4f56a0a2)
[12:16:11] [main/DEBUG] (mixin) MixinPlatformAgentMinecraftForge rejected container ModLauncher Root Container(ModLauncher:4f56a0a2)
[12:16:11] [main/DEBUG] (mixin) Instancing new MixinPlatformAgentDefault for ModLauncher Root Container(ModLauncher:4f56a0a2)
[12:16:11] [main/DEBUG] (mixin) MixinPlatformAgentDefault accepted container ModLauncher Root Container(ModLauncher:4f56a0a2)
[12:16:11] [main/DEBUG] (cpw.mods.modlauncher.TransformationServiceDecorator) Initialized transformation service mixin
[12:16:11] [main/DEBUG] (cpw.mods.modlauncher.TransformationServiceDecorator) Initializing transformation service mixin-synthetic-package
[12:16:11] [main/DEBUG] (cpw.mods.modlauncher.TransformationServiceDecorator) Initialized transformation service mixin-synthetic-package
[12:16:11] [main/DEBUG] (cpw.mods.modlauncher.TransformationServiceDecorator) Initializing transformation service fml
[12:16:11] [main/DEBUG] (net.neoforged.fml.loading.FMLServiceProvider) Setting up basic FML game directories
[12:16:11] [main/DEBUG] (net.neoforged.fml.loading.FMLPaths) Path GAMEDIR is E:\Minecraft Modding Workspaces\smart_pick-1.20.x\neoforge\run
[12:16:11] [main/DEBUG] (net.neoforged.fml.loading.FMLPaths) Path MODSDIR is E:\Minecraft Modding Workspaces\smart_pick-1.20.x\neoforge\run\mods
[12:16:11] [main/DEBUG] (net.neoforged.fml.loading.FMLPaths) Path CONFIGDIR is E:\Minecraft Modding Workspaces\smart_pick-1.20.x\neoforge\run\config
[12:16:11] [main/DEBUG] (net.neoforged.fml.loading.FMLPaths) Path FMLCONFIG is E:\Minecraft Modding Workspaces\smart_pick-1.20.x\neoforge\run\config\fml.toml
[12:16:11] [main/DEBUG] (net.neoforged.fml.loading.FMLServiceProvider) Loading configuration
[12:16:11] [main/DEBUG] (net.neoforged.fml.loading.FMLServiceProvider) Preparing ModFile
[12:16:11] [main/DEBUG] (net.neoforged.fml.loading.FMLServiceProvider) Preparing launch handler
[12:16:11] [main/DEBUG] (net.neoforged.fml.loading.FMLLoader) Using forgeclientuserdev as launch service
[12:16:11] [main/DEBUG] (net.neoforged.fml.loading.FMLLoader) Received command line version data  : VersionInfo[neoForgeVersion=20.4.251, fmlVersion=2.0.17, mcVersion=1.20.4, neoFormVersion=20240627.114801]
[12:16:11] [main/DEBUG] (net.neoforged.fml.common.asm.RuntimeDistCleaner) Configuring for Dist CLIENT
[12:16:11] [main/DEBUG] (cpw.mods.modlauncher.TransformationServiceDecorator) Initialized transformation service fml
[12:16:11] [main/DEBUG] (cpw.mods.modlauncher.NameMappingServiceHandler) Current naming domain is 'mcp'
[12:16:11] [main/DEBUG] (cpw.mods.modlauncher.NameMappingServiceHandler) Identified name mapping providers {}
[12:16:11] [main/DEBUG] (cpw.mods.modlauncher.TransformationServicesHandler) Transformation services begin scanning
[12:16:11] [main/DEBUG] (cpw.mods.modlauncher.TransformationServiceDecorator) Beginning scan trigger - transformation service mixin
[12:16:11] [main/DEBUG] (cpw.mods.modlauncher.TransformationServiceDecorator) End scan trigger - transformation service mixin
[12:16:11] [main/DEBUG] (cpw.mods.modlauncher.TransformationServiceDecorator) Beginning scan trigger - transformation service mixin-synthetic-package
[12:16:11] [main/DEBUG] (cpw.mods.modlauncher.TransformationServiceDecorator) End scan trigger - transformation service mixin-synthetic-package
[12:16:11] [main/DEBUG] (cpw.mods.modlauncher.TransformationServiceDecorator) Beginning scan trigger - transformation service fml
[12:16:11] [main/DEBUG] (net.neoforged.fml.loading.FMLServiceProvider) Initiating mod scan
[12:16:11] [main/DEBUG] (net.neoforged.fml.loading.FMLLoader) Scanning for Mod Locators
[12:16:11] [main/DEBUG] (net.neoforged.fml.loading.moddiscovery.ModListHandler) Found mod coordinates from lists: []
[12:16:11] [main/DEBUG] (net.neoforged.fml.loading.moddiscovery.ModDiscoverer) Found Mod Locators : (mods folder:2.0),(maven libs:2.0),(exploded directory:2.0),(minecraft:2.0),(userdev classpath:2.0),(builtin game layer libraries:2.0)
[12:16:11] [main/DEBUG] (net.neoforged.fml.loading.moddiscovery.ModDiscoverer) Found Dependency Locators : (JarInJar:2.0)
[12:16:11] [main/DEBUG] (net.neoforged.fml.loading.moddiscovery.ModDiscoverer) Scanning for mods and other resources to load. We know 6 ways to find mods
[12:16:11] [main/DEBUG] (net.neoforged.fml.loading.moddiscovery.ModDiscoverer) Trying locator {mods folder locator at E:\Minecraft Modding Workspaces\smart_pick-1.20.x\neoforge\run\mods}
[12:16:11] [main/DEBUG] (net.neoforged.fml.loading.moddiscovery.ModsFolderLocator) Scanning mods dir E:\Minecraft Modding Workspaces\smart_pick-1.20.x\neoforge\run\mods for mods
[12:16:11] [main/DEBUG] (net.neoforged.fml.loading.moddiscovery.ModDiscoverer) Locator {mods folder locator at E:\Minecraft Modding Workspaces\smart_pick-1.20.x\neoforge\run\mods} found 0 candidates or errors
[12:16:11] [main/DEBUG] (net.neoforged.fml.loading.moddiscovery.ModDiscoverer) Locator {mods folder locator at E:\Minecraft Modding Workspaces\smart_pick-1.20.x\neoforge\run\mods} found 0 valid mod files
[12:16:11] [main/DEBUG] (net.neoforged.fml.loading.moddiscovery.ModDiscoverer) Trying locator {Maven Directory locator for mods []}
[12:16:11] [main/DEBUG] (net.neoforged.fml.loading.moddiscovery.ModDiscoverer) Locator {Maven Directory locator for mods []} found 0 candidates or errors
[12:16:11] [main/DEBUG] (net.neoforged.fml.loading.moddiscovery.ModDiscoverer) Locator {Maven Directory locator for mods []} found 0 valid mod files
[12:16:11] [main/DEBUG] (net.neoforged.fml.loading.moddiscovery.ModDiscoverer) Trying locator {ExplodedDir locator}
[12:16:11] [main/DEBUG] (net.neoforged.fml.loading.moddiscovery.ModDiscoverer) Locator {ExplodedDir locator} found 0 candidates or errors
[12:16:11] [main/DEBUG] (net.neoforged.fml.loading.moddiscovery.ModDiscoverer) Locator {ExplodedDir locator} found 0 valid mod files
[12:16:11] [main/DEBUG] (net.neoforged.fml.loading.moddiscovery.ModDiscoverer) Trying locator net.neoforged.fml.loading.moddiscovery.MinecraftLocator@124e538e
[12:16:11] [main/DEBUG] (net.neoforged.fml.loading.targets.CommonLaunchHandler) Got mod coordinates main%%E:\Minecraft Modding Workspaces\smart_pick-1.20.x\neoforge\build\resources\main;main%%E:\Minecraft Modding Workspaces\smart_pick-1.20.x\neoforge\build\classes\java\main;main%%E:\Minecraft Modding Workspaces\smart_pick-1.20.x\neoforge\out\production\classes;main%%E:\Minecraft Modding Workspaces\smart_pick-1.20.x\neoforge\out\production\resources from env
[12:16:11] [main/DEBUG] (net.neoforged.fml.loading.targets.CommonLaunchHandler) Found supplied mod coordinates [{main=[E:\Minecraft Modding Workspaces\smart_pick-1.20.x\neoforge\build\resources\main, E:\Minecraft Modding Workspaces\smart_pick-1.20.x\neoforge\build\classes\java\main, E:\Minecraft Modding Workspaces\smart_pick-1.20.x\neoforge\out\production\classes, E:\Minecraft Modding Workspaces\smart_pick-1.20.x\neoforge\out\production\resources]}]
[12:16:11] [pool-5-thread-1/INFO] (EARLYDISPLAY) GL info: NVIDIA GeForce RTX 3060/PCIe/SSE2 GL version 4.6.0 NVIDIA 566.36, NVIDIA Corporation
[12:16:11] [main/DEBUG] (net.neoforged.fml.loading.moddiscovery.ModFileInfo) Found valid mod file neoforge-20.4.251-minecraft-merged-1.20.4-loom.mappings.1_20_4.layered+hash.40359-v2-neoforge-20.4.251.jar with {minecraft} mods - versions {1.20.4}
[12:16:11] [main/DEBUG] (net.neoforged.fml.loading.moddiscovery.AbstractModProvider) Found META-INF/mods.toml mod of type null: [E:\Minecraft Modding Workspaces\smart_pick-1.20.x\neoforge\build\resources\main, E:\Minecraft Modding Workspaces\smart_pick-1.20.x\neoforge\build\classes\java\main, E:\Minecraft Modding Workspaces\smart_pick-1.20.x\neoforge\out\production\classes, E:\Minecraft Modding Workspaces\smart_pick-1.20.x\neoforge\out\production\resources]
[12:16:11] [main/DEBUG] (net.neoforged.fml.loading.moddiscovery.ModFileParser) Considering mod file candidate E:\Minecraft Modding Workspaces\smart_pick-1.20.x\neoforge\build\resources\main
[12:16:11] [main/DEBUG] (net.neoforged.fml.loading.moddiscovery.ModFileInfo) Found valid mod file main with {smart_pick} mods - versions {1.0.0-1.20.4}
[12:16:11] [main/DEBUG] (net.neoforged.fml.loading.moddiscovery.AbstractModProvider) Found META-INF/mods.toml mod of type null: []
[12:16:11] [main/DEBUG] (net.neoforged.fml.loading.moddiscovery.ModFileParser) Considering mod file candidate /
[12:16:12] [main/DEBUG] (net.neoforged.fml.loading.moddiscovery.ModFileInfo) Found valid mod file  with {neoforge} mods - versions {20.4.251}
[12:16:12] [main/DEBUG] (net.neoforged.fml.loading.moddiscovery.ModDiscoverer) Locator net.neoforged.fml.loading.moddiscovery.MinecraftLocator@124e538e found 3 candidates or errors
[12:16:12] [main/DEBUG] (net.neoforged.fml.loading.moddiscovery.ModDiscoverer) Locator net.neoforged.fml.loading.moddiscovery.MinecraftLocator@124e538e found 3 valid mod files
[12:16:12] [main/INFO] (net.neoforged.fml.loading.moddiscovery.ModDiscoverer) Found mod file "neoforge-20.4.251-minecraft-merged-1.20.4-loom.mappings.1_20_4.layered+hash.40359-v2-neoforge-20.4.251.jar" of type MOD with provider net.neoforged.fml.loading.moddiscovery.MinecraftLocator@124e538e
[12:16:12] [main/INFO] (net.neoforged.fml.loading.moddiscovery.ModDiscoverer) Found mod file "main" of type MOD with provider net.neoforged.fml.loading.moddiscovery.MinecraftLocator@124e538e
[12:16:12] [main/INFO] (net.neoforged.fml.loading.moddiscovery.ModDiscoverer) Found mod file "" of type MOD with provider net.neoforged.fml.loading.moddiscovery.MinecraftLocator@124e538e
[12:16:12] [main/DEBUG] (net.neoforged.fml.loading.moddiscovery.ModDiscoverer) Trying locator net.neoforged.fml.loading.moddiscovery.ClasspathLocator@792a9cb1
[12:16:12] [main/DEBUG] (net.neoforged.fml.loading.moddiscovery.AbstractModProvider) Found META-INF/mods.toml mod of type null: [E:\GradleFiles\caches\modules-2\files-2.1\me.shedaniel.cloth\cloth-config-neoforge\13.0.138\30c4be59949c3b8c19a0960b2844c0309270aad8\cloth-config-neoforge-13.0.138-neoforge.jar]
[12:16:12] [main/DEBUG] (net.neoforged.fml.loading.moddiscovery.ModFileParser) Considering mod file candidate E:\GradleFiles\caches\modules-2\files-2.1\me.shedaniel.cloth\cloth-config-neoforge\13.0.138\30c4be59949c3b8c19a0960b2844c0309270aad8\cloth-config-neoforge-13.0.138-neoforge.jar
[12:16:12] [main/DEBUG] (net.neoforged.fml.loading.moddiscovery.ModFileInfo) Found valid mod file cloth-config-neoforge-13.0.138-neoforge.jar with {cloth_config} mods - versions {13.0.138}
[12:16:12] [main/DEBUG] (net.neoforged.fml.loading.moddiscovery.AbstractModProvider) Found META-INF/mods.toml mod of type null: [C:\Users\User\AppData\Local\Temp\6371998207835457742.jar]
[12:16:12] [main/DEBUG] (net.neoforged.fml.loading.moddiscovery.ModFileParser) Considering mod file candidate C:\Users\User\AppData\Local\Temp\6371998207835457742.jar
[12:16:12] [main/DEBUG] (net.neoforged.fml.loading.moddiscovery.ModFileInfo) Found valid mod file 6371998207835457742.jar with {generated_f4e6c1b} mods - versions {1}
[12:16:12] [main/DEBUG] (net.neoforged.fml.loading.moddiscovery.AbstractModProvider) Found META-INF/mods.toml mod of type null: [E:\GradleFiles\caches\modules-2\files-2.1\me.shedaniel.cloth\cloth-config-neoforge\13.0.138\30c4be59949c3b8c19a0960b2844c0309270aad8\cloth-config-neoforge-13.0.138-neoforge.jar]
[12:16:12] [main/DEBUG] (net.neoforged.fml.loading.moddiscovery.ModFileParser) Considering mod file candidate E:\GradleFiles\caches\modules-2\files-2.1\me.shedaniel.cloth\cloth-config-neoforge\13.0.138\30c4be59949c3b8c19a0960b2844c0309270aad8\cloth-config-neoforge-13.0.138-neoforge.jar
[12:16:12] [main/DEBUG] (net.neoforged.fml.loading.moddiscovery.ModFileInfo) Found valid mod file cloth-config-neoforge-13.0.138-neoforge.jar with {cloth_config} mods - versions {13.0.138}
[12:16:12] [main/DEBUG] (net.neoforged.fml.loading.moddiscovery.AbstractModProvider) Found META-INF/mods.toml mod of type null: [C:\Users\User\AppData\Local\Temp\6371998207835457742.jar]
[12:16:12] [main/DEBUG] (net.neoforged.fml.loading.moddiscovery.ModFileParser) Considering mod file candidate C:\Users\User\AppData\Local\Temp\6371998207835457742.jar
[12:16:12] [main/DEBUG] (net.neoforged.fml.loading.moddiscovery.ModFileInfo) Found valid mod file 6371998207835457742.jar with {generated_f4e6c1b} mods - versions {1}
[12:16:12] [main/DEBUG] (net.neoforged.fml.loading.moddiscovery.ModDiscoverer) Locator net.neoforged.fml.loading.moddiscovery.ClasspathLocator@792a9cb1 found 8 candidates or errors
[12:16:12] [main/DEBUG] (net.neoforged.fml.loading.moddiscovery.ModDiscoverer) Locator net.neoforged.fml.loading.moddiscovery.ClasspathLocator@792a9cb1 found 4 invalid mod files
[12:16:12] [main/DEBUG] (net.neoforged.fml.loading.moddiscovery.ModDiscoverer) Locator net.neoforged.fml.loading.moddiscovery.ClasspathLocator@792a9cb1 found 4 valid mod files
[12:16:12] [main/INFO] (net.neoforged.fml.loading.moddiscovery.ModDiscoverer) Found mod file "cloth-config-neoforge-13.0.138-neoforge.jar" of type MOD with provider net.neoforged.fml.loading.moddiscovery.ClasspathLocator@792a9cb1
[12:16:12] [main/INFO] (net.neoforged.fml.loading.moddiscovery.ModDiscoverer) Found mod file "6371998207835457742.jar" of type MOD with provider net.neoforged.fml.loading.moddiscovery.ClasspathLocator@792a9cb1
[12:16:12] [main/INFO] (net.neoforged.fml.loading.moddiscovery.ModDiscoverer) Found mod file "cloth-config-neoforge-13.0.138-neoforge.jar" of type MOD with provider net.neoforged.fml.loading.moddiscovery.ClasspathLocator@792a9cb1
[12:16:12] [main/INFO] (net.neoforged.fml.loading.moddiscovery.ModDiscoverer) Found mod file "6371998207835457742.jar" of type MOD with provider net.neoforged.fml.loading.moddiscovery.ClasspathLocator@792a9cb1
[12:16:12] [main/DEBUG] (net.neoforged.fml.loading.moddiscovery.ModDiscoverer) Trying locator net.neoforged.fml.loading.moddiscovery.BuiltinGameLibraryLocator@6fa98e98
[12:16:12] [main/DEBUG] (net.neoforged.fml.loading.moddiscovery.ModDiscoverer) Locator net.neoforged.fml.loading.moddiscovery.BuiltinGameLibraryLocator@6fa98e98 found 0 candidates or errors
[12:16:12] [main/DEBUG] (net.neoforged.fml.loading.moddiscovery.ModDiscoverer) Locator net.neoforged.fml.loading.moddiscovery.BuiltinGameLibraryLocator@6fa98e98 found 0 valid mod files
[12:16:12] [main/DEBUG] (net.neoforged.fml.loading.UniqueModListBuilder) Found 2 mods for first modid cloth_config, selecting most recent based on version data
[12:16:12] [main/DEBUG] (net.neoforged.fml.loading.UniqueModListBuilder) Selected file cloth-config-neoforge-13.0.138-neoforge.jar for modid cloth_config with version 13.0.138
[12:16:12] [main/DEBUG] (net.neoforged.fml.loading.UniqueModListBuilder) Found 2 mods for first modid generated_f4e6c1b, selecting most recent based on version data
[12:16:12] [main/DEBUG] (net.neoforged.fml.loading.UniqueModListBuilder) Selected file 6371998207835457742.jar for modid generated_f4e6c1b with version 1
[12:16:12] [main/DEBUG] (net.neoforged.fml.loading.moddiscovery.ModDiscoverer) Successfully Loaded 5 mods. Attempting to load dependencies...
[12:16:12] [main/DEBUG] (net.neoforged.fml.loading.moddiscovery.ModDiscoverer) Trying locator net.neoforged.fml.loading.moddiscovery.JarInJarDependencyLocator@276ac94c
[12:16:12] [main/DEBUG] (net.neoforged.fml.loading.moddiscovery.AbstractModProvider) Found META-INF/MANIFEST.MF mod of type GAMELIBRARY: []
[12:16:12] [main/DEBUG] (net.neoforged.fml.loading.moddiscovery.AbstractModProvider) Found META-INF/MANIFEST.MF mod of type GAMELIBRARY: []
[12:16:12] [main/DEBUG] (net.neoforged.fml.loading.moddiscovery.AbstractModProvider) Found META-INF/MANIFEST.MF mod of type GAMELIBRARY: []
[12:16:12] [main/INFO] (net.neoforged.fml.loading.moddiscovery.JarInJarDependencyLocator) Found 1 dependencies adding them to mods collection
[12:16:12] [main/INFO] (net.neoforged.fml.loading.moddiscovery.ModDiscoverer) Found mod file "mixinextras-neoforge-0.4.1.jar" of type GAMELIBRARY with provider net.neoforged.fml.loading.moddiscovery.JarInJarDependencyLocator@276ac94c
[12:16:12] [main/DEBUG] (net.neoforged.fml.loading.moddiscovery.ModFileInfo) Found valid mod file neoforge-20.4.251-minecraft-merged-1.20.4-loom.mappings.1_20_4.layered+hash.40359-v2-neoforge-20.4.251.jar with {minecraft} mods - versions {1.20.4}
[12:16:12] [main/DEBUG] (net.neoforged.fml.loading.moddiscovery.ModFile) Loading mod file E:\GradleFiles\caches\fabric-loom\minecraftMaven\net\minecraft\neoforge-20.4.251-minecraft-merged\1.20.4-loom.mappings.1_20_4.layered+hash.40359-v2-neoforge-20.4.251\neoforge-20.4.251-minecraft-merged-1.20.4-loom.mappings.1_20_4.layered+hash.40359-v2-neoforge-20.4.251.jar with languages [LanguageSpec[languageName=minecraft, acceptedVersions=1]]
[12:16:12] [main/DEBUG] (net.neoforged.fml.loading.moddiscovery.ModFileParser) Considering mod file candidate E:\GradleFiles\caches\modules-2\files-2.1\me.shedaniel.cloth\cloth-config-neoforge\13.0.138\30c4be59949c3b8c19a0960b2844c0309270aad8\cloth-config-neoforge-13.0.138-neoforge.jar
[12:16:12] [main/DEBUG] (net.neoforged.fml.loading.moddiscovery.ModFileInfo) Found valid mod file cloth-config-neoforge-13.0.138-neoforge.jar with {cloth_config} mods - versions {13.0.138}
[12:16:12] [main/DEBUG] (net.neoforged.fml.loading.moddiscovery.ModFile) Loading mod file E:\GradleFiles\caches\modules-2\files-2.1\me.shedaniel.cloth\cloth-config-neoforge\13.0.138\30c4be59949c3b8c19a0960b2844c0309270aad8\cloth-config-neoforge-13.0.138-neoforge.jar with languages [LanguageSpec[languageName=javafml, acceptedVersions=[1,)]]
[12:16:12] [main/DEBUG] (net.neoforged.fml.loading.moddiscovery.ModFileParser) Considering mod file candidate C:\Users\User\AppData\Local\Temp\6371998207835457742.jar
[12:16:12] [main/DEBUG] (net.neoforged.fml.loading.moddiscovery.ModFileInfo) Found valid mod file 6371998207835457742.jar with {generated_f4e6c1b} mods - versions {1}
[12:16:12] [main/DEBUG] (net.neoforged.fml.loading.moddiscovery.ModFile) Loading mod file C:\Users\User\AppData\Local\Temp\6371998207835457742.jar with languages [LanguageSpec[languageName=javafml, acceptedVersions=[1,)]]
[12:16:12] [main/DEBUG] (net.neoforged.fml.loading.moddiscovery.ModFileParser) Considering mod file candidate E:\Minecraft Modding Workspaces\smart_pick-1.20.x\neoforge\build\resources\main
[12:16:12] [main/DEBUG] (net.neoforged.fml.loading.moddiscovery.ModFileInfo) Found valid mod file main with {smart_pick} mods - versions {1.0.0-1.20.4}
[12:16:12] [main/DEBUG] (net.neoforged.fml.loading.moddiscovery.ModFile) Loading mod file E:\Minecraft Modding Workspaces\smart_pick-1.20.x\neoforge\build\resources\main with languages [LanguageSpec[languageName=javafml, acceptedVersions=[2,)]]
[12:16:12] [main/DEBUG] (net.neoforged.fml.loading.moddiscovery.ModFile) Found mixin config smart_pick.mixins.json
[12:16:12] [main/DEBUG] (net.neoforged.fml.loading.moddiscovery.ModFileParser) Considering mod file candidate /
[12:16:12] [main/DEBUG] (net.neoforged.fml.loading.moddiscovery.ModFileInfo) Found valid mod file  with {neoforge} mods - versions {20.4.251}
[12:16:12] [main/DEBUG] (net.neoforged.fml.loading.moddiscovery.ModFile) Loading mod file / with languages [LanguageSpec[languageName=javafml, acceptedVersions=[1,]]]
[12:16:12] [main/DEBUG] (net.neoforged.fml.loading.moddiscovery.ModFileParser) Found coremod field_to_method with Javascript path coremods/field_to_method.js
[12:16:12] [main/DEBUG] (net.neoforged.fml.loading.moddiscovery.ModFileParser) Found coremod field_to_instanceof with Javascript path coremods/field_to_instanceof.js
[12:16:12] [main/DEBUG] (net.neoforged.fml.loading.moddiscovery.ModFileParser) Found coremod add_bouncer_method with Javascript path coremods/add_bouncer_method.js
[12:16:12] [main/DEBUG] (net.neoforged.fml.loading.moddiscovery.ModFileParser) Found coremod method_redirector with Javascript path coremods/method_redirector.js
[12:16:12] [main/DEBUG] (net.neoforged.fml.loading.moddiscovery.ModFile) Found coremod coremods/field_to_method.js
[12:16:12] [main/DEBUG] (net.neoforged.fml.loading.moddiscovery.ModFile) Found coremod coremods/field_to_instanceof.js
[12:16:12] [main/DEBUG] (net.neoforged.fml.loading.moddiscovery.ModFile) Found coremod coremods/add_bouncer_method.js
[12:16:12] [main/DEBUG] (net.neoforged.fml.loading.moddiscovery.ModFile) Found coremod coremods/method_redirector.js
[12:16:12] [main/DEBUG] (net.neoforged.fml.loading.moddiscovery.ModFile) Loading mod file  with languages []
[12:16:12] [main/DEBUG] (net.neoforged.fml.loading.moddiscovery.ModValidator) Found 6 mod files with 5 mods
[12:16:12] [main/DEBUG] (cpw.mods.modlauncher.TransformationServiceDecorator) End scan trigger - transformation service fml
[12:16:12] [main/DEBUG] (net.neoforged.fml.loading.LanguageLoadingProvider) Found 3 language providers
[12:16:12] [main/DEBUG] (net.neoforged.fml.loading.LanguageLoadingProvider) Found language provider javafml, version 2.0
[12:16:12] [main/DEBUG] (net.neoforged.fml.loading.LanguageLoadingProvider) Found language provider lowcodefml, version 2.0
[12:16:12] [main/DEBUG] (net.neoforged.fml.loading.LanguageLoadingProvider) Found language provider minecraft, version 2.0
[12:16:12] [main/DEBUG] (net.neoforged.fml.loading.ModSorter) Configured system mods: [minecraft, neoforge]
[12:16:12] [main/DEBUG] (net.neoforged.fml.loading.ModSorter) Found system mod: minecraft
[12:16:12] [main/DEBUG] (net.neoforged.fml.loading.ModSorter) Found system mod: neoforge
[12:16:12] [main/DEBUG] (net.neoforged.fml.loading.ModSorter) Found 4 mod requirements (4 mandatory, 0 optional)
[12:16:12] [main/DEBUG] (net.neoforged.fml.loading.ModSorter) Found 0 mod requirements missing (0 mandatory, 0 optional)
[12:16:12] [main/DEBUG] (net.neoforged.fml.loading.FMLLoader) Adding Access Transformer in E:\GradleFiles\caches\fabric-loom\minecraftMaven\net\minecraft\neoforge-20.4.251-minecraft-merged\1.20.4-loom.mappings.1_20_4.layered+hash.40359-v2-neoforge-20.4.251\neoforge-20.4.251-minecraft-merged-1.20.4-loom.mappings.1_20_4.layered+hash.40359-v2-neoforge-20.4.251.jar
[12:16:12] [main/DEBUG] (AXFORM) Loading access transformer accesstransformer.cfg
[12:16:12] [main/DEBUG] (AXFORM) Loaded access transformer accesstransformer.cfg
[12:16:12] [main/DEBUG] (net.neoforged.fml.loading.FMLLoader) Adding Access Transformer in E:\GradleFiles\caches\modules-2\files-2.1\me.shedaniel.cloth\cloth-config-neoforge\13.0.138\30c4be59949c3b8c19a0960b2844c0309270aad8\cloth-config-neoforge-13.0.138-neoforge.jar
[12:16:12] [main/DEBUG] (AXFORM) Loading access transformer accesstransformer.cfg
[12:16:12] [main/DEBUG] (AXFORM) Loaded access transformer accesstransformer.cfg
[12:16:12] [main/DEBUG] (net.neoforged.fml.loading.FMLLoader) Adding Access Transformer in /
[12:16:12] [main/DEBUG] (AXFORM) Loading access transformer accesstransformer.cfg
[12:16:12] [main/DEBUG] (AXFORM) Loaded access transformer accesstransformer.cfg
[12:16:12] [main/DEBUG] (mixin) Adding mixin platform agents for container net.neoforged.fml.loading.mixin.FMLMixinContainerHandle@5b810b54
[12:16:12] [main/DEBUG] (mixin) Instancing new MixinPlatformAgentMinecraftForge for net.neoforged.fml.loading.mixin.FMLMixinContainerHandle@5b810b54
[12:16:12] [main/DEBUG] (mixin) MixinPlatformAgentMinecraftForge rejected container net.neoforged.fml.loading.mixin.FMLMixinContainerHandle@5b810b54
[12:16:12] [main/DEBUG] (mixin) Instancing new MixinPlatformAgentDefault for net.neoforged.fml.loading.mixin.FMLMixinContainerHandle@5b810b54
[12:16:12] [main/DEBUG] (mixin) MixinPlatformAgentDefault accepted container net.neoforged.fml.loading.mixin.FMLMixinContainerHandle@5b810b54
[12:16:12] [main/DEBUG] (mixin) Instancing new FMLMixinPlatformAgent for net.neoforged.fml.loading.mixin.FMLMixinContainerHandle@5b810b54
[12:16:12] [main/DEBUG] (mixin) FMLMixinPlatformAgent accepted container net.neoforged.fml.loading.mixin.FMLMixinContainerHandle@5b810b54
[12:16:12] [background-scan-handler-0/DEBUG] (net.neoforged.fml.loading.moddiscovery.MinecraftLocator) Scan started: Mod File: E:\GradleFiles\caches\fabric-loom\minecraftMaven\net\minecraft\neoforge-20.4.251-minecraft-merged\1.20.4-loom.mappings.1_20_4.layered+hash.40359-v2-neoforge-20.4.251\neoforge-20.4.251-minecraft-merged-1.20.4-loom.mappings.1_20_4.layered+hash.40359-v2-neoforge-20.4.251.jar
[12:16:12] [background-scan-handler-1/DEBUG] (net.neoforged.fml.loading.moddiscovery.AbstractJarFileModProvider) Scan started: Mod File: E:\GradleFiles\caches\modules-2\files-2.1\me.shedaniel.cloth\cloth-config-neoforge\13.0.138\30c4be59949c3b8c19a0960b2844c0309270aad8\cloth-config-neoforge-13.0.138-neoforge.jar
[12:16:12] [background-scan-handler-2/DEBUG] (net.neoforged.fml.loading.moddiscovery.AbstractJarFileModProvider) Scan started: Mod File: C:\Users\User\AppData\Local\Temp\6371998207835457742.jar
[12:16:12] [background-scan-handler-3/DEBUG] (net.neoforged.fml.loading.moddiscovery.MinecraftLocator) Scan started: Mod File: /
[12:16:12] [background-scan-handler-4/DEBUG] (net.neoforged.fml.loading.moddiscovery.MinecraftLocator) Scan started: Mod File: E:\Minecraft Modding Workspaces\smart_pick-1.20.x\neoforge\build\resources\main
[12:16:12] [main/DEBUG] (cpw.mods.modlauncher.TransformationServicesHandler) Transformation services loading transformers
[12:16:12] [main/DEBUG] (cpw.mods.modlauncher.TransformationServiceDecorator) Initializing transformers for transformation service mixin
[12:16:12] [main/DEBUG] (cpw.mods.modlauncher.TransformationServiceDecorator) Initialized transformers for transformation service mixin
[12:16:12] [main/DEBUG] (cpw.mods.modlauncher.TransformationServiceDecorator) Initializing transformers for transformation service mixin-synthetic-package
[12:16:12] [main/DEBUG] (cpw.mods.modlauncher.TransformationServiceDecorator) Initialized transformers for transformation service mixin-synthetic-package
[12:16:12] [main/DEBUG] (cpw.mods.modlauncher.TransformationServiceDecorator) Initializing transformers for transformation service fml
[12:16:12] [main/DEBUG] (net.neoforged.fml.loading.FMLServiceProvider) Loading coremod transformers
[12:16:12] [main/DEBUG] (net.neoforged.coremod.CoreModEngine) Loading CoreMod from coremods/field_to_method.js
[12:16:12] [background-scan-handler-2/DEBUG] (net.neoforged.fml.loading.moddiscovery.AbstractJarFileModProvider) Scan finished: Mod File: C:\Users\User\AppData\Local\Temp\6371998207835457742.jar
[12:16:12] [background-scan-handler-2/DEBUG] (net.neoforged.fml.loading.moddiscovery.Scanner) Scanning C:\Users\User\AppData\Local\Temp\6371998207835457742.jar with language loader javafml
[12:16:12] [background-scan-handler-4/DEBUG] (net.neoforged.fml.loading.moddiscovery.MinecraftLocator) Scan finished: Mod File: E:\Minecraft Modding Workspaces\smart_pick-1.20.x\neoforge\build\resources\main
[12:16:12] [background-scan-handler-4/DEBUG] (net.neoforged.fml.loading.moddiscovery.Scanner) Scanning E:\Minecraft Modding Workspaces\smart_pick-1.20.x\neoforge\build\resources\main with language loader javafml
[12:16:12] [background-scan-handler-4/DEBUG] (net.neoforged.fml.javafmlmod.FMLJavaModLanguageProvider) Found @Mod class dev.dacommander31.smart_pick.SmartPickClient with id smart_pick
[12:16:12] [background-scan-handler-2/DEBUG] (net.neoforged.fml.javafmlmod.FMLJavaModLanguageProvider) Found @Mod class generatedgenerated_f4e6c1b.generated_f4e6c1b with id generated_f4e6c1b
[12:16:12] [background-scan-handler-1/DEBUG] (net.neoforged.fml.loading.moddiscovery.AbstractJarFileModProvider) Scan finished: Mod File: E:\GradleFiles\caches\modules-2\files-2.1\me.shedaniel.cloth\cloth-config-neoforge\13.0.138\30c4be59949c3b8c19a0960b2844c0309270aad8\cloth-config-neoforge-13.0.138-neoforge.jar
[12:16:12] [background-scan-handler-1/DEBUG] (net.neoforged.fml.loading.moddiscovery.Scanner) Scanning E:\GradleFiles\caches\modules-2\files-2.1\me.shedaniel.cloth\cloth-config-neoforge\13.0.138\30c4be59949c3b8c19a0960b2844c0309270aad8\cloth-config-neoforge-13.0.138-neoforge.jar with language loader javafml
[12:16:12] [background-scan-handler-1/DEBUG] (net.neoforged.fml.javafmlmod.FMLJavaModLanguageProvider) Found @Mod class me.shedaniel.clothconfig.ClothConfigForge with id cloth_config
[12:16:12] [main/DEBUG] (net.neoforged.coremod.CoreModEngine) CoreMod loaded successfully
[12:16:12] [main/DEBUG] (net.neoforged.coremod.CoreModEngine) Loading CoreMod from coremods/field_to_instanceof.js
[12:16:12] [background-scan-handler-3/DEBUG] (net.neoforged.fml.loading.moddiscovery.MinecraftLocator) Scan finished: Mod File: /
[12:16:12] [background-scan-handler-3/DEBUG] (net.neoforged.fml.loading.moddiscovery.Scanner) Scanning / with language loader javafml
[12:16:12] [background-scan-handler-3/DEBUG] (net.neoforged.fml.javafmlmod.FMLJavaModLanguageProvider) Found @Mod class net.neoforged.neoforge.common.NeoForgeMod with id neoforge
[12:16:12] [main/DEBUG] (net.neoforged.coremod.CoreModEngine) CoreMod loaded successfully
[12:16:12] [main/DEBUG] (net.neoforged.coremod.CoreModEngine) Loading CoreMod from coremods/add_bouncer_method.js
[12:16:13] [main/DEBUG] (net.neoforged.coremod.CoreModEngine) CoreMod loaded successfully
[12:16:13] [main/DEBUG] (net.neoforged.coremod.CoreModEngine) Loading CoreMod from coremods/method_redirector.js
[12:16:13] [main/DEBUG] (net.neoforged.coremod.CoreModEngine) CoreMod loaded successfully
[12:16:13] [main/DEBUG] (cpw.mods.modlauncher.TransformStore) Adding transformer net.neoforged.coremod.transformer.CoreModClassTransformer@65d28ad4 to Target : CLASS {Lnet/minecraft/world/level/biome/Biome;} {} {V}
[12:16:13] [main/DEBUG] (cpw.mods.modlauncher.TransformStore) Adding transformer net.neoforged.coremod.transformer.CoreModClassTransformer@247246ea to Target : CLASS {Lnet/minecraft/world/level/levelgen/structure/Structure;} {} {V}
[12:16:13] [main/DEBUG] (cpw.mods.modlauncher.TransformStore) Adding transformer net.neoforged.coremod.transformer.CoreModClassTransformer@43b45e77 to Target : CLASS {Lnet/minecraft/world/level/block/LiquidBlock;} {} {V}
[12:16:13] [main/DEBUG] (cpw.mods.modlauncher.TransformStore) Adding transformer net.neoforged.coremod.transformer.CoreModClassTransformer@71639428 to Target : CLASS {Lnet/minecraft/world/item/BucketItem;} {} {V}
[12:16:13] [main/DEBUG] (cpw.mods.modlauncher.TransformStore) Adding transformer net.neoforged.coremod.transformer.CoreModClassTransformer@26c9225a to Target : CLASS {Lnet/minecraft/world/level/block/StairBlock;} {} {V}
[12:16:13] [main/DEBUG] (cpw.mods.modlauncher.TransformStore) Adding transformer net.neoforged.coremod.transformer.CoreModClassTransformer@10ba757f to Target : CLASS {Lnet/minecraft/world/level/block/FlowerPotBlock;} {} {V}
[12:16:13] [main/DEBUG] (cpw.mods.modlauncher.TransformStore) Adding transformer net.neoforged.coremod.transformer.CoreModClassTransformer@711cd6f9 to Target : CLASS {Lnet/minecraft/network/play/client/CClientSettingsPacket;} {} {V}
[12:16:13] [main/DEBUG] (cpw.mods.modlauncher.TransformStore) Adding transformer net.neoforged.coremod.transformer.CoreModClassTransformer@1cb3de26 to Target : CLASS {Lnet/minecraft/world/level/levelgen/PatrolSpawner;} {} {V}
[12:16:13] [main/DEBUG] (cpw.mods.modlauncher.TransformStore) Adding transformer net.neoforged.coremod.transformer.CoreModClassTransformer@1cb3de26 to Target : CLASS {Lnet/minecraft/world/entity/animal/horse/SkeletonTrapGoal;} {} {V}
[12:16:13] [main/DEBUG] (cpw.mods.modlauncher.TransformStore) Adding transformer net.neoforged.coremod.transformer.CoreModClassTransformer@1cb3de26 to Target : CLASS {Lnet/minecraft/world/level/NaturalSpawner;} {} {V}
[12:16:13] [main/DEBUG] (cpw.mods.modlauncher.TransformStore) Adding transformer net.neoforged.coremod.transformer.CoreModClassTransformer@1cb3de26 to Target : CLASS {Lnet/minecraft/world/level/levelgen/structure/structures/WoodlandMansionPieces$WoodlandMansionPiece;} {} {V}
[12:16:13] [main/DEBUG] (cpw.mods.modlauncher.TransformStore) Adding transformer net.neoforged.coremod.transformer.CoreModClassTransformer@1cb3de26 to Target : CLASS {Lnet/minecraft/world/entity/npc/Villager;} {} {V}
[12:16:13] [main/DEBUG] (cpw.mods.modlauncher.TransformStore) Adding transformer net.neoforged.coremod.transformer.CoreModClassTransformer@1cb3de26 to Target : CLASS {Lnet/minecraft/world/entity/ai/village/VillageSiege;} {} {V}
[12:16:13] [main/DEBUG] (cpw.mods.modlauncher.TransformStore) Adding transformer net.neoforged.coremod.transformer.CoreModClassTransformer@1cb3de26 to Target : CLASS {Lnet/minecraft/server/commands/RaidCommand;} {} {V}
[12:16:13] [main/DEBUG] (cpw.mods.modlauncher.TransformStore) Adding transformer net.neoforged.coremod.transformer.CoreModClassTransformer@1cb3de26 to Target : CLASS {Lnet/minecraft/world/entity/monster/Evoker$EvokerSummonSpellGoal;} {} {V}
[12:16:13] [main/DEBUG] (cpw.mods.modlauncher.TransformStore) Adding transformer net.neoforged.coremod.transformer.CoreModClassTransformer@1cb3de26 to Target : CLASS {Lnet/minecraft/world/level/levelgen/structure/structures/OceanMonumentPieces$OceanMonumentPiece;} {} {V}
[12:16:13] [main/DEBUG] (cpw.mods.modlauncher.TransformStore) Adding transformer net.neoforged.coremod.transformer.CoreModClassTransformer@1cb3de26 to Target : CLASS {Lnet/minecraft/world/entity/raid/Raid;} {} {V}
[12:16:13] [main/DEBUG] (cpw.mods.modlauncher.TransformStore) Adding transformer net.neoforged.coremod.transformer.CoreModClassTransformer@1cb3de26 to Target : CLASS {Lnet/minecraft/world/entity/EntityType;} {} {V}
[12:16:13] [main/DEBUG] (cpw.mods.modlauncher.TransformStore) Adding transformer net.neoforged.coremod.transformer.CoreModClassTransformer@1cb3de26 to Target : CLASS {Lnet/minecraft/world/level/levelgen/structure/templatesystem/StructureTemplate;} {} {V}
[12:16:13] [main/DEBUG] (cpw.mods.modlauncher.TransformStore) Adding transformer net.neoforged.coremod.transformer.CoreModClassTransformer@1cb3de26 to Target : CLASS {Lnet/minecraft/world/level/levelgen/structure/structures/OceanRuinPieces$OceanRuinPiece;} {} {V}
[12:16:13] [main/DEBUG] (cpw.mods.modlauncher.TransformStore) Adding transformer net.neoforged.coremod.transformer.CoreModClassTransformer@1cb3de26 to Target : CLASS {Lnet/minecraft/world/entity/npc/CatSpawner;} {} {V}
[12:16:13] [main/DEBUG] (cpw.mods.modlauncher.TransformStore) Adding transformer net.neoforged.coremod.transformer.CoreModClassTransformer@1cb3de26 to Target : CLASS {Lnet/minecraft/world/level/levelgen/structure/structures/SwampHutPiece;} {} {V}
[12:16:13] [main/DEBUG] (cpw.mods.modlauncher.TransformStore) Adding transformer net.neoforged.coremod.transformer.CoreModClassTransformer@1cb3de26 to Target : CLASS {Lnet/minecraft/world/level/levelgen/PhantomSpawner;} {} {V}
[12:16:13] [main/DEBUG] (cpw.mods.modlauncher.TransformStore) Adding transformer net.neoforged.coremod.transformer.CoreModClassTransformer@1cb3de26 to Target : CLASS {Lnet/minecraft/server/commands/SummonCommand;} {} {V}
[12:16:13] [main/DEBUG] (cpw.mods.modlauncher.TransformStore) Adding transformer net.neoforged.coremod.transformer.CoreModClassTransformer@1cb3de26 to Target : CLASS {Lnet/minecraft/world/entity/monster/Spider;} {} {V}
[12:16:13] [main/DEBUG] (cpw.mods.modlauncher.TransformStore) Adding transformer net.neoforged.coremod.transformer.CoreModClassTransformer@1cb3de26 to Target : CLASS {Lnet/minecraft/world/entity/monster/ZombieVillager;} {} {V}
[12:16:13] [main/DEBUG] (cpw.mods.modlauncher.TransformStore) Adding transformer net.neoforged.coremod.transformer.CoreModClassTransformer@1cb3de26 to Target : CLASS {Lnet/minecraft/world/entity/monster/Zombie;} {} {V}
[12:16:13] [main/DEBUG] (cpw.mods.modlauncher.TransformStore) Adding transformer net.neoforged.coremod.transformer.CoreModClassTransformer@1cb3de26 to Target : CLASS {Lnet/minecraft/world/entity/monster/Strider;} {} {V}
[12:16:13] [main/DEBUG] (cpw.mods.modlauncher.TransformStore) Adding transformer net.neoforged.coremod.transformer.CoreModClassTransformer@1cb3de26 to Target : CLASS {Lnet/minecraft/world/entity/animal/frog/Tadpole;} {} {V}
[12:16:13] [main/DEBUG] (cpw.mods.modlauncher.TransformationServiceDecorator) Initialized transformers for transformation service fml
[12:16:13] [main/DEBUG] (mixin) Processing prepare() for PlatformAgent[MixinPlatformAgentDefault:ModLauncher Root Container(ModLauncher:4f56a0a2)]
[12:16:13] [main/DEBUG] (mixin) Processing prepare() for PlatformAgent[MixinPlatformAgentDefault:net.neoforged.fml.loading.mixin.FMLMixinContainerHandle@5b810b54]
[12:16:13] [main/DEBUG] (mixin) Processing prepare() for PlatformAgent[FMLMixinPlatformAgent:null]
[12:16:13] [main/DEBUG] (mixin) Compatibility level JAVA_17 specified by smart_pick.mixins.json is higher than the maximum level supported by this version of mixin (JAVA_13).
[12:16:13] [main/INFO] (mixin) Compatibility level set to JAVA_17
[12:16:13] [main/DEBUG] (mixin) Processing launch tasks for PlatformAgent[MixinPlatformAgentDefault:ModLauncher Root Container(ModLauncher:4f56a0a2)]
[12:16:13] [main/DEBUG] (mixin) Adding mixin platform agents for container SecureJarResource(mixinsynthetic)
[12:16:13] [main/DEBUG] (mixin) Instancing new MixinPlatformAgentMinecraftForge for SecureJarResource(mixinsynthetic)
[12:16:13] [main/DEBUG] (mixin) MixinPlatformAgentMinecraftForge rejected container SecureJarResource(mixinsynthetic)
[12:16:13] [main/DEBUG] (mixin) Instancing new MixinPlatformAgentDefault for SecureJarResource(mixinsynthetic)
[12:16:13] [main/DEBUG] (mixin) MixinPlatformAgentDefault accepted container SecureJarResource(mixinsynthetic)
[12:16:13] [main/DEBUG] (mixin) Instancing new FMLMixinPlatformAgent for SecureJarResource(mixinsynthetic)
[12:16:13] [main/DEBUG] (mixin) FMLMixinPlatformAgent rejected container SecureJarResource(mixinsynthetic)
[12:16:13] [main/DEBUG] (mixin) Processing prepare() for PlatformAgent[MixinPlatformAgentDefault:SecureJarResource(mixinsynthetic)]
[12:16:13] [main/DEBUG] (mixin) Adding mixin platform agents for container SecureJarResource(minecraft)
[12:16:13] [main/DEBUG] (mixin) Instancing new MixinPlatformAgentMinecraftForge for SecureJarResource(minecraft)
[12:16:13] [main/DEBUG] (mixin) MixinPlatformAgentMinecraftForge rejected container SecureJarResource(minecraft)
[12:16:13] [main/DEBUG] (mixin) Instancing new MixinPlatformAgentDefault for SecureJarResource(minecraft)
[12:16:13] [main/DEBUG] (mixin) MixinPlatformAgentDefault accepted container SecureJarResource(minecraft)
[12:16:13] [main/DEBUG] (mixin) Instancing new FMLMixinPlatformAgent for SecureJarResource(minecraft)
[12:16:13] [main/DEBUG] (mixin) FMLMixinPlatformAgent rejected container SecureJarResource(minecraft)
[12:16:13] [main/DEBUG] (mixin) Processing prepare() for PlatformAgent[MixinPlatformAgentDefault:SecureJarResource(minecraft)]
[12:16:13] [main/DEBUG] (mixin) Adding mixin platform agents for container SecureJarResource(cloth_config)
[12:16:13] [main/DEBUG] (mixin) Instancing new MixinPlatformAgentMinecraftForge for SecureJarResource(cloth_config)
[12:16:13] [main/DEBUG] (mixin) MixinPlatformAgentMinecraftForge rejected container SecureJarResource(cloth_config)
[12:16:13] [main/DEBUG] (mixin) Instancing new MixinPlatformAgentDefault for SecureJarResource(cloth_config)
[12:16:13] [main/DEBUG] (mixin) MixinPlatformAgentDefault accepted container SecureJarResource(cloth_config)
[12:16:13] [main/DEBUG] (mixin) Instancing new FMLMixinPlatformAgent for SecureJarResource(cloth_config)
[12:16:13] [main/DEBUG] (mixin) FMLMixinPlatformAgent rejected container SecureJarResource(cloth_config)
[12:16:13] [main/DEBUG] (mixin) Processing prepare() for PlatformAgent[MixinPlatformAgentDefault:SecureJarResource(cloth_config)]
[12:16:13] [main/DEBUG] (mixin) Adding mixin platform agents for container SecureJarResource(generated_f4e6c1b)
[12:16:13] [main/DEBUG] (mixin) Instancing new MixinPlatformAgentMinecraftForge for SecureJarResource(generated_f4e6c1b)
[12:16:13] [main/DEBUG] (mixin) MixinPlatformAgentMinecraftForge rejected container SecureJarResource(generated_f4e6c1b)
[12:16:13] [main/DEBUG] (mixin) Instancing new MixinPlatformAgentDefault for SecureJarResource(generated_f4e6c1b)
[12:16:13] [main/DEBUG] (mixin) MixinPlatformAgentDefault accepted container SecureJarResource(generated_f4e6c1b)
[12:16:13] [main/DEBUG] (mixin) Instancing new FMLMixinPlatformAgent for SecureJarResource(generated_f4e6c1b)
[12:16:13] [main/DEBUG] (mixin) FMLMixinPlatformAgent rejected container SecureJarResource(generated_f4e6c1b)
[12:16:13] [main/DEBUG] (mixin) Processing prepare() for PlatformAgent[MixinPlatformAgentDefault:SecureJarResource(generated_f4e6c1b)]
[12:16:13] [main/DEBUG] (mixin) Adding mixin platform agents for container SecureJarResource(neoforge)
[12:16:13] [main/DEBUG] (mixin) Instancing new MixinPlatformAgentMinecraftForge for SecureJarResource(neoforge)
[12:16:13] [main/DEBUG] (mixin) MixinPlatformAgentMinecraftForge rejected container SecureJarResource(neoforge)
[12:16:13] [main/DEBUG] (mixin) Instancing new MixinPlatformAgentDefault for SecureJarResource(neoforge)
[12:16:13] [main/DEBUG] (mixin) MixinPlatformAgentDefault accepted container SecureJarResource(neoforge)
[12:16:13] [main/DEBUG] (mixin) Instancing new FMLMixinPlatformAgent for SecureJarResource(neoforge)
[12:16:13] [main/DEBUG] (mixin) FMLMixinPlatformAgent rejected container SecureJarResource(neoforge)
[12:16:13] [main/DEBUG] (mixin) Processing prepare() for PlatformAgent[MixinPlatformAgentDefault:SecureJarResource(neoforge)]
[12:16:13] [main/DEBUG] (mixin) Adding mixin platform agents for container SecureJarResource(smart_pick)
[12:16:13] [main/DEBUG] (mixin) Instancing new MixinPlatformAgentMinecraftForge for SecureJarResource(smart_pick)
[12:16:13] [main/DEBUG] (mixin) MixinPlatformAgentMinecraftForge rejected container SecureJarResource(smart_pick)
[12:16:13] [main/DEBUG] (mixin) Instancing new MixinPlatformAgentDefault for SecureJarResource(smart_pick)
[12:16:13] [main/DEBUG] (mixin) MixinPlatformAgentDefault accepted container SecureJarResource(smart_pick)
[12:16:13] [main/DEBUG] (mixin) Instancing new FMLMixinPlatformAgent for SecureJarResource(smart_pick)
[12:16:13] [main/DEBUG] (mixin) FMLMixinPlatformAgent rejected container SecureJarResource(smart_pick)
[12:16:13] [main/DEBUG] (mixin) Processing prepare() for PlatformAgent[MixinPlatformAgentDefault:SecureJarResource(smart_pick)]
[12:16:13] [main/DEBUG] (mixin) Adding mixin platform agents for container SecureJarResource(mixinextras.neoforge)
[12:16:13] [main/DEBUG] (mixin) Instancing new MixinPlatformAgentMinecraftForge for SecureJarResource(mixinextras.neoforge)
[12:16:13] [main/DEBUG] (mixin) MixinPlatformAgentMinecraftForge rejected container SecureJarResource(mixinextras.neoforge)
[12:16:13] [main/DEBUG] (mixin) Instancing new MixinPlatformAgentDefault for SecureJarResource(mixinextras.neoforge)
[12:16:13] [main/DEBUG] (mixin) MixinPlatformAgentDefault accepted container SecureJarResource(mixinextras.neoforge)
[12:16:13] [main/DEBUG] (mixin) Instancing new FMLMixinPlatformAgent for SecureJarResource(mixinextras.neoforge)
[12:16:13] [main/DEBUG] (mixin) FMLMixinPlatformAgent rejected container SecureJarResource(mixinextras.neoforge)
[12:16:13] [main/DEBUG] (mixin) Processing prepare() for PlatformAgent[MixinPlatformAgentDefault:SecureJarResource(mixinextras.neoforge)]
[12:16:13] [main/DEBUG] (mixin) Registering mixin config: mixinextras.init.mixins.json
[12:16:13] [main/DEBUG] (mixin) inject() running with 9 agents
[12:16:13] [main/DEBUG] (mixin) Processing inject() for PlatformAgent[MixinPlatformAgentDefault:ModLauncher Root Container(ModLauncher:4f56a0a2)]
[12:16:13] [main/DEBUG] (mixin) Processing inject() for PlatformAgent[MixinPlatformAgentDefault:net.neoforged.fml.loading.mixin.FMLMixinContainerHandle@5b810b54]
[12:16:13] [main/DEBUG] (mixin) Processing inject() for PlatformAgent[FMLMixinPlatformAgent:null]
[12:16:13] [main/DEBUG] (mixin) Processing inject() for PlatformAgent[MixinPlatformAgentDefault:SecureJarResource(mixinsynthetic)]
[12:16:13] [main/DEBUG] (mixin) Processing inject() for PlatformAgent[MixinPlatformAgentDefault:SecureJarResource(minecraft)]
[12:16:13] [main/DEBUG] (mixin) Processing inject() for PlatformAgent[MixinPlatformAgentDefault:SecureJarResource(cloth_config)]
[12:16:13] [main/DEBUG] (mixin) Processing inject() for PlatformAgent[MixinPlatformAgentDefault:SecureJarResource(generated_f4e6c1b)]
[12:16:13] [main/DEBUG] (mixin) Processing inject() for PlatformAgent[MixinPlatformAgentDefault:SecureJarResource(neoforge)]
[12:16:13] [main/DEBUG] (mixin) Processing inject() for PlatformAgent[MixinPlatformAgentDefault:SecureJarResource(smart_pick)]
[12:16:13] [main/DEBUG] (mixin) Processing inject() for PlatformAgent[MixinPlatformAgentDefault:SecureJarResource(mixinextras.neoforge)]
[12:16:13] [main/INFO] (cpw.mods.modlauncher.LaunchServiceHandler) Launching target 'forgeclientuserdev' with arguments [--version, 20.4.251, --gameDir, ., --assetsDir, E:\GradleFiles\caches\fabric-loom\assets, --assetIndex, 1.20.4-12]
[12:16:13] [main/INFO] (unprotect) Found 7774 Minecraft classes
[12:16:13] [main/DEBUG] (cpw.mods.modlauncher.LaunchPluginHandler) LaunchPluginService {AFTER=[org.spongepowered.asm.launch.MixinLaunchPlugin@5af535ff, net.neoforged.fml.common.asm.RuntimeEnumExtender@60c3f653, net.neoforged.fml.common.asm.RuntimeDistCleaner@a8e649e]}
[12:16:13] [main/DEBUG] (cpw.mods.modlauncher.LaunchPluginHandler) Final flags state for net.neoforged.neoforge.client.loading.NeoForgeLoadingOverlay is 0
[12:16:13] [main/DEBUG] (cpw.mods.modlauncher.LaunchPluginHandler) LauncherPluginService mixin offering transform net.neoforged.neoforge.client.loading.NeoForgeLoadingOverlay
[12:16:13] [main/DEBUG] (mixin) Error cleaning class output directory: .mixin.out
[12:16:13] [main/DEBUG] (mixin) Preparing mixins for MixinEnvironment[DEFAULT]
[12:16:13] [main/DEBUG] (mixin) Selecting config smart_pick.mixins.json
[12:16:13] [main/DEBUG] (mixin) Selecting config mixinextras.init.mixins.json
[12:16:13] [main/DEBUG] (cpw.mods.modlauncher.LaunchPluginHandler) LaunchPluginService {AFTER=[org.spongepowered.asm.launch.MixinLaunchPlugin@5af535ff, net.neoforged.fml.common.asm.RuntimeEnumExtender@60c3f653, net.neoforged.fml.common.asm.RuntimeDistCleaner@a8e649e]}
[12:16:13] [main/DEBUG] (cpw.mods.modlauncher.LaunchPluginHandler) Final flags state for com.llamalad7.mixinextras.platform.neoforge.MixinExtrasConfigPlugin is 0
[12:16:13] [main/DEBUG] (cpw.mods.modlauncher.LaunchPluginHandler) LauncherPluginService mixin offering transform com.llamalad7.mixinextras.platform.neoforge.MixinExtrasConfigPlugin
[12:16:13] [main/DEBUG] (cpw.mods.modlauncher.LaunchPluginHandler) LauncherPluginService runtime_enum_extender offering transform com.llamalad7.mixinextras.platform.neoforge.MixinExtrasConfigPlugin
[12:16:13] [main/DEBUG] (cpw.mods.modlauncher.LaunchPluginHandler) LauncherPluginService runtimedistcleaner offering transform com.llamalad7.mixinextras.platform.neoforge.MixinExtrasConfigPlugin
[12:16:13] [main/DEBUG] (cpw.mods.modlauncher.LaunchPluginHandler) Final flags state for com.llamalad7.mixinextras.platform.neoforge.MixinExtrasConfigPlugin is 0
[12:16:13] [main/DEBUG] (cpw.mods.modlauncher.LaunchPluginHandler) LaunchPluginService {AFTER=[org.spongepowered.asm.launch.MixinLaunchPlugin@5af535ff, net.neoforged.fml.common.asm.RuntimeEnumExtender@60c3f653, net.neoforged.fml.common.asm.RuntimeDistCleaner@a8e649e]}
[12:16:13] [main/DEBUG] (cpw.mods.modlauncher.LaunchPluginHandler) Final flags state for com.llamalad7.mixinextras.MixinExtrasBootstrap is 0
[12:16:13] [main/DEBUG] (cpw.mods.modlauncher.LaunchPluginHandler) LauncherPluginService mixin offering transform com.llamalad7.mixinextras.MixinExtrasBootstrap
[12:16:13] [main/DEBUG] (cpw.mods.modlauncher.LaunchPluginHandler) LauncherPluginService runtime_enum_extender offering transform com.llamalad7.mixinextras.MixinExtrasBootstrap
[12:16:13] [main/DEBUG] (cpw.mods.modlauncher.LaunchPluginHandler) LauncherPluginService runtimedistcleaner offering transform com.llamalad7.mixinextras.MixinExtrasBootstrap
[12:16:13] [main/DEBUG] (cpw.mods.modlauncher.LaunchPluginHandler) Final flags state for com.llamalad7.mixinextras.MixinExtrasBootstrap is 0
[12:16:13] [main/DEBUG] (cpw.mods.modlauncher.LaunchPluginHandler) LaunchPluginService {AFTER=[org.spongepowered.asm.launch.MixinLaunchPlugin@5af535ff, net.neoforged.fml.common.asm.RuntimeEnumExtender@60c3f653, net.neoforged.fml.common.asm.RuntimeDistCleaner@a8e649e]}
[12:16:13] [main/DEBUG] (cpw.mods.modlauncher.LaunchPluginHandler) Final flags state for com.llamalad7.mixinextras.service.MixinExtrasService is 0
[12:16:13] [main/DEBUG] (cpw.mods.modlauncher.LaunchPluginHandler) LauncherPluginService mixin offering transform com.llamalad7.mixinextras.service.MixinExtrasService
[12:16:13] [main/DEBUG] (cpw.mods.modlauncher.LaunchPluginHandler) LauncherPluginService runtime_enum_extender offering transform com.llamalad7.mixinextras.service.MixinExtrasService
[12:16:13] [main/DEBUG] (cpw.mods.modlauncher.LaunchPluginHandler) LauncherPluginService runtimedistcleaner offering transform com.llamalad7.mixinextras.service.MixinExtrasService
[12:16:13] [main/DEBUG] (cpw.mods.modlauncher.LaunchPluginHandler) Final flags state for com.llamalad7.mixinextras.service.MixinExtrasService is 0
[12:16:13] [main/DEBUG] (cpw.mods.modlauncher.LaunchPluginHandler) LaunchPluginService {AFTER=[org.spongepowered.asm.launch.MixinLaunchPlugin@5af535ff, net.neoforged.fml.common.asm.RuntimeEnumExtender@60c3f653, net.neoforged.fml.common.asm.RuntimeDistCleaner@a8e649e]}
[12:16:13] [main/DEBUG] (cpw.mods.modlauncher.LaunchPluginHandler) Final flags state for com.llamalad7.mixinextras.utils.Blackboard is 0
[12:16:13] [main/DEBUG] (cpw.mods.modlauncher.LaunchPluginHandler) LauncherPluginService mixin offering transform com.llamalad7.mixinextras.utils.Blackboard
[12:16:13] [main/DEBUG] (cpw.mods.modlauncher.LaunchPluginHandler) LauncherPluginService runtime_enum_extender offering transform com.llamalad7.mixinextras.utils.Blackboard
[12:16:13] [main/DEBUG] (cpw.mods.modlauncher.LaunchPluginHandler) LauncherPluginService runtimedistcleaner offering transform com.llamalad7.mixinextras.utils.Blackboard
[12:16:13] [main/DEBUG] (cpw.mods.modlauncher.LaunchPluginHandler) Final flags state for com.llamalad7.mixinextras.utils.Blackboard is 0
[12:16:13] [main/DEBUG] (cpw.mods.modlauncher.LaunchPluginHandler) LaunchPluginService {AFTER=[org.spongepowered.asm.launch.MixinLaunchPlugin@5af535ff, net.neoforged.fml.common.asm.RuntimeEnumExtender@60c3f653, net.neoforged.fml.common.asm.RuntimeDistCleaner@a8e649e]}
[12:16:13] [main/DEBUG] (cpw.mods.modlauncher.LaunchPluginHandler) Final flags state for com.llamalad7.mixinextras.service.MixinExtrasServiceImpl is 0
[12:16:13] [main/DEBUG] (cpw.mods.modlauncher.LaunchPluginHandler) LauncherPluginService mixin offering transform com.llamalad7.mixinextras.service.MixinExtrasServiceImpl
[12:16:13] [main/DEBUG] (cpw.mods.modlauncher.LaunchPluginHandler) LauncherPluginService runtime_enum_extender offering transform com.llamalad7.mixinextras.service.MixinExtrasServiceImpl
[12:16:13] [main/DEBUG] (cpw.mods.modlauncher.LaunchPluginHandler) LauncherPluginService runtimedistcleaner offering transform com.llamalad7.mixinextras.service.MixinExtrasServiceImpl
[12:16:13] [main/DEBUG] (cpw.mods.modlauncher.LaunchPluginHandler) Final flags state for com.llamalad7.mixinextras.service.MixinExtrasServiceImpl is 0
[12:16:13] [main/DEBUG] (cpw.mods.modlauncher.LaunchPluginHandler) LaunchPluginService {AFTER=[org.spongepowered.asm.launch.MixinLaunchPlugin@5af535ff, net.neoforged.fml.common.asm.RuntimeEnumExtender@60c3f653, net.neoforged.fml.common.asm.RuntimeDistCleaner@a8e649e]}
[12:16:13] [main/DEBUG] (cpw.mods.modlauncher.LaunchPluginHandler) Final flags state for com.llamalad7.mixinextras.utils.MixinExtrasLogger is 0
[12:16:13] [main/DEBUG] (cpw.mods.modlauncher.LaunchPluginHandler) LauncherPluginService mixin offering transform com.llamalad7.mixinextras.utils.MixinExtrasLogger
[12:16:13] [main/DEBUG] (cpw.mods.modlauncher.LaunchPluginHandler) LauncherPluginService runtime_enum_extender offering transform com.llamalad7.mixinextras.utils.MixinExtrasLogger
[12:16:13] [main/DEBUG] (cpw.mods.modlauncher.LaunchPluginHandler) LauncherPluginService runtimedistcleaner offering transform com.llamalad7.mixinextras.utils.MixinExtrasLogger
[12:16:13] [main/DEBUG] (cpw.mods.modlauncher.LaunchPluginHandler) Final flags state for com.llamalad7.mixinextras.utils.MixinExtrasLogger is 0
[12:16:13] [main/DEBUG] (cpw.mods.modlauncher.LaunchPluginHandler) LaunchPluginService {AFTER=[org.spongepowered.asm.launch.MixinLaunchPlugin@5af535ff, net.neoforged.fml.common.asm.RuntimeEnumExtender@60c3f653, net.neoforged.fml.common.asm.RuntimeDistCleaner@a8e649e]}
[12:16:13] [main/DEBUG] (cpw.mods.modlauncher.LaunchPluginHandler) Final flags state for com.llamalad7.mixinextras.lib.apache.commons.StringUtils is 0
[12:16:13] [main/DEBUG] (cpw.mods.modlauncher.LaunchPluginHandler) LauncherPluginService mixin offering transform com.llamalad7.mixinextras.lib.apache.commons.StringUtils
[12:16:13] [main/DEBUG] (cpw.mods.modlauncher.LaunchPluginHandler) LauncherPluginService runtime_enum_extender offering transform com.llamalad7.mixinextras.lib.apache.commons.StringUtils
[12:16:13] [main/DEBUG] (cpw.mods.modlauncher.LaunchPluginHandler) LauncherPluginService runtimedistcleaner offering transform com.llamalad7.mixinextras.lib.apache.commons.StringUtils
[12:16:13] [main/DEBUG] (cpw.mods.modlauncher.LaunchPluginHandler) Final flags state for com.llamalad7.mixinextras.lib.apache.commons.StringUtils is 0
[12:16:13] [main/DEBUG] (cpw.mods.modlauncher.LaunchPluginHandler) LaunchPluginService {AFTER=[org.spongepowered.asm.launch.MixinLaunchPlugin@5af535ff, net.neoforged.fml.common.asm.RuntimeEnumExtender@60c3f653, net.neoforged.fml.common.asm.RuntimeDistCleaner@a8e649e]}
[12:16:13] [main/DEBUG] (cpw.mods.modlauncher.LaunchPluginHandler) Final flags state for com.llamalad7.mixinextras.service.Versioned is 0
[12:16:13] [main/DEBUG] (cpw.mods.modlauncher.LaunchPluginHandler) LauncherPluginService mixin offering transform com.llamalad7.mixinextras.service.Versioned
[12:16:13] [main/DEBUG] (cpw.mods.modlauncher.LaunchPluginHandler) LauncherPluginService runtime_enum_extender offering transform com.llamalad7.mixinextras.service.Versioned
[12:16:13] [main/DEBUG] (cpw.mods.modlauncher.LaunchPluginHandler) LauncherPluginService runtimedistcleaner offering transform com.llamalad7.mixinextras.service.Versioned
[12:16:13] [main/DEBUG] (cpw.mods.modlauncher.LaunchPluginHandler) Final flags state for com.llamalad7.mixinextras.service.Versioned is 0
[12:16:13] [main/DEBUG] (cpw.mods.modlauncher.LaunchPluginHandler) LaunchPluginService {AFTER=[org.spongepowered.asm.launch.MixinLaunchPlugin@5af535ff, net.neoforged.fml.common.asm.RuntimeEnumExtender@60c3f653, net.neoforged.fml.common.asm.RuntimeDistCleaner@a8e649e]}
[12:16:13] [main/DEBUG] (cpw.mods.modlauncher.LaunchPluginHandler) Final flags state for com.llamalad7.mixinextras.service.MixinExtrasVersion is 0
[12:16:13] [main/DEBUG] (cpw.mods.modlauncher.LaunchPluginHandler) LauncherPluginService mixin offering transform com.llamalad7.mixinextras.service.MixinExtrasVersion
[12:16:13] [main/DEBUG] (cpw.mods.modlauncher.LaunchPluginHandler) LauncherPluginService runtime_enum_extender offering transform com.llamalad7.mixinextras.service.MixinExtrasVersion
[12:16:13] [main/DEBUG] (cpw.mods.modlauncher.LaunchPluginHandler) LauncherPluginService runtimedistcleaner offering transform com.llamalad7.mixinextras.service.MixinExtrasVersion
[12:16:13] [main/DEBUG] (cpw.mods.modlauncher.LaunchPluginHandler) Final flags state for com.llamalad7.mixinextras.service.MixinExtrasVersion is 0
[12:16:13] [main/DEBUG] (cpw.mods.modlauncher.LaunchPluginHandler) LaunchPluginService {AFTER=[org.spongepowered.asm.launch.MixinLaunchPlugin@5af535ff, net.neoforged.fml.common.asm.RuntimeEnumExtender@60c3f653, net.neoforged.fml.common.asm.RuntimeDistCleaner@a8e649e]}
[12:16:13] [main/DEBUG] (cpw.mods.modlauncher.LaunchPluginHandler) Final flags state for com.llamalad7.mixinextras.transformer.MixinTransformerExtension is 0
[12:16:13] [main/DEBUG] (cpw.mods.modlauncher.LaunchPluginHandler) LauncherPluginService mixin offering transform com.llamalad7.mixinextras.transformer.MixinTransformerExtension
[12:16:13] [main/DEBUG] (cpw.mods.modlauncher.LaunchPluginHandler) LauncherPluginService runtime_enum_extender offering transform com.llamalad7.mixinextras.transformer.MixinTransformerExtension
[12:16:13] [main/DEBUG] (cpw.mods.modlauncher.LaunchPluginHandler) LauncherPluginService runtimedistcleaner offering transform com.llamalad7.mixinextras.transformer.MixinTransformerExtension
[12:16:13] [main/DEBUG] (cpw.mods.modlauncher.LaunchPluginHandler) Final flags state for com.llamalad7.mixinextras.transformer.MixinTransformerExtension is 0
[12:16:13] [main/DEBUG] (cpw.mods.modlauncher.LaunchPluginHandler) LaunchPluginService {AFTER=[org.spongepowered.asm.launch.MixinLaunchPlugin@5af535ff, net.neoforged.fml.common.asm.RuntimeEnumExtender@60c3f653, net.neoforged.fml.common.asm.RuntimeDistCleaner@a8e649e]}
[12:16:13] [main/DEBUG] (cpw.mods.modlauncher.LaunchPluginHandler) Final flags state for com.llamalad7.mixinextras.transformer.MixinTransformer is 0
[12:16:13] [main/DEBUG] (cpw.mods.modlauncher.LaunchPluginHandler) LauncherPluginService mixin offering transform com.llamalad7.mixinextras.transformer.MixinTransformer
[12:16:13] [main/DEBUG] (cpw.mods.modlauncher.LaunchPluginHandler) LauncherPluginService runtime_enum_extender offering transform com.llamalad7.mixinextras.transformer.MixinTransformer
[12:16:13] [main/DEBUG] (cpw.mods.modlauncher.LaunchPluginHandler) LauncherPluginService runtimedistcleaner offering transform com.llamalad7.mixinextras.transformer.MixinTransformer
[12:16:13] [main/DEBUG] (cpw.mods.modlauncher.LaunchPluginHandler) Final flags state for com.llamalad7.mixinextras.transformer.MixinTransformer is 0
[12:16:13] [main/DEBUG] (cpw.mods.modlauncher.LaunchPluginHandler) LaunchPluginService {AFTER=[org.spongepowered.asm.launch.MixinLaunchPlugin@5af535ff, net.neoforged.fml.common.asm.RuntimeEnumExtender@60c3f653, net.neoforged.fml.common.asm.RuntimeDistCleaner@a8e649e]}
[12:16:13] [main/DEBUG] (cpw.mods.modlauncher.LaunchPluginHandler) Final flags state for com.llamalad7.mixinextras.wrapper.factory.FactoryRedirectWrapperMixinTransformer is 0
[12:16:13] [main/DEBUG] (cpw.mods.modlauncher.LaunchPluginHandler) LauncherPluginService mixin offering transform com.llamalad7.mixinextras.wrapper.factory.FactoryRedirectWrapperMixinTransformer
[12:16:13] [main/DEBUG] (cpw.mods.modlauncher.LaunchPluginHandler) LauncherPluginService runtime_enum_extender offering transform com.llamalad7.mixinextras.wrapper.factory.FactoryRedirectWrapperMixinTransformer
[12:16:13] [main/DEBUG] (cpw.mods.modlauncher.LaunchPluginHandler) LauncherPluginService runtimedistcleaner offering transform com.llamalad7.mixinextras.wrapper.factory.FactoryRedirectWrapperMixinTransformer
[12:16:13] [main/DEBUG] (cpw.mods.modlauncher.LaunchPluginHandler) Final flags state for com.llamalad7.mixinextras.wrapper.factory.FactoryRedirectWrapperMixinTransformer is 0
[12:16:13] [main/DEBUG] (cpw.mods.modlauncher.LaunchPluginHandler) LaunchPluginService {AFTER=[org.spongepowered.asm.launch.MixinLaunchPlugin@5af535ff, net.neoforged.fml.common.asm.RuntimeEnumExtender@60c3f653, net.neoforged.fml.common.asm.RuntimeDistCleaner@a8e649e]}
[12:16:13] [main/DEBUG] (cpw.mods.modlauncher.LaunchPluginHandler) Final flags state for com.llamalad7.mixinextras.sugar.impl.SugarMixinTransformer is 0
[12:16:13] [main/DEBUG] (cpw.mods.modlauncher.LaunchPluginHandler) LauncherPluginService mixin offering transform com.llamalad7.mixinextras.sugar.impl.SugarMixinTransformer
[12:16:13] [main/DEBUG] (cpw.mods.modlauncher.LaunchPluginHandler) LauncherPluginService runtime_enum_extender offering transform com.llamalad7.mixinextras.sugar.impl.SugarMixinTransformer
[12:16:13] [main/DEBUG] (cpw.mods.modlauncher.LaunchPluginHandler) LauncherPluginService runtimedistcleaner offering transform com.llamalad7.mixinextras.sugar.impl.SugarMixinTransformer
[12:16:13] [main/DEBUG] (cpw.mods.modlauncher.LaunchPluginHandler) Final flags state for com.llamalad7.mixinextras.sugar.impl.SugarMixinTransformer is 0
[12:16:13] [main/DEBUG] (cpw.mods.modlauncher.LaunchPluginHandler) LaunchPluginService {AFTER=[org.spongepowered.asm.launch.MixinLaunchPlugin@5af535ff, net.neoforged.fml.common.asm.RuntimeEnumExtender@60c3f653, net.neoforged.fml.common.asm.RuntimeDistCleaner@a8e649e]}
[12:16:13] [main/DEBUG] (cpw.mods.modlauncher.LaunchPluginHandler) Final flags state for com.llamalad7.mixinextras.service.ServiceInitializationExtension is 0
[12:16:13] [main/DEBUG] (cpw.mods.modlauncher.LaunchPluginHandler) LauncherPluginService mixin offering transform com.llamalad7.mixinextras.service.ServiceInitializationExtension
[12:16:13] [main/DEBUG] (cpw.mods.modlauncher.LaunchPluginHandler) LauncherPluginService runtime_enum_extender offering transform com.llamalad7.mixinextras.service.ServiceInitializationExtension
[12:16:13] [main/DEBUG] (cpw.mods.modlauncher.LaunchPluginHandler) LauncherPluginService runtimedistcleaner offering transform com.llamalad7.mixinextras.service.ServiceInitializationExtension
[12:16:13] [main/DEBUG] (cpw.mods.modlauncher.LaunchPluginHandler) Final flags state for com.llamalad7.mixinextras.service.ServiceInitializationExtension is 0
[12:16:13] [main/DEBUG] (cpw.mods.modlauncher.LaunchPluginHandler) LaunchPluginService {AFTER=[org.spongepowered.asm.launch.MixinLaunchPlugin@5af535ff, net.neoforged.fml.common.asm.RuntimeEnumExtender@60c3f653, net.neoforged.fml.common.asm.RuntimeDistCleaner@a8e649e]}
[12:16:13] [main/DEBUG] (cpw.mods.modlauncher.LaunchPluginHandler) Final flags state for com.llamalad7.mixinextras.injector.LateInjectionApplicatorExtension is 0
[12:16:13] [main/DEBUG] (cpw.mods.modlauncher.LaunchPluginHandler) LauncherPluginService mixin offering transform com.llamalad7.mixinextras.injector.LateInjectionApplicatorExtension
[12:16:13] [main/DEBUG] (cpw.mods.modlauncher.LaunchPluginHandler) LauncherPluginService runtime_enum_extender offering transform com.llamalad7.mixinextras.injector.LateInjectionApplicatorExtension
[12:16:13] [main/DEBUG] (cpw.mods.modlauncher.LaunchPluginHandler) LauncherPluginService runtimedistcleaner offering transform com.llamalad7.mixinextras.injector.LateInjectionApplicatorExtension
[12:16:13] [main/DEBUG] (cpw.mods.modlauncher.LaunchPluginHandler) Final flags state for com.llamalad7.mixinextras.injector.LateInjectionApplicatorExtension is 0
[12:16:13] [main/DEBUG] (cpw.mods.modlauncher.LaunchPluginHandler) LaunchPluginService {AFTER=[org.spongepowered.asm.launch.MixinLaunchPlugin@5af535ff, net.neoforged.fml.common.asm.RuntimeEnumExtender@60c3f653, net.neoforged.fml.common.asm.RuntimeDistCleaner@a8e649e]}
[12:16:13] [main/DEBUG] (cpw.mods.modlauncher.LaunchPluginHandler) Final flags state for com.llamalad7.mixinextras.sugar.impl.SugarPostProcessingExtension is 0
[12:16:13] [main/DEBUG] (cpw.mods.modlauncher.LaunchPluginHandler) LauncherPluginService mixin offering transform com.llamalad7.mixinextras.sugar.impl.SugarPostProcessingExtension
[12:16:13] [main/DEBUG] (cpw.mods.modlauncher.LaunchPluginHandler) LauncherPluginService runtime_enum_extender offering transform com.llamalad7.mixinextras.sugar.impl.SugarPostProcessingExtension
[12:16:13] [main/DEBUG] (cpw.mods.modlauncher.LaunchPluginHandler) LauncherPluginService runtimedistcleaner offering transform com.llamalad7.mixinextras.sugar.impl.SugarPostProcessingExtension
[12:16:13] [main/DEBUG] (cpw.mods.modlauncher.LaunchPluginHandler) Final flags state for com.llamalad7.mixinextras.sugar.impl.SugarPostProcessingExtension is 0
[12:16:13] [main/DEBUG] (cpw.mods.modlauncher.LaunchPluginHandler) LaunchPluginService {AFTER=[org.spongepowered.asm.launch.MixinLaunchPlugin@5af535ff, net.neoforged.fml.common.asm.RuntimeEnumExtender@60c3f653, net.neoforged.fml.common.asm.RuntimeDistCleaner@a8e649e]}
[12:16:13] [main/DEBUG] (cpw.mods.modlauncher.LaunchPluginHandler) Final flags state for com.llamalad7.mixinextras.injector.wrapmethod.WrapMethodApplicatorExtension is 0
[12:16:13] [main/DEBUG] (cpw.mods.modlauncher.LaunchPluginHandler) LauncherPluginService mixin offering transform com.llamalad7.mixinextras.injector.wrapmethod.WrapMethodApplicatorExtension
[12:16:13] [main/DEBUG] (cpw.mods.modlauncher.LaunchPluginHandler) LauncherPluginService runtime_enum_extender offering transform com.llamalad7.mixinextras.injector.wrapmethod.WrapMethodApplicatorExtension
[12:16:13] [main/DEBUG] (cpw.mods.modlauncher.LaunchPluginHandler) LauncherPluginService runtimedistcleaner offering transform com.llamalad7.mixinextras.injector.wrapmethod.WrapMethodApplicatorExtension
[12:16:13] [main/DEBUG] (cpw.mods.modlauncher.LaunchPluginHandler) Final flags state for com.llamalad7.mixinextras.injector.wrapmethod.WrapMethodApplicatorExtension is 0
[12:16:13] [main/DEBUG] (cpw.mods.modlauncher.LaunchPluginHandler) LaunchPluginService {AFTER=[org.spongepowered.asm.launch.MixinLaunchPlugin@5af535ff, net.neoforged.fml.common.asm.RuntimeEnumExtender@60c3f653, net.neoforged.fml.common.asm.RuntimeDistCleaner@a8e649e]}
[12:16:13] [main/DEBUG] (cpw.mods.modlauncher.LaunchPluginHandler) Final flags state for com.llamalad7.mixinextras.injector.ModifyExpressionValueInjectionInfo is 0
[12:16:13] [main/DEBUG] (cpw.mods.modlauncher.LaunchPluginHandler) LauncherPluginService mixin offering transform com.llamalad7.mixinextras.injector.ModifyExpressionValueInjectionInfo
[12:16:13] [main/DEBUG] (cpw.mods.modlauncher.LaunchPluginHandler) LauncherPluginService runtime_enum_extender offering transform com.llamalad7.mixinextras.injector.ModifyExpressionValueInjectionInfo
[12:16:13] [main/DEBUG] (cpw.mods.modlauncher.LaunchPluginHandler) LauncherPluginService runtimedistcleaner offering transform com.llamalad7.mixinextras.injector.ModifyExpressionValueInjectionInfo
[12:16:13] [main/DEBUG] (cpw.mods.modlauncher.LaunchPluginHandler) Final flags state for com.llamalad7.mixinextras.injector.ModifyExpressionValueInjectionInfo is 0
[12:16:13] [main/DEBUG] (cpw.mods.modlauncher.LaunchPluginHandler) LaunchPluginService {AFTER=[org.spongepowered.asm.launch.MixinLaunchPlugin@5af535ff, net.neoforged.fml.common.asm.RuntimeEnumExtender@60c3f653, net.neoforged.fml.common.asm.RuntimeDistCleaner@a8e649e]}
[12:16:13] [main/DEBUG] (cpw.mods.modlauncher.LaunchPluginHandler) Final flags state for com.llamalad7.mixinextras.injector.MixinExtrasInjectionInfo is 0
[12:16:13] [main/DEBUG] (cpw.mods.modlauncher.LaunchPluginHandler) LauncherPluginService mixin offering transform com.llamalad7.mixinextras.injector.MixinExtrasInjectionInfo
[12:16:13] [main/DEBUG] (cpw.mods.modlauncher.LaunchPluginHandler) LauncherPluginService runtime_enum_extender offering transform com.llamalad7.mixinextras.injector.MixinExtrasInjectionInfo
[12:16:13] [main/DEBUG] (cpw.mods.modlauncher.LaunchPluginHandler) LauncherPluginService runtimedistcleaner offering transform com.llamalad7.mixinextras.injector.MixinExtrasInjectionInfo
[12:16:13] [main/DEBUG] (cpw.mods.modlauncher.LaunchPluginHandler) Final flags state for com.llamalad7.mixinextras.injector.MixinExtrasInjectionInfo is 0
[12:16:13] [main/DEBUG] (cpw.mods.modlauncher.LaunchPluginHandler) LaunchPluginService {AFTER=[org.spongepowered.asm.launch.MixinLaunchPlugin@5af535ff, net.neoforged.fml.common.asm.RuntimeEnumExtender@60c3f653, net.neoforged.fml.common.asm.RuntimeDistCleaner@a8e649e]}
[12:16:13] [main/DEBUG] (cpw.mods.modlauncher.LaunchPluginHandler) Final flags state for com.llamalad7.mixinextras.injector.ModifyReceiverInjectionInfo is 0
[12:16:13] [main/DEBUG] (cpw.mods.modlauncher.LaunchPluginHandler) LauncherPluginService mixin offering transform com.llamalad7.mixinextras.injector.ModifyReceiverInjectionInfo
[12:16:13] [main/DEBUG] (cpw.mods.modlauncher.LaunchPluginHandler) LauncherPluginService runtime_enum_extender offering transform com.llamalad7.mixinextras.injector.ModifyReceiverInjectionInfo
[12:16:13] [main/DEBUG] (cpw.mods.modlauncher.LaunchPluginHandler) LauncherPluginService runtimedistcleaner offering transform com.llamalad7.mixinextras.injector.ModifyReceiverInjectionInfo
[12:16:13] [main/DEBUG] (cpw.mods.modlauncher.LaunchPluginHandler) Final flags state for com.llamalad7.mixinextras.injector.ModifyReceiverInjectionInfo is 0
[12:16:13] [main/DEBUG] (cpw.mods.modlauncher.LaunchPluginHandler) LaunchPluginService {AFTER=[org.spongepowered.asm.launch.MixinLaunchPlugin@5af535ff, net.neoforged.fml.common.asm.RuntimeEnumExtender@60c3f653, net.neoforged.fml.common.asm.RuntimeDistCleaner@a8e649e]}
[12:16:13] [main/DEBUG] (cpw.mods.modlauncher.LaunchPluginHandler) Final flags state for com.llamalad7.mixinextras.injector.ModifyReturnValueInjectionInfo is 0
[12:16:13] [main/DEBUG] (cpw.mods.modlauncher.LaunchPluginHandler) LauncherPluginService mixin offering transform com.llamalad7.mixinextras.injector.ModifyReturnValueInjectionInfo
[12:16:13] [main/DEBUG] (cpw.mods.modlauncher.LaunchPluginHandler) LauncherPluginService runtime_enum_extender offering transform com.llamalad7.mixinextras.injector.ModifyReturnValueInjectionInfo
[12:16:13] [main/DEBUG] (cpw.mods.modlauncher.LaunchPluginHandler) LauncherPluginService runtimedistcleaner offering transform com.llamalad7.mixinextras.injector.ModifyReturnValueInjectionInfo
[12:16:13] [main/DEBUG] (cpw.mods.modlauncher.LaunchPluginHandler) Final flags state for com.llamalad7.mixinextras.injector.ModifyReturnValueInjectionInfo is 0
[12:16:13] [main/DEBUG] (cpw.mods.modlauncher.LaunchPluginHandler) LaunchPluginService {AFTER=[org.spongepowered.asm.launch.MixinLaunchPlugin@5af535ff, net.neoforged.fml.common.asm.RuntimeEnumExtender@60c3f653, net.neoforged.fml.common.asm.RuntimeDistCleaner@a8e649e]}
[12:16:13] [main/DEBUG] (cpw.mods.modlauncher.LaunchPluginHandler) Final flags state for com.llamalad7.mixinextras.injector.wrapoperation.WrapOperationInjectionInfo is 0
[12:16:13] [main/DEBUG] (cpw.mods.modlauncher.LaunchPluginHandler) LauncherPluginService mixin offering transform com.llamalad7.mixinextras.injector.wrapoperation.WrapOperationInjectionInfo
[12:16:13] [main/DEBUG] (cpw.mods.modlauncher.LaunchPluginHandler) LauncherPluginService runtime_enum_extender offering transform com.llamalad7.mixinextras.injector.wrapoperation.WrapOperationInjectionInfo
[12:16:13] [main/DEBUG] (cpw.mods.modlauncher.LaunchPluginHandler) LauncherPluginService runtimedistcleaner offering transform com.llamalad7.mixinextras.injector.wrapoperation.WrapOperationInjectionInfo
[12:16:13] [main/DEBUG] (cpw.mods.modlauncher.LaunchPluginHandler) Final flags state for com.llamalad7.mixinextras.injector.wrapoperation.WrapOperationInjectionInfo is 0
[12:16:13] [main/DEBUG] (cpw.mods.modlauncher.LaunchPluginHandler) LaunchPluginService {AFTER=[org.spongepowered.asm.launch.MixinLaunchPlugin@5af535ff, net.neoforged.fml.common.asm.RuntimeEnumExtender@60c3f653, net.neoforged.fml.common.asm.RuntimeDistCleaner@a8e649e]}
[12:16:13] [main/DEBUG] (cpw.mods.modlauncher.LaunchPluginHandler) Final flags state for com.llamalad7.mixinextras.injector.MixinExtrasLateInjectionInfo is 0
[12:16:13] [main/DEBUG] (cpw.mods.modlauncher.LaunchPluginHandler) LauncherPluginService mixin offering transform com.llamalad7.mixinextras.injector.MixinExtrasLateInjectionInfo
[12:16:13] [main/DEBUG] (cpw.mods.modlauncher.LaunchPluginHandler) LauncherPluginService runtime_enum_extender offering transform com.llamalad7.mixinextras.injector.MixinExtrasLateInjectionInfo
[12:16:13] [main/DEBUG] (cpw.mods.modlauncher.LaunchPluginHandler) LauncherPluginService runtimedistcleaner offering transform com.llamalad7.mixinextras.injector.MixinExtrasLateInjectionInfo
[12:16:13] [main/DEBUG] (cpw.mods.modlauncher.LaunchPluginHandler) Final flags state for com.llamalad7.mixinextras.injector.MixinExtrasLateInjectionInfo is 0
[12:16:13] [main/DEBUG] (cpw.mods.modlauncher.LaunchPluginHandler) LaunchPluginService {AFTER=[org.spongepowered.asm.launch.MixinLaunchPlugin@5af535ff, net.neoforged.fml.common.asm.RuntimeEnumExtender@60c3f653, net.neoforged.fml.common.asm.RuntimeDistCleaner@a8e649e]}
[12:16:13] [main/DEBUG] (cpw.mods.modlauncher.LaunchPluginHandler) Final flags state for com.llamalad7.mixinextras.injector.LateApplyingInjectorInfo is 0
[12:16:13] [main/DEBUG] (cpw.mods.modlauncher.LaunchPluginHandler) LauncherPluginService mixin offering transform com.llamalad7.mixinextras.injector.LateApplyingInjectorInfo
[12:16:13] [main/DEBUG] (cpw.mods.modlauncher.LaunchPluginHandler) LauncherPluginService runtime_enum_extender offering transform com.llamalad7.mixinextras.injector.LateApplyingInjectorInfo
[12:16:13] [main/DEBUG] (cpw.mods.modlauncher.LaunchPluginHandler) LauncherPluginService runtimedistcleaner offering transform com.llamalad7.mixinextras.injector.LateApplyingInjectorInfo
[12:16:13] [main/DEBUG] (cpw.mods.modlauncher.LaunchPluginHandler) Final flags state for com.llamalad7.mixinextras.injector.LateApplyingInjectorInfo is 0
[12:16:13] [main/DEBUG] (cpw.mods.modlauncher.LaunchPluginHandler) LaunchPluginService {AFTER=[org.spongepowered.asm.launch.MixinLaunchPlugin@5af535ff, net.neoforged.fml.common.asm.RuntimeEnumExtender@60c3f653, net.neoforged.fml.common.asm.RuntimeDistCleaner@a8e649e]}
[12:16:13] [main/DEBUG] (cpw.mods.modlauncher.LaunchPluginHandler) Final flags state for com.llamalad7.mixinextras.injector.WrapWithConditionV1InjectionInfo is 0
[12:16:13] [main/DEBUG] (cpw.mods.modlauncher.LaunchPluginHandler) LauncherPluginService mixin offering transform com.llamalad7.mixinextras.injector.WrapWithConditionV1InjectionInfo
[12:16:13] [main/DEBUG] (cpw.mods.modlauncher.LaunchPluginHandler) LauncherPluginService runtime_enum_extender offering transform com.llamalad7.mixinextras.injector.WrapWithConditionV1InjectionInfo
[12:16:13] [main/DEBUG] (cpw.mods.modlauncher.LaunchPluginHandler) LauncherPluginService runtimedistcleaner offering transform com.llamalad7.mixinextras.injector.WrapWithConditionV1InjectionInfo
[12:16:13] [main/DEBUG] (cpw.mods.modlauncher.LaunchPluginHandler) Final flags state for com.llamalad7.mixinextras.injector.WrapWithConditionV1InjectionInfo is 0
[12:16:13] [main/DEBUG] (cpw.mods.modlauncher.LaunchPluginHandler) LaunchPluginService {AFTER=[org.spongepowered.asm.launch.MixinLaunchPlugin@5af535ff, net.neoforged.fml.common.asm.RuntimeEnumExtender@60c3f653, net.neoforged.fml.common.asm.RuntimeDistCleaner@a8e649e]}
[12:16:13] [main/DEBUG] (cpw.mods.modlauncher.LaunchPluginHandler) Final flags state for com.llamalad7.mixinextras.injector.v2.WrapWithConditionInjectionInfo is 0
[12:16:13] [main/DEBUG] (cpw.mods.modlauncher.LaunchPluginHandler) LauncherPluginService mixin offering transform com.llamalad7.mixinextras.injector.v2.WrapWithConditionInjectionInfo
[12:16:13] [main/DEBUG] (cpw.mods.modlauncher.LaunchPluginHandler) LauncherPluginService runtime_enum_extender offering transform com.llamalad7.mixinextras.injector.v2.WrapWithConditionInjectionInfo
[12:16:13] [main/DEBUG] (cpw.mods.modlauncher.LaunchPluginHandler) LauncherPluginService runtimedistcleaner offering transform com.llamalad7.mixinextras.injector.v2.WrapWithConditionInjectionInfo
[12:16:13] [main/DEBUG] (cpw.mods.modlauncher.LaunchPluginHandler) Final flags state for com.llamalad7.mixinextras.injector.v2.WrapWithConditionInjectionInfo is 0
[12:16:13] [main/DEBUG] (cpw.mods.modlauncher.LaunchPluginHandler) LaunchPluginService {AFTER=[org.spongepowered.asm.launch.MixinLaunchPlugin@5af535ff, net.neoforged.fml.common.asm.RuntimeEnumExtender@60c3f653, net.neoforged.fml.common.asm.RuntimeDistCleaner@a8e649e]}
[12:16:13] [main/DEBUG] (cpw.mods.modlauncher.LaunchPluginHandler) Final flags state for com.llamalad7.mixinextras.injector.wrapmethod.WrapMethodInjectionInfo is 0
[12:16:13] [main/DEBUG] (cpw.mods.modlauncher.LaunchPluginHandler) LauncherPluginService mixin offering transform com.llamalad7.mixinextras.injector.wrapmethod.WrapMethodInjectionInfo
[12:16:13] [main/DEBUG] (cpw.mods.modlauncher.LaunchPluginHandler) LauncherPluginService runtime_enum_extender offering transform com.llamalad7.mixinextras.injector.wrapmethod.WrapMethodInjectionInfo
[12:16:13] [main/DEBUG] (cpw.mods.modlauncher.LaunchPluginHandler) LauncherPluginService runtimedistcleaner offering transform com.llamalad7.mixinextras.injector.wrapmethod.WrapMethodInjectionInfo
[12:16:13] [main/DEBUG] (cpw.mods.modlauncher.LaunchPluginHandler) Final flags state for com.llamalad7.mixinextras.injector.wrapmethod.WrapMethodInjectionInfo is 0
[12:16:13] [main/DEBUG] (cpw.mods.modlauncher.LaunchPluginHandler) LaunchPluginService {AFTER=[org.spongepowered.asm.launch.MixinLaunchPlugin@5af535ff, net.neoforged.fml.common.asm.RuntimeEnumExtender@60c3f653, net.neoforged.fml.common.asm.RuntimeDistCleaner@a8e649e]}
[12:16:13] [main/DEBUG] (cpw.mods.modlauncher.LaunchPluginHandler) Final flags state for com.llamalad7.mixinextras.sugar.impl.SugarWrapperInjectionInfo is 0
[12:16:13] [main/DEBUG] (cpw.mods.modlauncher.LaunchPluginHandler) LauncherPluginService mixin offering transform com.llamalad7.mixinextras.sugar.impl.SugarWrapperInjectionInfo
[12:16:13] [main/DEBUG] (cpw.mods.modlauncher.LaunchPluginHandler) LauncherPluginService runtime_enum_extender offering transform com.llamalad7.mixinextras.sugar.impl.SugarWrapperInjectionInfo
[12:16:13] [main/DEBUG] (cpw.mods.modlauncher.LaunchPluginHandler) LauncherPluginService runtimedistcleaner offering transform com.llamalad7.mixinextras.sugar.impl.SugarWrapperInjectionInfo
[12:16:13] [main/DEBUG] (cpw.mods.modlauncher.LaunchPluginHandler) Final flags state for com.llamalad7.mixinextras.sugar.impl.SugarWrapperInjectionInfo is 0
[12:16:13] [main/DEBUG] (cpw.mods.modlauncher.LaunchPluginHandler) LaunchPluginService {AFTER=[org.spongepowered.asm.launch.MixinLaunchPlugin@5af535ff, net.neoforged.fml.common.asm.RuntimeEnumExtender@60c3f653, net.neoforged.fml.common.asm.RuntimeDistCleaner@a8e649e]}
[12:16:13] [main/DEBUG] (cpw.mods.modlauncher.LaunchPluginHandler) Final flags state for com.llamalad7.mixinextras.wrapper.WrapperInjectionInfo is 0
[12:16:13] [main/DEBUG] (cpw.mods.modlauncher.LaunchPluginHandler) LauncherPluginService mixin offering transform com.llamalad7.mixinextras.wrapper.WrapperInjectionInfo
[12:16:13] [main/DEBUG] (cpw.mods.modlauncher.LaunchPluginHandler) LauncherPluginService runtime_enum_extender offering transform com.llamalad7.mixinextras.wrapper.WrapperInjectionInfo
[12:16:13] [main/DEBUG] (cpw.mods.modlauncher.LaunchPluginHandler) LauncherPluginService runtimedistcleaner offering transform com.llamalad7.mixinextras.wrapper.WrapperInjectionInfo
[12:16:13] [main/DEBUG] (cpw.mods.modlauncher.LaunchPluginHandler) Final flags state for com.llamalad7.mixinextras.wrapper.WrapperInjectionInfo is 0
[12:16:13] [main/DEBUG] (cpw.mods.modlauncher.LaunchPluginHandler) LaunchPluginService {AFTER=[org.spongepowered.asm.launch.MixinLaunchPlugin@5af535ff, net.neoforged.fml.common.asm.RuntimeEnumExtender@60c3f653, net.neoforged.fml.common.asm.RuntimeDistCleaner@a8e649e]}
[12:16:13] [main/DEBUG] (cpw.mods.modlauncher.LaunchPluginHandler) Final flags state for com.llamalad7.mixinextras.wrapper.factory.FactoryRedirectWrapperInjectionInfo is 0
[12:16:13] [main/DEBUG] (cpw.mods.modlauncher.LaunchPluginHandler) LauncherPluginService mixin offering transform com.llamalad7.mixinextras.wrapper.factory.FactoryRedirectWrapperInjectionInfo
[12:16:13] [main/DEBUG] (cpw.mods.modlauncher.LaunchPluginHandler) LauncherPluginService runtime_enum_extender offering transform com.llamalad7.mixinextras.wrapper.factory.FactoryRedirectWrapperInjectionInfo
[12:16:13] [main/DEBUG] (cpw.mods.modlauncher.LaunchPluginHandler) LauncherPluginService runtimedistcleaner offering transform com.llamalad7.mixinextras.wrapper.factory.FactoryRedirectWrapperInjectionInfo
[12:16:13] [main/DEBUG] (cpw.mods.modlauncher.LaunchPluginHandler) Final flags state for com.llamalad7.mixinextras.wrapper.factory.FactoryRedirectWrapperInjectionInfo is 0
[12:16:13] [main/DEBUG] (MixinExtras|Service) com.llamalad7.mixinextras.service.MixinExtrasServiceImpl(version=0.4.1) is taking over from null
[12:16:13] [main/DEBUG] (cpw.mods.modlauncher.LaunchPluginHandler) LaunchPluginService {AFTER=[org.spongepowered.asm.launch.MixinLaunchPlugin@5af535ff, net.neoforged.fml.common.asm.RuntimeEnumExtender@60c3f653, net.neoforged.fml.common.asm.RuntimeDistCleaner@a8e649e]}
[12:16:13] [main/DEBUG] (cpw.mods.modlauncher.LaunchPluginHandler) Final flags state for com.llamalad7.mixinextras.utils.MixinInternals is 0
[12:16:13] [main/DEBUG] (cpw.mods.modlauncher.LaunchPluginHandler) LauncherPluginService mixin offering transform com.llamalad7.mixinextras.utils.MixinInternals
[12:16:13] [main/DEBUG] (cpw.mods.modlauncher.LaunchPluginHandler) LauncherPluginService runtime_enum_extender offering transform com.llamalad7.mixinextras.utils.MixinInternals
[12:16:13] [main/DEBUG] (cpw.mods.modlauncher.LaunchPluginHandler) LauncherPluginService runtimedistcleaner offering transform com.llamalad7.mixinextras.utils.MixinInternals
[12:16:13] [main/DEBUG] (cpw.mods.modlauncher.LaunchPluginHandler) Final flags state for com.llamalad7.mixinextras.utils.MixinInternals is 0
[12:16:13] [main/DEBUG] (cpw.mods.modlauncher.LaunchPluginHandler) LaunchPluginService {AFTER=[org.spongepowered.asm.launch.MixinLaunchPlugin@5af535ff, net.neoforged.fml.common.asm.RuntimeEnumExtender@60c3f653, net.neoforged.fml.common.asm.RuntimeDistCleaner@a8e649e]}
[12:16:13] [main/DEBUG] (cpw.mods.modlauncher.LaunchPluginHandler) Final flags state for com.llamalad7.mixinextras.utils.InternalField is 0
[12:16:13] [main/DEBUG] (cpw.mods.modlauncher.LaunchPluginHandler) LauncherPluginService mixin offering transform com.llamalad7.mixinextras.utils.InternalField
[12:16:13] [main/DEBUG] (cpw.mods.modlauncher.LaunchPluginHandler) LauncherPluginService runtime_enum_extender offering transform com.llamalad7.mixinextras.utils.InternalField
[12:16:13] [main/DEBUG] (cpw.mods.modlauncher.LaunchPluginHandler) LauncherPluginService runtimedistcleaner offering transform com.llamalad7.mixinextras.utils.InternalField
[12:16:13] [main/DEBUG] (cpw.mods.modlauncher.LaunchPluginHandler) Final flags state for com.llamalad7.mixinextras.utils.InternalField is 0
[12:16:13] [main/DEBUG] (cpw.mods.modlauncher.LaunchPluginHandler) LaunchPluginService {AFTER=[org.spongepowered.asm.launch.MixinLaunchPlugin@5af535ff, net.neoforged.fml.common.asm.RuntimeEnumExtender@60c3f653, net.neoforged.fml.common.asm.RuntimeDistCleaner@a8e649e]}
[12:16:13] [main/DEBUG] (cpw.mods.modlauncher.LaunchPluginHandler) Final flags state for com.llamalad7.mixinextras.utils.InternalField$1 is 0
[12:16:13] [main/DEBUG] (cpw.mods.modlauncher.LaunchPluginHandler) LauncherPluginService mixin offering transform com.llamalad7.mixinextras.utils.InternalField$1
[12:16:13] [main/DEBUG] (cpw.mods.modlauncher.LaunchPluginHandler) LauncherPluginService runtime_enum_extender offering transform com.llamalad7.mixinextras.utils.InternalField$1
[12:16:13] [main/DEBUG] (cpw.mods.modlauncher.LaunchPluginHandler) LauncherPluginService runtimedistcleaner offering transform com.llamalad7.mixinextras.utils.InternalField$1
[12:16:13] [main/DEBUG] (cpw.mods.modlauncher.LaunchPluginHandler) Final flags state for com.llamalad7.mixinextras.utils.InternalField$1 is 0
[12:16:13] [main/DEBUG] (cpw.mods.modlauncher.LaunchPluginHandler) LaunchPluginService {AFTER=[org.spongepowered.asm.launch.MixinLaunchPlugin@5af535ff, net.neoforged.fml.common.asm.RuntimeEnumExtender@60c3f653, net.neoforged.fml.common.asm.RuntimeDistCleaner@a8e649e]}
[12:16:13] [main/DEBUG] (cpw.mods.modlauncher.LaunchPluginHandler) Final flags state for com.llamalad7.mixinextras.utils.InternalMethod is 0
[12:16:13] [main/DEBUG] (cpw.mods.modlauncher.LaunchPluginHandler) LauncherPluginService mixin offering transform com.llamalad7.mixinextras.utils.InternalMethod
[12:16:13] [main/DEBUG] (cpw.mods.modlauncher.LaunchPluginHandler) LauncherPluginService runtime_enum_extender offering transform com.llamalad7.mixinextras.utils.InternalMethod
[12:16:13] [main/DEBUG] (cpw.mods.modlauncher.LaunchPluginHandler) LauncherPluginService runtimedistcleaner offering transform com.llamalad7.mixinextras.utils.InternalMethod
[12:16:13] [main/DEBUG] (cpw.mods.modlauncher.LaunchPluginHandler) Final flags state for com.llamalad7.mixinextras.utils.InternalMethod is 0
[12:16:13] [main/DEBUG] (cpw.mods.modlauncher.LaunchPluginHandler) LaunchPluginService {AFTER=[org.spongepowered.asm.launch.MixinLaunchPlugin@5af535ff, net.neoforged.fml.common.asm.RuntimeEnumExtender@60c3f653, net.neoforged.fml.common.asm.RuntimeDistCleaner@a8e649e]}
[12:16:13] [main/DEBUG] (cpw.mods.modlauncher.LaunchPluginHandler) Final flags state for com.llamalad7.mixinextras.utils.InternalConstructor is 0
[12:16:13] [main/DEBUG] (cpw.mods.modlauncher.LaunchPluginHandler) LauncherPluginService mixin offering transform com.llamalad7.mixinextras.utils.InternalConstructor
[12:16:13] [main/DEBUG] (cpw.mods.modlauncher.LaunchPluginHandler) LauncherPluginService runtime_enum_extender offering transform com.llamalad7.mixinextras.utils.InternalConstructor
[12:16:13] [main/DEBUG] (cpw.mods.modlauncher.LaunchPluginHandler) LauncherPluginService runtimedistcleaner offering transform com.llamalad7.mixinextras.utils.InternalConstructor
[12:16:13] [main/DEBUG] (cpw.mods.modlauncher.LaunchPluginHandler) Final flags state for com.llamalad7.mixinextras.utils.InternalConstructor is 0
[12:16:13] [main/DEBUG] (cpw.mods.modlauncher.LaunchPluginHandler) LaunchPluginService {AFTER=[org.spongepowered.asm.launch.MixinLaunchPlugin@5af535ff, net.neoforged.fml.common.asm.RuntimeEnumExtender@60c3f653, net.neoforged.fml.common.asm.RuntimeDistCleaner@a8e649e]}
[12:16:13] [main/DEBUG] (cpw.mods.modlauncher.LaunchPluginHandler) Final flags state for com.llamalad7.mixinextras.injector.ModifyExpressionValue is 0
[12:16:13] [main/DEBUG] (cpw.mods.modlauncher.LaunchPluginHandler) LauncherPluginService mixin offering transform com.llamalad7.mixinextras.injector.ModifyExpressionValue
[12:16:13] [main/DEBUG] (cpw.mods.modlauncher.LaunchPluginHandler) LauncherPluginService runtime_enum_extender offering transform com.llamalad7.mixinextras.injector.ModifyExpressionValue
[12:16:13] [main/DEBUG] (cpw.mods.modlauncher.LaunchPluginHandler) LauncherPluginService runtimedistcleaner offering transform com.llamalad7.mixinextras.injector.ModifyExpressionValue
[12:16:13] [main/DEBUG] (cpw.mods.modlauncher.LaunchPluginHandler) Final flags state for com.llamalad7.mixinextras.injector.ModifyExpressionValue is 0
[12:16:13] [main/DEBUG] (mixin) Registering new injector for @Inject with org.spongepowered.asm.mixin.injection.struct.CallbackInjectionInfo
[12:16:13] [main/DEBUG] (mixin) Registering new injector for @ModifyArg with org.spongepowered.asm.mixin.injection.struct.ModifyArgInjectionInfo
[12:16:13] [main/DEBUG] (mixin) Registering new injector for @ModifyArgs with org.spongepowered.asm.mixin.injection.struct.ModifyArgsInjectionInfo
[12:16:13] [main/DEBUG] (mixin) Registering new injector for @Redirect with org.spongepowered.asm.mixin.injection.struct.RedirectInjectionInfo
[12:16:13] [main/DEBUG] (mixin) Registering new injector for @ModifyVariable with org.spongepowered.asm.mixin.injection.struct.ModifyVariableInjectionInfo
[12:16:13] [main/DEBUG] (mixin) Registering new injector for @ModifyConstant with org.spongepowered.asm.mixin.injection.struct.ModifyConstantInjectionInfo
[12:16:13] [main/DEBUG] (cpw.mods.modlauncher.LaunchPluginHandler) LaunchPluginService {AFTER=[org.spongepowered.asm.launch.MixinLaunchPlugin@5af535ff, net.neoforged.fml.common.asm.RuntimeEnumExtender@60c3f653, net.neoforged.fml.common.asm.RuntimeDistCleaner@a8e649e]}
[12:16:13] [main/DEBUG] (cpw.mods.modlauncher.LaunchPluginHandler) Final flags state for com.llamalad7.mixinextras.injector.ModifyExpressionValueInjector is 0
[12:16:13] [main/DEBUG] (cpw.mods.modlauncher.LaunchPluginHandler) LauncherPluginService mixin offering transform com.llamalad7.mixinextras.injector.ModifyExpressionValueInjector
[12:16:13] [main/DEBUG] (cpw.mods.modlauncher.LaunchPluginHandler) LauncherPluginService runtime_enum_extender offering transform com.llamalad7.mixinextras.injector.ModifyExpressionValueInjector
[12:16:13] [main/DEBUG] (cpw.mods.modlauncher.LaunchPluginHandler) LauncherPluginService runtimedistcleaner offering transform com.llamalad7.mixinextras.injector.ModifyExpressionValueInjector
[12:16:13] [main/DEBUG] (cpw.mods.modlauncher.LaunchPluginHandler) Final flags state for com.llamalad7.mixinextras.injector.ModifyExpressionValueInjector is 0
[12:16:13] [main/DEBUG] (cpw.mods.modlauncher.LaunchPluginHandler) LaunchPluginService {AFTER=[org.spongepowered.asm.launch.MixinLaunchPlugin@5af535ff, net.neoforged.fml.common.asm.RuntimeEnumExtender@60c3f653, net.neoforged.fml.common.asm.RuntimeDistCleaner@a8e649e]}
[12:16:13] [main/DEBUG] (cpw.mods.modlauncher.LaunchPluginHandler) Final flags state for com.llamalad7.mixinextras.injector.ModifyReceiver is 0
[12:16:13] [main/DEBUG] (cpw.mods.modlauncher.LaunchPluginHandler) LauncherPluginService mixin offering transform com.llamalad7.mixinextras.injector.ModifyReceiver
[12:16:13] [main/DEBUG] (cpw.mods.modlauncher.LaunchPluginHandler) LauncherPluginService runtime_enum_extender offering transform com.llamalad7.mixinextras.injector.ModifyReceiver
[12:16:13] [main/DEBUG] (cpw.mods.modlauncher.LaunchPluginHandler) LauncherPluginService runtimedistcleaner offering transform com.llamalad7.mixinextras.injector.ModifyReceiver
[12:16:13] [main/DEBUG] (cpw.mods.modlauncher.LaunchPluginHandler) Final flags state for com.llamalad7.mixinextras.injector.ModifyReceiver is 0
[12:16:13] [main/DEBUG] (cpw.mods.modlauncher.LaunchPluginHandler) LaunchPluginService {AFTER=[org.spongepowered.asm.launch.MixinLaunchPlugin@5af535ff, net.neoforged.fml.common.asm.RuntimeEnumExtender@60c3f653, net.neoforged.fml.common.asm.RuntimeDistCleaner@a8e649e]}
[12:16:13] [main/DEBUG] (cpw.mods.modlauncher.LaunchPluginHandler) Final flags state for com.llamalad7.mixinextras.injector.ModifyReceiverInjector is 0
[12:16:13] [main/DEBUG] (cpw.mods.modlauncher.LaunchPluginHandler) LauncherPluginService mixin offering transform com.llamalad7.mixinextras.injector.ModifyReceiverInjector
[12:16:13] [main/DEBUG] (cpw.mods.modlauncher.LaunchPluginHandler) LauncherPluginService runtime_enum_extender offering transform com.llamalad7.mixinextras.injector.ModifyReceiverInjector
[12:16:13] [main/DEBUG] (cpw.mods.modlauncher.LaunchPluginHandler) LauncherPluginService runtimedistcleaner offering transform com.llamalad7.mixinextras.injector.ModifyReceiverInjector
[12:16:13] [main/DEBUG] (cpw.mods.modlauncher.LaunchPluginHandler) Final flags state for com.llamalad7.mixinextras.injector.ModifyReceiverInjector is 0
[12:16:13] [main/DEBUG] (cpw.mods.modlauncher.LaunchPluginHandler) LaunchPluginService {AFTER=[org.spongepowered.asm.launch.MixinLaunchPlugin@5af535ff, net.neoforged.fml.common.asm.RuntimeEnumExtender@60c3f653, net.neoforged.fml.common.asm.RuntimeDistCleaner@a8e649e]}
[12:16:13] [main/DEBUG] (cpw.mods.modlauncher.LaunchPluginHandler) Final flags state for com.llamalad7.mixinextras.injector.ModifyReturnValue is 0
[12:16:13] [main/DEBUG] (cpw.mods.modlauncher.LaunchPluginHandler) LauncherPluginService mixin offering transform com.llamalad7.mixinextras.injector.ModifyReturnValue
[12:16:13] [main/DEBUG] (cpw.mods.modlauncher.LaunchPluginHandler) LauncherPluginService runtime_enum_extender offering transform com.llamalad7.mixinextras.injector.ModifyReturnValue
[12:16:13] [main/DEBUG] (cpw.mods.modlauncher.LaunchPluginHandler) LauncherPluginService runtimedistcleaner offering transform com.llamalad7.mixinextras.injector.ModifyReturnValue
[12:16:13] [main/DEBUG] (cpw.mods.modlauncher.LaunchPluginHandler) Final flags state for com.llamalad7.mixinextras.injector.ModifyReturnValue is 0
[12:16:13] [main/DEBUG] (cpw.mods.modlauncher.LaunchPluginHandler) LaunchPluginService {AFTER=[org.spongepowered.asm.launch.MixinLaunchPlugin@5af535ff, net.neoforged.fml.common.asm.RuntimeEnumExtender@60c3f653, net.neoforged.fml.common.asm.RuntimeDistCleaner@a8e649e]}
[12:16:13] [main/DEBUG] (cpw.mods.modlauncher.LaunchPluginHandler) Final flags state for com.llamalad7.mixinextras.injector.ModifyReturnValueInjector is 0
[12:16:13] [main/DEBUG] (cpw.mods.modlauncher.LaunchPluginHandler) LauncherPluginService mixin offering transform com.llamalad7.mixinextras.injector.ModifyReturnValueInjector
[12:16:13] [main/DEBUG] (cpw.mods.modlauncher.LaunchPluginHandler) LauncherPluginService runtime_enum_extender offering transform com.llamalad7.mixinextras.injector.ModifyReturnValueInjector
[12:16:13] [main/DEBUG] (cpw.mods.modlauncher.LaunchPluginHandler) LauncherPluginService runtimedistcleaner offering transform com.llamalad7.mixinextras.injector.ModifyReturnValueInjector
[12:16:13] [main/DEBUG] (cpw.mods.modlauncher.LaunchPluginHandler) Final flags state for com.llamalad7.mixinextras.injector.ModifyReturnValueInjector is 0
[12:16:13] [main/DEBUG] (cpw.mods.modlauncher.LaunchPluginHandler) LaunchPluginService {AFTER=[org.spongepowered.asm.launch.MixinLaunchPlugin@5af535ff, net.neoforged.fml.common.asm.RuntimeEnumExtender@60c3f653, net.neoforged.fml.common.asm.RuntimeDistCleaner@a8e649e]}
[12:16:13] [main/DEBUG] (cpw.mods.modlauncher.LaunchPluginHandler) Final flags state for com.llamalad7.mixinextras.injector.wrapoperation.WrapOperation is 0
[12:16:13] [main/DEBUG] (cpw.mods.modlauncher.LaunchPluginHandler) LauncherPluginService mixin offering transform com.llamalad7.mixinextras.injector.wrapoperation.WrapOperation
[12:16:13] [main/DEBUG] (cpw.mods.modlauncher.LaunchPluginHandler) LauncherPluginService runtime_enum_extender offering transform com.llamalad7.mixinextras.injector.wrapoperation.WrapOperation
[12:16:13] [main/DEBUG] (cpw.mods.modlauncher.LaunchPluginHandler) LauncherPluginService runtimedistcleaner offering transform com.llamalad7.mixinextras.injector.wrapoperation.WrapOperation
[12:16:13] [main/DEBUG] (cpw.mods.modlauncher.LaunchPluginHandler) Final flags state for com.llamalad7.mixinextras.injector.wrapoperation.WrapOperation is 0
[12:16:13] [main/DEBUG] (cpw.mods.modlauncher.LaunchPluginHandler) LaunchPluginService {AFTER=[org.spongepowered.asm.launch.MixinLaunchPlugin@5af535ff, net.neoforged.fml.common.asm.RuntimeEnumExtender@60c3f653, net.neoforged.fml.common.asm.RuntimeDistCleaner@a8e649e]}
[12:16:13] [main/DEBUG] (cpw.mods.modlauncher.LaunchPluginHandler) Final flags state for com.llamalad7.mixinextras.injector.wrapoperation.WrapOperationInjector is 0
[12:16:13] [main/DEBUG] (cpw.mods.modlauncher.LaunchPluginHandler) LauncherPluginService mixin offering transform com.llamalad7.mixinextras.injector.wrapoperation.WrapOperationInjector
[12:16:13] [main/DEBUG] (cpw.mods.modlauncher.LaunchPluginHandler) LauncherPluginService runtime_enum_extender offering transform com.llamalad7.mixinextras.injector.wrapoperation.WrapOperationInjector
[12:16:13] [main/DEBUG] (cpw.mods.modlauncher.LaunchPluginHandler) LauncherPluginService runtimedistcleaner offering transform com.llamalad7.mixinextras.injector.wrapoperation.WrapOperationInjector
[12:16:13] [main/DEBUG] (cpw.mods.modlauncher.LaunchPluginHandler) Final flags state for com.llamalad7.mixinextras.injector.wrapoperation.WrapOperationInjector is 0
[12:16:13] [main/DEBUG] (cpw.mods.modlauncher.LaunchPluginHandler) LaunchPluginService {AFTER=[org.spongepowered.asm.launch.MixinLaunchPlugin@5af535ff, net.neoforged.fml.common.asm.RuntimeEnumExtender@60c3f653, net.neoforged.fml.common.asm.RuntimeDistCleaner@a8e649e]}
[12:16:13] [main/DEBUG] (cpw.mods.modlauncher.LaunchPluginHandler) Final flags state for com.llamalad7.mixinextras.injector.WrapWithCondition is 0
[12:16:13] [main/DEBUG] (cpw.mods.modlauncher.LaunchPluginHandler) LauncherPluginService mixin offering transform com.llamalad7.mixinextras.injector.WrapWithCondition
[12:16:13] [main/DEBUG] (cpw.mods.modlauncher.LaunchPluginHandler) LauncherPluginService runtime_enum_extender offering transform com.llamalad7.mixinextras.injector.WrapWithCondition
[12:16:13] [main/DEBUG] (cpw.mods.modlauncher.LaunchPluginHandler) LauncherPluginService runtimedistcleaner offering transform com.llamalad7.mixinextras.injector.WrapWithCondition
[12:16:13] [main/DEBUG] (cpw.mods.modlauncher.LaunchPluginHandler) Final flags state for com.llamalad7.mixinextras.injector.WrapWithCondition is 0
[12:16:13] [main/DEBUG] (cpw.mods.modlauncher.LaunchPluginHandler) LaunchPluginService {AFTER=[org.spongepowered.asm.launch.MixinLaunchPlugin@5af535ff, net.neoforged.fml.common.asm.RuntimeEnumExtender@60c3f653, net.neoforged.fml.common.asm.RuntimeDistCleaner@a8e649e]}
[12:16:13] [main/DEBUG] (cpw.mods.modlauncher.LaunchPluginHandler) Final flags state for com.llamalad7.mixinextras.injector.WrapWithConditionInjector is 0
[12:16:13] [main/DEBUG] (cpw.mods.modlauncher.LaunchPluginHandler) LauncherPluginService mixin offering transform com.llamalad7.mixinextras.injector.WrapWithConditionInjector
[12:16:13] [main/DEBUG] (cpw.mods.modlauncher.LaunchPluginHandler) LauncherPluginService runtime_enum_extender offering transform com.llamalad7.mixinextras.injector.WrapWithConditionInjector
[12:16:13] [main/DEBUG] (cpw.mods.modlauncher.LaunchPluginHandler) LauncherPluginService runtimedistcleaner offering transform com.llamalad7.mixinextras.injector.WrapWithConditionInjector
[12:16:13] [main/DEBUG] (cpw.mods.modlauncher.LaunchPluginHandler) Final flags state for com.llamalad7.mixinextras.injector.WrapWithConditionInjector is 0
[12:16:13] [main/DEBUG] (cpw.mods.modlauncher.LaunchPluginHandler) LaunchPluginService {AFTER=[org.spongepowered.asm.launch.MixinLaunchPlugin@5af535ff, net.neoforged.fml.common.asm.RuntimeEnumExtender@60c3f653, net.neoforged.fml.common.asm.RuntimeDistCleaner@a8e649e]}
[12:16:13] [main/DEBUG] (cpw.mods.modlauncher.LaunchPluginHandler) Final flags state for com.llamalad7.mixinextras.injector.v2.WrapWithCondition is 0
[12:16:13] [main/DEBUG] (cpw.mods.modlauncher.LaunchPluginHandler) LauncherPluginService mixin offering transform com.llamalad7.mixinextras.injector.v2.WrapWithCondition
[12:16:13] [main/DEBUG] (cpw.mods.modlauncher.LaunchPluginHandler) LauncherPluginService runtime_enum_extender offering transform com.llamalad7.mixinextras.injector.v2.WrapWithCondition
[12:16:13] [main/DEBUG] (cpw.mods.modlauncher.LaunchPluginHandler) LauncherPluginService runtimedistcleaner offering transform com.llamalad7.mixinextras.injector.v2.WrapWithCondition
[12:16:13] [main/DEBUG] (cpw.mods.modlauncher.LaunchPluginHandler) Final flags state for com.llamalad7.mixinextras.injector.v2.WrapWithCondition is 0
[12:16:13] [main/DEBUG] (cpw.mods.modlauncher.LaunchPluginHandler) LaunchPluginService {AFTER=[org.spongepowered.asm.launch.MixinLaunchPlugin@5af535ff, net.neoforged.fml.common.asm.RuntimeEnumExtender@60c3f653, net.neoforged.fml.common.asm.RuntimeDistCleaner@a8e649e]}
[12:16:13] [main/DEBUG] (cpw.mods.modlauncher.LaunchPluginHandler) Final flags state for com.llamalad7.mixinextras.injector.wrapmethod.WrapMethod is 0
[12:16:13] [main/DEBUG] (cpw.mods.modlauncher.LaunchPluginHandler) LauncherPluginService mixin offering transform com.llamalad7.mixinextras.injector.wrapmethod.WrapMethod
[12:16:13] [main/DEBUG] (cpw.mods.modlauncher.LaunchPluginHandler) LauncherPluginService runtime_enum_extender offering transform com.llamalad7.mixinextras.injector.wrapmethod.WrapMethod
[12:16:13] [main/DEBUG] (cpw.mods.modlauncher.LaunchPluginHandler) LauncherPluginService runtimedistcleaner offering transform com.llamalad7.mixinextras.injector.wrapmethod.WrapMethod
[12:16:13] [main/DEBUG] (cpw.mods.modlauncher.LaunchPluginHandler) Final flags state for com.llamalad7.mixinextras.injector.wrapmethod.WrapMethod is 0
[12:16:13] [main/DEBUG] (cpw.mods.modlauncher.LaunchPluginHandler) LaunchPluginService {AFTER=[org.spongepowered.asm.launch.MixinLaunchPlugin@5af535ff, net.neoforged.fml.common.asm.RuntimeEnumExtender@60c3f653, net.neoforged.fml.common.asm.RuntimeDistCleaner@a8e649e]}
[12:16:13] [main/DEBUG] (cpw.mods.modlauncher.LaunchPluginHandler) Final flags state for com.llamalad7.mixinextras.injector.wrapmethod.WrapMethodInjector is 0
[12:16:13] [main/DEBUG] (cpw.mods.modlauncher.LaunchPluginHandler) LauncherPluginService mixin offering transform com.llamalad7.mixinextras.injector.wrapmethod.WrapMethodInjector
[12:16:13] [main/DEBUG] (cpw.mods.modlauncher.LaunchPluginHandler) LauncherPluginService runtime_enum_extender offering transform com.llamalad7.mixinextras.injector.wrapmethod.WrapMethodInjector
[12:16:13] [main/DEBUG] (cpw.mods.modlauncher.LaunchPluginHandler) LauncherPluginService runtimedistcleaner offering transform com.llamalad7.mixinextras.injector.wrapmethod.WrapMethodInjector
[12:16:13] [main/DEBUG] (cpw.mods.modlauncher.LaunchPluginHandler) Final flags state for com.llamalad7.mixinextras.injector.wrapmethod.WrapMethodInjector is 0
[12:16:13] [main/DEBUG] (mixin) Preparing smart_pick.mixins.json (1)
[12:16:13] [main/DEBUG] (cpw.mods.modlauncher.LaunchPluginHandler) LaunchPluginService {AFTER=[net.neoforged.fml.common.asm.RuntimeEnumExtender@60c3f653, net.neoforged.fml.common.asm.RuntimeDistCleaner@a8e649e]}
[12:16:13] [main/DEBUG] (cpw.mods.modlauncher.LaunchPluginHandler) Final flags state for dev.dacommander31.smart_pick.mixin.MinecraftMixin is 0
[12:16:13] [main/DEBUG] (cpw.mods.modlauncher.LaunchPluginHandler) LauncherPluginService runtime_enum_extender offering transform dev.dacommander31.smart_pick.mixin.MinecraftMixin
[12:16:13] [main/DEBUG] (cpw.mods.modlauncher.LaunchPluginHandler) LauncherPluginService runtimedistcleaner offering transform dev.dacommander31.smart_pick.mixin.MinecraftMixin
[12:16:13] [main/DEBUG] (cpw.mods.modlauncher.LaunchPluginHandler) Final flags state for dev.dacommander31.smart_pick.mixin.MinecraftMixin is 0
[12:16:13] [main/DEBUG] (cpw.mods.modlauncher.LaunchPluginHandler) LaunchPluginService {BEFORE=[net.neoforged.accesstransformer.ml.AccessTransformerService@2242dd2b], AFTER=[net.neoforged.fml.common.asm.RuntimeEnumExtender@60c3f653, juuxel.unprotect.modlauncher.UnprotectLaunchPlugin@6c6a7553, net.neoforged.fml.common.asm.RuntimeDistCleaner@a8e649e]}
[12:16:13] [main/DEBUG] (cpw.mods.modlauncher.LaunchPluginHandler) LauncherPluginService accesstransformer offering transform net.minecraft.client.Minecraft
[12:16:13] [main/DEBUG] (net.neoforged.accesstransformer.AccessTransformer) Transforming net.minecraft.client.Minecraft FIELD textureManager to access PUBLIC and LEAVE
[12:16:13] [main/DEBUG] (net.neoforged.accesstransformer.AccessTransformer) Transforming net.minecraft.client.Minecraft METHOD createSearchTrees()V to access PUBLIC and LEAVE
[12:16:13] [main/DEBUG] (cpw.mods.modlauncher.LaunchPluginHandler) LauncherPluginService accesstransformer transformed net.minecraft.client.Minecraft with class compute flags 256
[12:16:13] [main/DEBUG] (cpw.mods.modlauncher.LaunchPluginHandler) Final flags state for net.minecraft.client.Minecraft is 256
[12:16:13] [main/DEBUG] (cpw.mods.modlauncher.LaunchPluginHandler) LauncherPluginService runtime_enum_extender offering transform net.minecraft.client.Minecraft
[12:16:13] [main/DEBUG] (cpw.mods.modlauncher.LaunchPluginHandler) LauncherPluginService unprotect offering transform net.minecraft.client.Minecraft
[12:16:13] [main/DEBUG] (cpw.mods.modlauncher.LaunchPluginHandler) LauncherPluginService unprotect transformed net.minecraft.client.Minecraft with class compute flags 2
[12:16:13] [main/DEBUG] (cpw.mods.modlauncher.LaunchPluginHandler) LauncherPluginService runtimedistcleaner offering transform net.minecraft.client.Minecraft
[12:16:13] [main/DEBUG] (net.neoforged.fml.common.asm.RuntimeDistCleaner) Removing Class Annotation: net/minecraft/client/Minecraft @Lnet/neoforged/api/distmarker/OnlyIn;
[12:16:13] [main/DEBUG] (cpw.mods.modlauncher.LaunchPluginHandler) LauncherPluginService runtimedistcleaner transformed net.minecraft.client.Minecraft with class compute flags 256
[12:16:13] [main/DEBUG] (cpw.mods.modlauncher.LaunchPluginHandler) Final flags state for net.minecraft.client.Minecraft is 258
[12:16:13] [main/DEBUG] (cpw.mods.modlauncher.LaunchPluginHandler) LaunchPluginService {AFTER=[org.spongepowered.asm.launch.MixinLaunchPlugin@5af535ff, net.neoforged.fml.common.asm.RuntimeEnumExtender@60c3f653, juuxel.unprotect.modlauncher.UnprotectLaunchPlugin@6c6a7553, net.neoforged.fml.common.asm.RuntimeDistCleaner@a8e649e]}
[12:16:13] [main/DEBUG] (cpw.mods.modlauncher.LaunchPluginHandler) Final flags state for net.minecraft.util.thread.ReentrantBlockableEventLoop is 0
[12:16:13] [main/DEBUG] (cpw.mods.modlauncher.LaunchPluginHandler) LauncherPluginService mixin offering transform net.minecraft.util.thread.ReentrantBlockableEventLoop
[12:16:13] [main/DEBUG] (cpw.mods.modlauncher.LaunchPluginHandler) LauncherPluginService runtime_enum_extender offering transform net.minecraft.util.thread.ReentrantBlockableEventLoop
[12:16:13] [main/DEBUG] (cpw.mods.modlauncher.LaunchPluginHandler) LauncherPluginService unprotect offering transform net.minecraft.util.thread.ReentrantBlockableEventLoop
[12:16:13] [main/DEBUG] (cpw.mods.modlauncher.LaunchPluginHandler) LauncherPluginService unprotect transformed net.minecraft.util.thread.ReentrantBlockableEventLoop with class compute flags 2
[12:16:13] [main/DEBUG] (cpw.mods.modlauncher.LaunchPluginHandler) LauncherPluginService runtimedistcleaner offering transform net.minecraft.util.thread.ReentrantBlockableEventLoop
[12:16:13] [main/DEBUG] (cpw.mods.modlauncher.LaunchPluginHandler) Final flags state for net.minecraft.util.thread.ReentrantBlockableEventLoop is 2
[12:16:13] [main/DEBUG] (cpw.mods.modlauncher.LaunchPluginHandler) LaunchPluginService {BEFORE=[net.neoforged.accesstransformer.ml.AccessTransformerService@2242dd2b], AFTER=[org.spongepowered.asm.launch.MixinLaunchPlugin@5af535ff, net.neoforged.fml.common.asm.RuntimeEnumExtender@60c3f653, juuxel.unprotect.modlauncher.UnprotectLaunchPlugin@6c6a7553, net.neoforged.fml.common.asm.RuntimeDistCleaner@a8e649e]}
[12:16:13] [main/DEBUG] (cpw.mods.modlauncher.LaunchPluginHandler) LauncherPluginService accesstransformer offering transform net.minecraft.util.thread.BlockableEventLoop
[12:16:13] [main/DEBUG] (net.neoforged.accesstransformer.AccessTransformer) Transforming net.minecraft.util.thread.BlockableEventLoop METHOD submitAsync(Ljava/lang/Runnable;)Ljava/util/concurrent/CompletableFuture; to access PUBLIC and LEAVE
[12:16:13] [main/DEBUG] (cpw.mods.modlauncher.LaunchPluginHandler) LauncherPluginService accesstransformer transformed net.minecraft.util.thread.BlockableEventLoop with class compute flags 256
[12:16:13] [main/DEBUG] (cpw.mods.modlauncher.LaunchPluginHandler) Final flags state for net.minecraft.util.thread.BlockableEventLoop is 256
[12:16:13] [main/DEBUG] (cpw.mods.modlauncher.LaunchPluginHandler) LauncherPluginService mixin offering transform net.minecraft.util.thread.BlockableEventLoop
[12:16:13] [main/DEBUG] (cpw.mods.modlauncher.LaunchPluginHandler) LauncherPluginService runtime_enum_extender offering transform net.minecraft.util.thread.BlockableEventLoop
[12:16:13] [main/DEBUG] (cpw.mods.modlauncher.LaunchPluginHandler) LauncherPluginService unprotect offering transform net.minecraft.util.thread.BlockableEventLoop
[12:16:13] [main/DEBUG] (cpw.mods.modlauncher.LaunchPluginHandler) LauncherPluginService unprotect transformed net.minecraft.util.thread.BlockableEventLoop with class compute flags 2
[12:16:13] [main/DEBUG] (cpw.mods.modlauncher.LaunchPluginHandler) LauncherPluginService runtimedistcleaner offering transform net.minecraft.util.thread.BlockableEventLoop
[12:16:13] [main/DEBUG] (cpw.mods.modlauncher.LaunchPluginHandler) Final flags state for net.minecraft.util.thread.BlockableEventLoop is 2
[12:16:13] [main/DEBUG] (cpw.mods.modlauncher.LaunchPluginHandler) LaunchPluginService {AFTER=[org.spongepowered.asm.launch.MixinLaunchPlugin@5af535ff, net.neoforged.fml.common.asm.RuntimeEnumExtender@60c3f653, juuxel.unprotect.modlauncher.UnprotectLaunchPlugin@6c6a7553, net.neoforged.fml.common.asm.RuntimeDistCleaner@a8e649e]}
[12:16:13] [main/DEBUG] (cpw.mods.modlauncher.LaunchPluginHandler) Final flags state for net.minecraft.util.profiling.metrics.ProfilerMeasured is 0
[12:16:13] [main/DEBUG] (cpw.mods.modlauncher.LaunchPluginHandler) LauncherPluginService mixin offering transform net.minecraft.util.profiling.metrics.ProfilerMeasured
[12:16:13] [main/DEBUG] (cpw.mods.modlauncher.LaunchPluginHandler) LauncherPluginService runtime_enum_extender offering transform net.minecraft.util.profiling.metrics.ProfilerMeasured
[12:16:13] [main/DEBUG] (cpw.mods.modlauncher.LaunchPluginHandler) LauncherPluginService unprotect offering transform net.minecraft.util.profiling.metrics.ProfilerMeasured
[12:16:13] [main/DEBUG] (cpw.mods.modlauncher.LaunchPluginHandler) LauncherPluginService runtimedistcleaner offering transform net.minecraft.util.profiling.metrics.ProfilerMeasured
[12:16:13] [main/DEBUG] (cpw.mods.modlauncher.LaunchPluginHandler) Final flags state for net.minecraft.util.profiling.metrics.ProfilerMeasured is 0
[12:16:13] [main/DEBUG] (cpw.mods.modlauncher.LaunchPluginHandler) LaunchPluginService {AFTER=[org.spongepowered.asm.launch.MixinLaunchPlugin@5af535ff, net.neoforged.fml.common.asm.RuntimeEnumExtender@60c3f653, juuxel.unprotect.modlauncher.UnprotectLaunchPlugin@6c6a7553, net.neoforged.fml.common.asm.RuntimeDistCleaner@a8e649e]}
[12:16:13] [main/DEBUG] (cpw.mods.modlauncher.LaunchPluginHandler) Final flags state for net.minecraft.util.thread.ProcessorHandle is 0
[12:16:13] [main/DEBUG] (cpw.mods.modlauncher.LaunchPluginHandler) LauncherPluginService mixin offering transform net.minecraft.util.thread.ProcessorHandle
[12:16:13] [main/DEBUG] (cpw.mods.modlauncher.LaunchPluginHandler) LauncherPluginService runtime_enum_extender offering transform net.minecraft.util.thread.ProcessorHandle
[12:16:13] [main/DEBUG] (cpw.mods.modlauncher.LaunchPluginHandler) LauncherPluginService unprotect offering transform net.minecraft.util.thread.ProcessorHandle
[12:16:13] [main/DEBUG] (cpw.mods.modlauncher.LaunchPluginHandler) LauncherPluginService unprotect transformed net.minecraft.util.thread.ProcessorHandle with class compute flags 2
[12:16:13] [main/DEBUG] (cpw.mods.modlauncher.LaunchPluginHandler) LauncherPluginService runtimedistcleaner offering transform net.minecraft.util.thread.ProcessorHandle
[12:16:13] [main/DEBUG] (cpw.mods.modlauncher.LaunchPluginHandler) Final flags state for net.minecraft.util.thread.ProcessorHandle is 2
[12:16:13] [main/DEBUG] (cpw.mods.modlauncher.LaunchPluginHandler) LaunchPluginService {AFTER=[org.spongepowered.asm.launch.MixinLaunchPlugin@5af535ff, net.neoforged.fml.common.asm.RuntimeEnumExtender@60c3f653, net.neoforged.fml.common.asm.RuntimeDistCleaner@a8e649e]}
[12:16:13] [main/DEBUG] (cpw.mods.modlauncher.LaunchPluginHandler) Final flags state for java.lang.AutoCloseable is 0
[12:16:13] [main/DEBUG] (cpw.mods.modlauncher.LaunchPluginHandler) LauncherPluginService mixin offering transform java.lang.AutoCloseable
[12:16:13] [main/DEBUG] (cpw.mods.modlauncher.LaunchPluginHandler) LauncherPluginService runtime_enum_extender offering transform java.lang.AutoCloseable
[12:16:13] [main/DEBUG] (cpw.mods.modlauncher.LaunchPluginHandler) LauncherPluginService runtimedistcleaner offering transform java.lang.AutoCloseable
[12:16:13] [main/DEBUG] (cpw.mods.modlauncher.LaunchPluginHandler) Final flags state for java.lang.AutoCloseable is 0
[12:16:13] [main/DEBUG] (cpw.mods.modlauncher.LaunchPluginHandler) LaunchPluginService {AFTER=[org.spongepowered.asm.launch.MixinLaunchPlugin@5af535ff, net.neoforged.fml.common.asm.RuntimeEnumExtender@60c3f653, net.neoforged.fml.common.asm.RuntimeDistCleaner@a8e649e]}
[12:16:13] [main/DEBUG] (cpw.mods.modlauncher.LaunchPluginHandler) Final flags state for java.util.concurrent.Executor is 0
[12:16:13] [main/DEBUG] (cpw.mods.modlauncher.LaunchPluginHandler) LauncherPluginService mixin offering transform java.util.concurrent.Executor
[12:16:13] [main/DEBUG] (cpw.mods.modlauncher.LaunchPluginHandler) LauncherPluginService runtime_enum_extender offering transform java.util.concurrent.Executor
[12:16:13] [main/DEBUG] (cpw.mods.modlauncher.LaunchPluginHandler) LauncherPluginService runtimedistcleaner offering transform java.util.concurrent.Executor
[12:16:13] [main/DEBUG] (cpw.mods.modlauncher.LaunchPluginHandler) Final flags state for java.util.concurrent.Executor is 0
[12:16:13] [main/DEBUG] (cpw.mods.modlauncher.LaunchPluginHandler) LaunchPluginService {AFTER=[org.spongepowered.asm.launch.MixinLaunchPlugin@5af535ff, net.neoforged.fml.common.asm.RuntimeEnumExtender@60c3f653, juuxel.unprotect.modlauncher.UnprotectLaunchPlugin@6c6a7553, net.neoforged.fml.common.asm.RuntimeDistCleaner@a8e649e]}
[12:16:13] [main/DEBUG] (cpw.mods.modlauncher.LaunchPluginHandler) Final flags state for com.mojang.blaze3d.platform.WindowEventHandler is 0
[12:16:13] [main/DEBUG] (cpw.mods.modlauncher.LaunchPluginHandler) LauncherPluginService mixin offering transform com.mojang.blaze3d.platform.WindowEventHandler
[12:16:13] [main/DEBUG] (cpw.mods.modlauncher.LaunchPluginHandler) LauncherPluginService runtime_enum_extender offering transform com.mojang.blaze3d.platform.WindowEventHandler
[12:16:13] [main/DEBUG] (cpw.mods.modlauncher.LaunchPluginHandler) LauncherPluginService unprotect offering transform com.mojang.blaze3d.platform.WindowEventHandler
[12:16:13] [main/DEBUG] (cpw.mods.modlauncher.LaunchPluginHandler) LauncherPluginService runtimedistcleaner offering transform com.mojang.blaze3d.platform.WindowEventHandler
[12:16:13] [main/DEBUG] (net.neoforged.fml.common.asm.RuntimeDistCleaner) Removing Class Annotation: com/mojang/blaze3d/platform/WindowEventHandler @Lnet/neoforged/api/distmarker/OnlyIn;
[12:16:13] [main/DEBUG] (cpw.mods.modlauncher.LaunchPluginHandler) LauncherPluginService runtimedistcleaner transformed com.mojang.blaze3d.platform.WindowEventHandler with class compute flags 256
[12:16:13] [main/DEBUG] (cpw.mods.modlauncher.LaunchPluginHandler) Final flags state for com.mojang.blaze3d.platform.WindowEventHandler is 256
[12:16:13] [main/DEBUG] (cpw.mods.modlauncher.LaunchPluginHandler) LaunchPluginService {AFTER=[org.spongepowered.asm.launch.MixinLaunchPlugin@5af535ff, net.neoforged.fml.common.asm.RuntimeEnumExtender@60c3f653, net.neoforged.fml.common.asm.RuntimeDistCleaner@a8e649e]}
[12:16:13] [main/DEBUG] (cpw.mods.modlauncher.LaunchPluginHandler) Final flags state for net.neoforged.neoforge.client.extensions.IMinecraftExtension is 0
[12:16:13] [main/DEBUG] (cpw.mods.modlauncher.LaunchPluginHandler) LauncherPluginService mixin offering transform net.neoforged.neoforge.client.extensions.IMinecraftExtension
[12:16:13] [main/DEBUG] (cpw.mods.modlauncher.LaunchPluginHandler) LauncherPluginService runtime_enum_extender offering transform net.neoforged.neoforge.client.extensions.IMinecraftExtension
[12:16:13] [main/DEBUG] (cpw.mods.modlauncher.LaunchPluginHandler) LauncherPluginService runtimedistcleaner offering transform net.neoforged.neoforge.client.extensions.IMinecraftExtension
[12:16:13] [main/DEBUG] (cpw.mods.modlauncher.LaunchPluginHandler) Final flags state for net.neoforged.neoforge.client.extensions.IMinecraftExtension is 0
[12:16:13] [main/DEBUG] (cpw.mods.modlauncher.LaunchPluginHandler) LaunchPluginService {BEFORE=[net.neoforged.accesstransformer.ml.AccessTransformerService@2242dd2b], AFTER=[org.spongepowered.asm.launch.MixinLaunchPlugin@5af535ff, net.neoforged.fml.common.asm.RuntimeEnumExtender@60c3f653, juuxel.unprotect.modlauncher.UnprotectLaunchPlugin@6c6a7553, net.neoforged.fml.common.asm.RuntimeDistCleaner@a8e649e]}
[12:16:13] [main/DEBUG] (cpw.mods.modlauncher.LaunchPluginHandler) LauncherPluginService accesstransformer offering transform net.minecraft.client.gui.screens.Screen
[12:16:13] [main/DEBUG] (net.neoforged.accesstransformer.AccessTransformer) Transforming net.minecraft.client.gui.screens.Screen FIELD renderables to access PUBLIC and LEAVE
[12:16:13] [main/DEBUG] (cpw.mods.modlauncher.LaunchPluginHandler) LauncherPluginService accesstransformer transformed net.minecraft.client.gui.screens.Screen with class compute flags 256
[12:16:13] [main/DEBUG] (cpw.mods.modlauncher.LaunchPluginHandler) Final flags state for net.minecraft.client.gui.screens.Screen is 256
[12:16:13] [main/DEBUG] (cpw.mods.modlauncher.LaunchPluginHandler) LauncherPluginService mixin offering transform net.minecraft.client.gui.screens.Screen
[12:16:13] [main/DEBUG] (cpw.mods.modlauncher.LaunchPluginHandler) LauncherPluginService runtime_enum_extender offering transform net.minecraft.client.gui.screens.Screen
[12:16:13] [main/DEBUG] (cpw.mods.modlauncher.LaunchPluginHandler) LauncherPluginService unprotect offering transform net.minecraft.client.gui.screens.Screen
[12:16:13] [main/DEBUG] (cpw.mods.modlauncher.LaunchPluginHandler) LauncherPluginService unprotect transformed net.minecraft.client.gui.screens.Screen with class compute flags 2
[12:16:13] [main/DEBUG] (cpw.mods.modlauncher.LaunchPluginHandler) LauncherPluginService runtimedistcleaner offering transform net.minecraft.client.gui.screens.Screen
[12:16:13] [main/DEBUG] (net.neoforged.fml.common.asm.RuntimeDistCleaner) Removing Class Annotation: net/minecraft/client/gui/screens/Screen @Lnet/neoforged/api/distmarker/OnlyIn;
[12:16:13] [main/DEBUG] (cpw.mods.modlauncher.LaunchPluginHandler) LauncherPluginService runtimedistcleaner transformed net.minecraft.client.gui.screens.Screen with class compute flags 256
[12:16:13] [main/DEBUG] (cpw.mods.modlauncher.LaunchPluginHandler) Final flags state for net.minecraft.client.gui.screens.Screen is 258
[12:16:13] [main/DEBUG] (cpw.mods.modlauncher.LaunchPluginHandler) LaunchPluginService {AFTER=[org.spongepowered.asm.launch.MixinLaunchPlugin@5af535ff, net.neoforged.fml.common.asm.RuntimeEnumExtender@60c3f653, juuxel.unprotect.modlauncher.UnprotectLaunchPlugin@6c6a7553, net.neoforged.fml.common.asm.RuntimeDistCleaner@a8e649e]}
[12:16:13] [main/DEBUG] (cpw.mods.modlauncher.LaunchPluginHandler) Final flags state for net.minecraft.client.gui.components.events.AbstractContainerEventHandler is 0
[12:16:13] [main/DEBUG] (cpw.mods.modlauncher.LaunchPluginHandler) LauncherPluginService mixin offering transform net.minecraft.client.gui.components.events.AbstractContainerEventHandler
[12:16:13] [main/DEBUG] (cpw.mods.modlauncher.LaunchPluginHandler) LauncherPluginService runtime_enum_extender offering transform net.minecraft.client.gui.components.events.AbstractContainerEventHandler
[12:16:13] [main/DEBUG] (cpw.mods.modlauncher.LaunchPluginHandler) LauncherPluginService unprotect offering transform net.minecraft.client.gui.components.events.AbstractContainerEventHandler
[12:16:13] [main/DEBUG] (cpw.mods.modlauncher.LaunchPluginHandler) LauncherPluginService runtimedistcleaner offering transform net.minecraft.client.gui.components.events.AbstractContainerEventHandler
[12:16:13] [main/DEBUG] (net.neoforged.fml.common.asm.RuntimeDistCleaner) Removing Class Annotation: net/minecraft/client/gui/components/events/AbstractContainerEventHandler @Lnet/neoforged/api/distmarker/OnlyIn;
[12:16:13] [main/DEBUG] (cpw.mods.modlauncher.LaunchPluginHandler) LauncherPluginService runtimedistcleaner transformed net.minecraft.client.gui.components.events.AbstractContainerEventHandler with class compute flags 256
[12:16:13] [main/DEBUG] (cpw.mods.modlauncher.LaunchPluginHandler) Final flags state for net.minecraft.client.gui.components.events.AbstractContainerEventHandler is 256
[12:16:13] [main/DEBUG] (cpw.mods.modlauncher.LaunchPluginHandler) LaunchPluginService {AFTER=[org.spongepowered.asm.launch.MixinLaunchPlugin@5af535ff, net.neoforged.fml.common.asm.RuntimeEnumExtender@60c3f653, juuxel.unprotect.modlauncher.UnprotectLaunchPlugin@6c6a7553, net.neoforged.fml.common.asm.RuntimeDistCleaner@a8e649e]}
[12:16:13] [main/DEBUG] (cpw.mods.modlauncher.LaunchPluginHandler) Final flags state for net.minecraft.client.gui.components.events.ContainerEventHandler is 0
[12:16:13] [main/DEBUG] (cpw.mods.modlauncher.LaunchPluginHandler) LauncherPluginService mixin offering transform net.minecraft.client.gui.components.events.ContainerEventHandler
[12:16:13] [main/DEBUG] (cpw.mods.modlauncher.LaunchPluginHandler) LauncherPluginService runtime_enum_extender offering transform net.minecraft.client.gui.components.events.ContainerEventHandler
[12:16:13] [main/DEBUG] (cpw.mods.modlauncher.LaunchPluginHandler) LauncherPluginService unprotect offering transform net.minecraft.client.gui.components.events.ContainerEventHandler
[12:16:13] [main/DEBUG] (cpw.mods.modlauncher.LaunchPluginHandler) LauncherPluginService runtimedistcleaner offering transform net.minecraft.client.gui.components.events.ContainerEventHandler
[12:16:13] [main/DEBUG] (net.neoforged.fml.common.asm.RuntimeDistCleaner) Removing Class Annotation: net/minecraft/client/gui/components/events/ContainerEventHandler @Lnet/neoforged/api/distmarker/OnlyIn;
[12:16:13] [main/DEBUG] (cpw.mods.modlauncher.LaunchPluginHandler) LauncherPluginService runtimedistcleaner transformed net.minecraft.client.gui.components.events.ContainerEventHandler with class compute flags 256
[12:16:13] [main/DEBUG] (cpw.mods.modlauncher.LaunchPluginHandler) Final flags state for net.minecraft.client.gui.components.events.ContainerEventHandler is 256
[12:16:13] [main/DEBUG] (cpw.mods.modlauncher.LaunchPluginHandler) LaunchPluginService {AFTER=[org.spongepowered.asm.launch.MixinLaunchPlugin@5af535ff, net.neoforged.fml.common.asm.RuntimeEnumExtender@60c3f653, juuxel.unprotect.modlauncher.UnprotectLaunchPlugin@6c6a7553, net.neoforged.fml.common.asm.RuntimeDistCleaner@a8e649e]}
[12:16:13] [main/DEBUG] (cpw.mods.modlauncher.LaunchPluginHandler) Final flags state for net.minecraft.client.gui.components.events.GuiEventListener is 0
[12:16:13] [main/DEBUG] (cpw.mods.modlauncher.LaunchPluginHandler) LauncherPluginService mixin offering transform net.minecraft.client.gui.components.events.GuiEventListener
[12:16:13] [main/DEBUG] (cpw.mods.modlauncher.LaunchPluginHandler) LauncherPluginService runtime_enum_extender offering transform net.minecraft.client.gui.components.events.GuiEventListener
[12:16:13] [main/DEBUG] (cpw.mods.modlauncher.LaunchPluginHandler) LauncherPluginService unprotect offering transform net.minecraft.client.gui.components.events.GuiEventListener
[12:16:13] [main/DEBUG] (cpw.mods.modlauncher.LaunchPluginHandler) LauncherPluginService runtimedistcleaner offering transform net.minecraft.client.gui.components.events.GuiEventListener
[12:16:13] [main/DEBUG] (net.neoforged.fml.common.asm.RuntimeDistCleaner) Removing Class Annotation: net/minecraft/client/gui/components/events/GuiEventListener @Lnet/neoforged/api/distmarker/OnlyIn;
[12:16:13] [main/DEBUG] (cpw.mods.modlauncher.LaunchPluginHandler) LauncherPluginService runtimedistcleaner transformed net.minecraft.client.gui.components.events.GuiEventListener with class compute flags 256
[12:16:13] [main/DEBUG] (cpw.mods.modlauncher.LaunchPluginHandler) Final flags state for net.minecraft.client.gui.components.events.GuiEventListener is 256
[12:16:13] [main/DEBUG] (cpw.mods.modlauncher.LaunchPluginHandler) LaunchPluginService {AFTER=[org.spongepowered.asm.launch.MixinLaunchPlugin@5af535ff, net.neoforged.fml.common.asm.RuntimeEnumExtender@60c3f653, juuxel.unprotect.modlauncher.UnprotectLaunchPlugin@6c6a7553, net.neoforged.fml.common.asm.RuntimeDistCleaner@a8e649e]}
[12:16:13] [main/DEBUG] (cpw.mods.modlauncher.LaunchPluginHandler) Final flags state for net.minecraft.client.gui.components.TabOrderedElement is 0
[12:16:13] [main/DEBUG] (cpw.mods.modlauncher.LaunchPluginHandler) LauncherPluginService mixin offering transform net.minecraft.client.gui.components.TabOrderedElement
[12:16:13] [main/DEBUG] (cpw.mods.modlauncher.LaunchPluginHandler) LauncherPluginService runtime_enum_extender offering transform net.minecraft.client.gui.components.TabOrderedElement
[12:16:13] [main/DEBUG] (cpw.mods.modlauncher.LaunchPluginHandler) LauncherPluginService unprotect offering transform net.minecraft.client.gui.components.TabOrderedElement
[12:16:13] [main/DEBUG] (cpw.mods.modlauncher.LaunchPluginHandler) LauncherPluginService runtimedistcleaner offering transform net.minecraft.client.gui.components.TabOrderedElement
[12:16:13] [main/DEBUG] (net.neoforged.fml.common.asm.RuntimeDistCleaner) Removing Class Annotation: net/minecraft/client/gui/components/TabOrderedElement @Lnet/neoforged/api/distmarker/OnlyIn;
[12:16:13] [main/DEBUG] (cpw.mods.modlauncher.LaunchPluginHandler) LauncherPluginService runtimedistcleaner transformed net.minecraft.client.gui.components.TabOrderedElement with class compute flags 256
[12:16:13] [main/DEBUG] (cpw.mods.modlauncher.LaunchPluginHandler) Final flags state for net.minecraft.client.gui.components.TabOrderedElement is 256
[12:16:13] [main/DEBUG] (cpw.mods.modlauncher.LaunchPluginHandler) LaunchPluginService {AFTER=[org.spongepowered.asm.launch.MixinLaunchPlugin@5af535ff, net.neoforged.fml.common.asm.RuntimeEnumExtender@60c3f653, juuxel.unprotect.modlauncher.UnprotectLaunchPlugin@6c6a7553, net.neoforged.fml.common.asm.RuntimeDistCleaner@a8e649e]}
[12:16:13] [main/DEBUG] (cpw.mods.modlauncher.LaunchPluginHandler) Final flags state for net.minecraft.client.gui.components.Renderable is 0
[12:16:13] [main/DEBUG] (cpw.mods.modlauncher.LaunchPluginHandler) LauncherPluginService mixin offering transform net.minecraft.client.gui.components.Renderable
[12:16:13] [main/DEBUG] (cpw.mods.modlauncher.LaunchPluginHandler) LauncherPluginService runtime_enum_extender offering transform net.minecraft.client.gui.components.Renderable
[12:16:13] [main/DEBUG] (cpw.mods.modlauncher.LaunchPluginHandler) LauncherPluginService unprotect offering transform net.minecraft.client.gui.components.Renderable
[12:16:13] [main/DEBUG] (cpw.mods.modlauncher.LaunchPluginHandler) LauncherPluginService runtimedistcleaner offering transform net.minecraft.client.gui.components.Renderable
[12:16:13] [main/DEBUG] (net.neoforged.fml.common.asm.RuntimeDistCleaner) Removing Class Annotation: net/minecraft/client/gui/components/Renderable @Lnet/neoforged/api/distmarker/OnlyIn;
[12:16:13] [main/DEBUG] (cpw.mods.modlauncher.LaunchPluginHandler) LauncherPluginService runtimedistcleaner transformed net.minecraft.client.gui.components.Renderable with class compute flags 256
[12:16:13] [main/DEBUG] (cpw.mods.modlauncher.LaunchPluginHandler) Final flags state for net.minecraft.client.gui.components.Renderable is 256
[12:16:13] [main/DEBUG] (cpw.mods.modlauncher.LaunchPluginHandler) LaunchPluginService {AFTER=[org.spongepowered.asm.launch.MixinLaunchPlugin@5af535ff, net.neoforged.fml.common.asm.RuntimeEnumExtender@60c3f653, juuxel.unprotect.modlauncher.UnprotectLaunchPlugin@6c6a7553, net.neoforged.fml.common.asm.RuntimeDistCleaner@a8e649e]}
[12:16:13] [main/DEBUG] (cpw.mods.modlauncher.LaunchPluginHandler) Final flags state for net.minecraft.client.gui.screens.DeathScreen is 0
[12:16:13] [main/DEBUG] (cpw.mods.modlauncher.LaunchPluginHandler) LauncherPluginService mixin offering transform net.minecraft.client.gui.screens.DeathScreen
[12:16:13] [main/DEBUG] (cpw.mods.modlauncher.LaunchPluginHandler) LauncherPluginService runtime_enum_extender offering transform net.minecraft.client.gui.screens.DeathScreen
[12:16:13] [main/DEBUG] (cpw.mods.modlauncher.LaunchPluginHandler) LauncherPluginService unprotect offering transform net.minecraft.client.gui.screens.DeathScreen
[12:16:13] [main/DEBUG] (cpw.mods.modlauncher.LaunchPluginHandler) LauncherPluginService unprotect transformed net.minecraft.client.gui.screens.DeathScreen with class compute flags 2
[12:16:13] [main/DEBUG] (cpw.mods.modlauncher.LaunchPluginHandler) LauncherPluginService runtimedistcleaner offering transform net.minecraft.client.gui.screens.DeathScreen
[12:16:13] [main/DEBUG] (net.neoforged.fml.common.asm.RuntimeDistCleaner) Removing Class Annotation: net/minecraft/client/gui/screens/DeathScreen @Lnet/neoforged/api/distmarker/OnlyIn;
[12:16:13] [main/DEBUG] (cpw.mods.modlauncher.LaunchPluginHandler) LauncherPluginService runtimedistcleaner transformed net.minecraft.client.gui.screens.DeathScreen with class compute flags 256
[12:16:13] [main/DEBUG] (cpw.mods.modlauncher.LaunchPluginHandler) Final flags state for net.minecraft.client.gui.screens.DeathScreen is 258
[12:16:13] [main/DEBUG] (cpw.mods.modlauncher.LaunchPluginHandler) LaunchPluginService {AFTER=[org.spongepowered.asm.launch.MixinLaunchPlugin@5af535ff, net.neoforged.fml.common.asm.RuntimeEnumExtender@60c3f653, juuxel.unprotect.modlauncher.UnprotectLaunchPlugin@6c6a7553, net.neoforged.fml.common.asm.RuntimeDistCleaner@a8e649e]}
[12:16:13] [main/DEBUG] (cpw.mods.modlauncher.LaunchPluginHandler) Final flags state for net.minecraft.client.gui.screens.TitleScreen is 0
[12:16:13] [main/DEBUG] (cpw.mods.modlauncher.LaunchPluginHandler) LauncherPluginService mixin offering transform net.minecraft.client.gui.screens.TitleScreen
[12:16:13] [main/DEBUG] (cpw.mods.modlauncher.LaunchPluginHandler) LauncherPluginService runtime_enum_extender offering transform net.minecraft.client.gui.screens.TitleScreen
[12:16:13] [main/DEBUG] (cpw.mods.modlauncher.LaunchPluginHandler) LauncherPluginService unprotect offering transform net.minecraft.client.gui.screens.TitleScreen
[12:16:13] [main/DEBUG] (cpw.mods.modlauncher.LaunchPluginHandler) LauncherPluginService unprotect transformed net.minecraft.client.gui.screens.TitleScreen with class compute flags 2
[12:16:13] [main/DEBUG] (cpw.mods.modlauncher.LaunchPluginHandler) LauncherPluginService runtimedistcleaner offering transform net.minecraft.client.gui.screens.TitleScreen
[12:16:13] [main/DEBUG] (net.neoforged.fml.common.asm.RuntimeDistCleaner) Removing Class Annotation: net/minecraft/client/gui/screens/TitleScreen @Lnet/neoforged/api/distmarker/OnlyIn;
[12:16:13] [main/DEBUG] (cpw.mods.modlauncher.LaunchPluginHandler) LauncherPluginService runtimedistcleaner transformed net.minecraft.client.gui.screens.TitleScreen with class compute flags 256
[12:16:13] [main/DEBUG] (cpw.mods.modlauncher.LaunchPluginHandler) Final flags state for net.minecraft.client.gui.screens.TitleScreen is 258
[12:16:13] [main/DEBUG] (cpw.mods.modlauncher.LaunchPluginHandler) LaunchPluginService {AFTER=[org.spongepowered.asm.launch.MixinLaunchPlugin@5af535ff, net.neoforged.fml.common.asm.RuntimeEnumExtender@60c3f653, net.neoforged.fml.common.asm.RuntimeDistCleaner@a8e649e]}
[12:16:13] [main/DEBUG] (cpw.mods.modlauncher.LaunchPluginHandler) Final flags state for java.lang.Integer is 0
[12:16:13] [main/DEBUG] (cpw.mods.modlauncher.LaunchPluginHandler) LauncherPluginService mixin offering transform java.lang.Integer
[12:16:13] [main/DEBUG] (cpw.mods.modlauncher.LaunchPluginHandler) LauncherPluginService runtime_enum_extender offering transform java.lang.Integer
[12:16:13] [main/DEBUG] (cpw.mods.modlauncher.LaunchPluginHandler) LauncherPluginService runtimedistcleaner offering transform java.lang.Integer
[12:16:13] [main/DEBUG] (cpw.mods.modlauncher.LaunchPluginHandler) Final flags state for java.lang.Integer is 0
[12:16:13] [main/DEBUG] (cpw.mods.modlauncher.LaunchPluginHandler) LaunchPluginService {AFTER=[org.spongepowered.asm.launch.MixinLaunchPlugin@5af535ff, net.neoforged.fml.common.asm.RuntimeEnumExtender@60c3f653, net.neoforged.fml.common.asm.RuntimeDistCleaner@a8e649e]}
[12:16:13] [main/DEBUG] (cpw.mods.modlauncher.LaunchPluginHandler) Final flags state for java.lang.Number is 0
[12:16:13] [main/DEBUG] (cpw.mods.modlauncher.LaunchPluginHandler) LauncherPluginService mixin offering transform java.lang.Number
[12:16:13] [main/DEBUG] (cpw.mods.modlauncher.LaunchPluginHandler) LauncherPluginService runtime_enum_extender offering transform java.lang.Number
[12:16:13] [main/DEBUG] (cpw.mods.modlauncher.LaunchPluginHandler) LauncherPluginService runtimedistcleaner offering transform java.lang.Number
[12:16:13] [main/DEBUG] (cpw.mods.modlauncher.LaunchPluginHandler) Final flags state for java.lang.Number is 0
[12:16:13] [main/DEBUG] (cpw.mods.modlauncher.LaunchPluginHandler) LaunchPluginService {AFTER=[org.spongepowered.asm.launch.MixinLaunchPlugin@5af535ff, net.neoforged.fml.common.asm.RuntimeEnumExtender@60c3f653, net.neoforged.fml.common.asm.RuntimeDistCleaner@a8e649e]}
[12:16:13] [main/DEBUG] (cpw.mods.modlauncher.LaunchPluginHandler) Final flags state for java.io.Serializable is 0
[12:16:13] [main/DEBUG] (cpw.mods.modlauncher.LaunchPluginHandler) LauncherPluginService mixin offering transform java.io.Serializable
[12:16:13] [main/DEBUG] (cpw.mods.modlauncher.LaunchPluginHandler) LauncherPluginService runtime_enum_extender offering transform java.io.Serializable
[12:16:13] [main/DEBUG] (cpw.mods.modlauncher.LaunchPluginHandler) LauncherPluginService runtimedistcleaner offering transform java.io.Serializable
[12:16:13] [main/DEBUG] (cpw.mods.modlauncher.LaunchPluginHandler) Final flags state for java.io.Serializable is 0
[12:16:13] [main/DEBUG] (cpw.mods.modlauncher.LaunchPluginHandler) LaunchPluginService {AFTER=[org.spongepowered.asm.launch.MixinLaunchPlugin@5af535ff, net.neoforged.fml.common.asm.RuntimeEnumExtender@60c3f653, net.neoforged.fml.common.asm.RuntimeDistCleaner@a8e649e]}
[12:16:13] [main/DEBUG] (cpw.mods.modlauncher.LaunchPluginHandler) Final flags state for java.lang.Comparable is 0
[12:16:13] [main/DEBUG] (cpw.mods.modlauncher.LaunchPluginHandler) LauncherPluginService mixin offering transform java.lang.Comparable
[12:16:13] [main/DEBUG] (cpw.mods.modlauncher.LaunchPluginHandler) LauncherPluginService runtime_enum_extender offering transform java.lang.Comparable
[12:16:13] [main/DEBUG] (cpw.mods.modlauncher.LaunchPluginHandler) LauncherPluginService runtimedistcleaner offering transform java.lang.Comparable
[12:16:13] [main/DEBUG] (cpw.mods.modlauncher.LaunchPluginHandler) Final flags state for java.lang.Comparable is 0
[12:16:13] [main/DEBUG] (cpw.mods.modlauncher.LaunchPluginHandler) LaunchPluginService {AFTER=[org.spongepowered.asm.launch.MixinLaunchPlugin@5af535ff, net.neoforged.fml.common.asm.RuntimeEnumExtender@60c3f653, net.neoforged.fml.common.asm.RuntimeDistCleaner@a8e649e]}
[12:16:13] [main/DEBUG] (cpw.mods.modlauncher.LaunchPluginHandler) Final flags state for java.lang.constant.Constable is 0
[12:16:13] [main/DEBUG] (cpw.mods.modlauncher.LaunchPluginHandler) LauncherPluginService mixin offering transform java.lang.constant.Constable
[12:16:13] [main/DEBUG] (cpw.mods.modlauncher.LaunchPluginHandler) LauncherPluginService runtime_enum_extender offering transform java.lang.constant.Constable
[12:16:13] [main/DEBUG] (cpw.mods.modlauncher.LaunchPluginHandler) LauncherPluginService runtimedistcleaner offering transform java.lang.constant.Constable
[12:16:13] [main/DEBUG] (cpw.mods.modlauncher.LaunchPluginHandler) Final flags state for java.lang.constant.Constable is 0
[12:16:13] [main/DEBUG] (cpw.mods.modlauncher.LaunchPluginHandler) LaunchPluginService {AFTER=[org.spongepowered.asm.launch.MixinLaunchPlugin@5af535ff, net.neoforged.fml.common.asm.RuntimeEnumExtender@60c3f653, net.neoforged.fml.common.asm.RuntimeDistCleaner@a8e649e]}
[12:16:13] [main/DEBUG] (cpw.mods.modlauncher.LaunchPluginHandler) Final flags state for java.lang.constant.ConstantDesc is 0
[12:16:13] [main/DEBUG] (cpw.mods.modlauncher.LaunchPluginHandler) LauncherPluginService mixin offering transform java.lang.constant.ConstantDesc
[12:16:13] [main/DEBUG] (cpw.mods.modlauncher.LaunchPluginHandler) LauncherPluginService runtime_enum_extender offering transform java.lang.constant.ConstantDesc
[12:16:13] [main/DEBUG] (cpw.mods.modlauncher.LaunchPluginHandler) LauncherPluginService runtimedistcleaner offering transform java.lang.constant.ConstantDesc
[12:16:13] [main/DEBUG] (cpw.mods.modlauncher.LaunchPluginHandler) Final flags state for java.lang.constant.ConstantDesc is 0
[12:16:13] [main/DEBUG] (cpw.mods.modlauncher.LaunchPluginHandler) LaunchPluginService {AFTER=[org.spongepowered.asm.launch.MixinLaunchPlugin@5af535ff, net.neoforged.fml.common.asm.RuntimeEnumExtender@60c3f653, juuxel.unprotect.modlauncher.UnprotectLaunchPlugin@6c6a7553, net.neoforged.fml.common.asm.RuntimeDistCleaner@a8e649e]}
[12:16:13] [main/DEBUG] (cpw.mods.modlauncher.LaunchPluginHandler) Final flags state for net.minecraft.util.profiling.InactiveProfiler is 0
[12:16:13] [main/DEBUG] (cpw.mods.modlauncher.LaunchPluginHandler) LauncherPluginService mixin offering transform net.minecraft.util.profiling.InactiveProfiler
[12:16:13] [main/DEBUG] (cpw.mods.modlauncher.LaunchPluginHandler) LauncherPluginService runtime_enum_extender offering transform net.minecraft.util.profiling.InactiveProfiler
[12:16:13] [main/DEBUG] (cpw.mods.modlauncher.LaunchPluginHandler) LauncherPluginService unprotect offering transform net.minecraft.util.profiling.InactiveProfiler
[12:16:13] [main/DEBUG] (cpw.mods.modlauncher.LaunchPluginHandler) LauncherPluginService unprotect transformed net.minecraft.util.profiling.InactiveProfiler with class compute flags 2
[12:16:13] [main/DEBUG] (cpw.mods.modlauncher.LaunchPluginHandler) LauncherPluginService runtimedistcleaner offering transform net.minecraft.util.profiling.InactiveProfiler
[12:16:13] [main/DEBUG] (cpw.mods.modlauncher.LaunchPluginHandler) Final flags state for net.minecraft.util.profiling.InactiveProfiler is 2
[12:16:13] [main/DEBUG] (cpw.mods.modlauncher.LaunchPluginHandler) LaunchPluginService {AFTER=[org.spongepowered.asm.launch.MixinLaunchPlugin@5af535ff, net.neoforged.fml.common.asm.RuntimeEnumExtender@60c3f653, juuxel.unprotect.modlauncher.UnprotectLaunchPlugin@6c6a7553, net.neoforged.fml.common.asm.RuntimeDistCleaner@a8e649e]}
[12:16:13] [main/DEBUG] (cpw.mods.modlauncher.LaunchPluginHandler) Final flags state for net.minecraft.util.profiling.ProfileCollector is 0
[12:16:13] [main/DEBUG] (cpw.mods.modlauncher.LaunchPluginHandler) LauncherPluginService mixin offering transform net.minecraft.util.profiling.ProfileCollector
[12:16:13] [main/DEBUG] (cpw.mods.modlauncher.LaunchPluginHandler) LauncherPluginService runtime_enum_extender offering transform net.minecraft.util.profiling.ProfileCollector
[12:16:13] [main/DEBUG] (cpw.mods.modlauncher.LaunchPluginHandler) LauncherPluginService unprotect offering transform net.minecraft.util.profiling.ProfileCollector
[12:16:13] [main/DEBUG] (cpw.mods.modlauncher.LaunchPluginHandler) LauncherPluginService runtimedistcleaner offering transform net.minecraft.util.profiling.ProfileCollector
[12:16:13] [main/DEBUG] (cpw.mods.modlauncher.LaunchPluginHandler) Final flags state for net.minecraft.util.profiling.ProfileCollector is 0
[12:16:13] [main/DEBUG] (cpw.mods.modlauncher.LaunchPluginHandler) LaunchPluginService {AFTER=[org.spongepowered.asm.launch.MixinLaunchPlugin@5af535ff, net.neoforged.fml.common.asm.RuntimeEnumExtender@60c3f653, juuxel.unprotect.modlauncher.UnprotectLaunchPlugin@6c6a7553, net.neoforged.fml.common.asm.RuntimeDistCleaner@a8e649e]}
[12:16:13] [main/DEBUG] (cpw.mods.modlauncher.LaunchPluginHandler) Final flags state for net.minecraft.util.profiling.ProfilerFiller is 0
[12:16:13] [main/DEBUG] (cpw.mods.modlauncher.LaunchPluginHandler) LauncherPluginService mixin offering transform net.minecraft.util.profiling.ProfilerFiller
[12:16:13] [main/DEBUG] (cpw.mods.modlauncher.LaunchPluginHandler) LauncherPluginService runtime_enum_extender offering transform net.minecraft.util.profiling.ProfilerFiller
[12:16:13] [main/DEBUG] (cpw.mods.modlauncher.LaunchPluginHandler) LauncherPluginService unprotect offering transform net.minecraft.util.profiling.ProfilerFiller
[12:16:13] [main/DEBUG] (cpw.mods.modlauncher.LaunchPluginHandler) LauncherPluginService unprotect transformed net.minecraft.util.profiling.ProfilerFiller with class compute flags 2
[12:16:13] [main/DEBUG] (cpw.mods.modlauncher.LaunchPluginHandler) LauncherPluginService runtimedistcleaner offering transform net.minecraft.util.profiling.ProfilerFiller
[12:16:13] [main/DEBUG] (cpw.mods.modlauncher.LaunchPluginHandler) Final flags state for net.minecraft.util.profiling.ProfilerFiller is 2
[12:16:13] [main/DEBUG] (cpw.mods.modlauncher.LaunchPluginHandler) LaunchPluginService {AFTER=[org.spongepowered.asm.launch.MixinLaunchPlugin@5af535ff, net.neoforged.fml.common.asm.RuntimeEnumExtender@60c3f653, juuxel.unprotect.modlauncher.UnprotectLaunchPlugin@6c6a7553, net.neoforged.fml.common.asm.RuntimeDistCleaner@a8e649e]}
[12:16:13] [main/DEBUG] (cpw.mods.modlauncher.LaunchPluginHandler) Final flags state for net.minecraft.client.multiplayer.ServerData is 0
[12:16:13] [main/DEBUG] (cpw.mods.modlauncher.LaunchPluginHandler) LauncherPluginService mixin offering transform net.minecraft.client.multiplayer.ServerData
[12:16:13] [main/DEBUG] (cpw.mods.modlauncher.LaunchPluginHandler) LauncherPluginService runtime_enum_extender offering transform net.minecraft.client.multiplayer.ServerData
[12:16:13] [main/DEBUG] (cpw.mods.modlauncher.LaunchPluginHandler) LauncherPluginService unprotect offering transform net.minecraft.client.multiplayer.ServerData
[12:16:13] [main/DEBUG] (cpw.mods.modlauncher.LaunchPluginHandler) LauncherPluginService unprotect transformed net.minecraft.client.multiplayer.ServerData with class compute flags 2
[12:16:13] [main/DEBUG] (cpw.mods.modlauncher.LaunchPluginHandler) LauncherPluginService runtimedistcleaner offering transform net.minecraft.client.multiplayer.ServerData
[12:16:13] [main/DEBUG] (net.neoforged.fml.common.asm.RuntimeDistCleaner) Removing Class Annotation: net/minecraft/client/multiplayer/ServerData @Lnet/neoforged/api/distmarker/OnlyIn;
[12:16:13] [main/DEBUG] (cpw.mods.modlauncher.LaunchPluginHandler) LauncherPluginService runtimedistcleaner transformed net.minecraft.client.multiplayer.ServerData with class compute flags 256
[12:16:13] [main/DEBUG] (cpw.mods.modlauncher.LaunchPluginHandler) Final flags state for net.minecraft.client.multiplayer.ServerData is 258
[12:16:13] [main/DEBUG] (cpw.mods.modlauncher.LaunchPluginHandler) LaunchPluginService {AFTER=[org.spongepowered.asm.launch.MixinLaunchPlugin@5af535ff, net.neoforged.fml.common.asm.RuntimeEnumExtender@60c3f653, net.neoforged.fml.common.asm.RuntimeDistCleaner@a8e649e]}
[12:16:13] [main/DEBUG] (cpw.mods.modlauncher.LaunchPluginHandler) Final flags state for java.nio.file.Path is 0
[12:16:13] [main/DEBUG] (cpw.mods.modlauncher.LaunchPluginHandler) LauncherPluginService mixin offering transform java.nio.file.Path
[12:16:13] [main/DEBUG] (cpw.mods.modlauncher.LaunchPluginHandler) LauncherPluginService runtime_enum_extender offering transform java.nio.file.Path
[12:16:13] [main/DEBUG] (cpw.mods.modlauncher.LaunchPluginHandler) LauncherPluginService runtimedistcleaner offering transform java.nio.file.Path
[12:16:13] [main/DEBUG] (cpw.mods.modlauncher.LaunchPluginHandler) Final flags state for java.nio.file.Path is 0
[12:16:13] [main/DEBUG] (cpw.mods.modlauncher.LaunchPluginHandler) LaunchPluginService {AFTER=[org.spongepowered.asm.launch.MixinLaunchPlugin@5af535ff, net.neoforged.fml.common.asm.RuntimeEnumExtender@60c3f653, net.neoforged.fml.common.asm.RuntimeDistCleaner@a8e649e]}
[12:16:13] [main/DEBUG] (cpw.mods.modlauncher.LaunchPluginHandler) Final flags state for java.lang.Iterable is 0
[12:16:13] [main/DEBUG] (cpw.mods.modlauncher.LaunchPluginHandler) LauncherPluginService mixin offering transform java.lang.Iterable
[12:16:13] [main/DEBUG] (cpw.mods.modlauncher.LaunchPluginHandler) LauncherPluginService runtime_enum_extender offering transform java.lang.Iterable
[12:16:13] [main/DEBUG] (cpw.mods.modlauncher.LaunchPluginHandler) LauncherPluginService runtimedistcleaner offering transform java.lang.Iterable
[12:16:13] [main/DEBUG] (cpw.mods.modlauncher.LaunchPluginHandler) Final flags state for java.lang.Iterable is 0
[12:16:13] [main/DEBUG] (cpw.mods.modlauncher.LaunchPluginHandler) LaunchPluginService {AFTER=[org.spongepowered.asm.launch.MixinLaunchPlugin@5af535ff, net.neoforged.fml.common.asm.RuntimeEnumExtender@60c3f653, net.neoforged.fml.common.asm.RuntimeDistCleaner@a8e649e]}
[12:16:13] [main/DEBUG] (cpw.mods.modlauncher.LaunchPluginHandler) Final flags state for java.nio.file.Watchable is 0
[12:16:13] [main/DEBUG] (cpw.mods.modlauncher.LaunchPluginHandler) LauncherPluginService mixin offering transform java.nio.file.Watchable
[12:16:13] [main/DEBUG] (cpw.mods.modlauncher.LaunchPluginHandler) LauncherPluginService runtime_enum_extender offering transform java.nio.file.Watchable
[12:16:13] [main/DEBUG] (cpw.mods.modlauncher.LaunchPluginHandler) LauncherPluginService runtimedistcleaner offering transform java.nio.file.Watchable
[12:16:13] [main/DEBUG] (cpw.mods.modlauncher.LaunchPluginHandler) Final flags state for java.nio.file.Watchable is 0
[12:16:13] [main/DEBUG] (cpw.mods.modlauncher.LaunchPluginHandler) LaunchPluginService {AFTER=[org.spongepowered.asm.launch.MixinLaunchPlugin@5af535ff, net.neoforged.fml.common.asm.RuntimeEnumExtender@60c3f653, juuxel.unprotect.modlauncher.UnprotectLaunchPlugin@6c6a7553, net.neoforged.fml.common.asm.RuntimeDistCleaner@a8e649e]}
[12:16:13] [main/DEBUG] (cpw.mods.modlauncher.LaunchPluginHandler) Final flags state for net.minecraft.util.FileZipper is 0
[12:16:13] [main/DEBUG] (cpw.mods.modlauncher.LaunchPluginHandler) LauncherPluginService mixin offering transform net.minecraft.util.FileZipper
[12:16:13] [main/DEBUG] (cpw.mods.modlauncher.LaunchPluginHandler) LauncherPluginService runtime_enum_extender offering transform net.minecraft.util.FileZipper
[12:16:13] [main/DEBUG] (cpw.mods.modlauncher.LaunchPluginHandler) LauncherPluginService unprotect offering transform net.minecraft.util.FileZipper
[12:16:13] [main/DEBUG] (cpw.mods.modlauncher.LaunchPluginHandler) LauncherPluginService unprotect transformed net.minecraft.util.FileZipper with class compute flags 2
[12:16:13] [main/DEBUG] (cpw.mods.modlauncher.LaunchPluginHandler) LauncherPluginService runtimedistcleaner offering transform net.minecraft.util.FileZipper
[12:16:13] [main/DEBUG] (cpw.mods.modlauncher.LaunchPluginHandler) Final flags state for net.minecraft.util.FileZipper is 2
[12:16:13] [main/DEBUG] (cpw.mods.modlauncher.LaunchPluginHandler) LaunchPluginService {AFTER=[org.spongepowered.asm.launch.MixinLaunchPlugin@5af535ff, net.neoforged.fml.common.asm.RuntimeEnumExtender@60c3f653, net.neoforged.fml.common.asm.RuntimeDistCleaner@a8e649e]}
[12:16:13] [main/DEBUG] (cpw.mods.modlauncher.LaunchPluginHandler) Final flags state for java.io.Closeable is 0
[12:16:13] [main/DEBUG] (cpw.mods.modlauncher.LaunchPluginHandler) LauncherPluginService mixin offering transform java.io.Closeable
[12:16:13] [main/DEBUG] (cpw.mods.modlauncher.LaunchPluginHandler) LauncherPluginService runtime_enum_extender offering transform java.io.Closeable
[12:16:13] [main/DEBUG] (cpw.mods.modlauncher.LaunchPluginHandler) LauncherPluginService runtimedistcleaner offering transform java.io.Closeable
[12:16:13] [main/DEBUG] (cpw.mods.modlauncher.LaunchPluginHandler) Final flags state for java.io.Closeable is 0
[12:16:13] [main/DEBUG] (cpw.mods.modlauncher.LaunchPluginHandler) LaunchPluginService {AFTER=[org.spongepowered.asm.launch.MixinLaunchPlugin@5af535ff, net.neoforged.fml.common.asm.RuntimeEnumExtender@60c3f653, juuxel.unprotect.modlauncher.UnprotectLaunchPlugin@6c6a7553, net.neoforged.fml.common.asm.RuntimeDistCleaner@a8e649e]}
[12:16:13] [main/DEBUG] (cpw.mods.modlauncher.LaunchPluginHandler) Final flags state for net.minecraft.network.chat.MutableComponent is 0
[12:16:13] [main/DEBUG] (cpw.mods.modlauncher.LaunchPluginHandler) LauncherPluginService mixin offering transform net.minecraft.network.chat.MutableComponent
[12:16:13] [main/DEBUG] (cpw.mods.modlauncher.LaunchPluginHandler) LauncherPluginService runtime_enum_extender offering transform net.minecraft.network.chat.MutableComponent
[12:16:13] [main/DEBUG] (cpw.mods.modlauncher.LaunchPluginHandler) LauncherPluginService unprotect offering transform net.minecraft.network.chat.MutableComponent
[12:16:13] [main/DEBUG] (cpw.mods.modlauncher.LaunchPluginHandler) LauncherPluginService unprotect transformed net.minecraft.network.chat.MutableComponent with class compute flags 2
[12:16:13] [main/DEBUG] (cpw.mods.modlauncher.LaunchPluginHandler) LauncherPluginService runtimedistcleaner offering transform net.minecraft.network.chat.MutableComponent
[12:16:13] [main/DEBUG] (cpw.mods.modlauncher.LaunchPluginHandler) Final flags state for net.minecraft.network.chat.MutableComponent is 2
[12:16:13] [main/DEBUG] (cpw.mods.modlauncher.LaunchPluginHandler) LaunchPluginService {AFTER=[org.spongepowered.asm.launch.MixinLaunchPlugin@5af535ff, net.neoforged.fml.common.asm.RuntimeEnumExtender@60c3f653, juuxel.unprotect.modlauncher.UnprotectLaunchPlugin@6c6a7553, net.neoforged.fml.common.asm.RuntimeDistCleaner@a8e649e]}
[12:16:13] [main/DEBUG] (cpw.mods.modlauncher.LaunchPluginHandler) Final flags state for net.minecraft.network.chat.Component is 0
[12:16:13] [main/DEBUG] (cpw.mods.modlauncher.LaunchPluginHandler) LauncherPluginService mixin offering transform net.minecraft.network.chat.Component
[12:16:13] [main/DEBUG] (cpw.mods.modlauncher.LaunchPluginHandler) LauncherPluginService runtime_enum_extender offering transform net.minecraft.network.chat.Component
[12:16:13] [main/DEBUG] (cpw.mods.modlauncher.LaunchPluginHandler) LauncherPluginService unprotect offering transform net.minecraft.network.chat.Component
[12:16:13] [main/DEBUG] (cpw.mods.modlauncher.LaunchPluginHandler) LauncherPluginService runtimedistcleaner offering transform net.minecraft.network.chat.Component
[12:16:13] [main/DEBUG] (cpw.mods.modlauncher.LaunchPluginHandler) Final flags state for net.minecraft.network.chat.Component is 0
[12:16:13] [main/DEBUG] (cpw.mods.modlauncher.LaunchPluginHandler) LaunchPluginService {AFTER=[org.spongepowered.asm.launch.MixinLaunchPlugin@5af535ff, net.neoforged.fml.common.asm.RuntimeEnumExtender@60c3f653, net.neoforged.fml.common.asm.RuntimeDistCleaner@a8e649e]}
[12:16:13] [main/DEBUG] (cpw.mods.modlauncher.LaunchPluginHandler) Final flags state for com.mojang.brigadier.Message is 0
[12:16:13] [main/DEBUG] (cpw.mods.modlauncher.LaunchPluginHandler) LauncherPluginService mixin offering transform com.mojang.brigadier.Message
[12:16:13] [main/DEBUG] (cpw.mods.modlauncher.LaunchPluginHandler) LauncherPluginService runtime_enum_extender offering transform com.mojang.brigadier.Message
[12:16:13] [main/DEBUG] (cpw.mods.modlauncher.LaunchPluginHandler) LauncherPluginService runtimedistcleaner offering transform com.mojang.brigadier.Message
[12:16:13] [main/DEBUG] (cpw.mods.modlauncher.LaunchPluginHandler) Final flags state for com.mojang.brigadier.Message is 0
[12:16:13] [main/DEBUG] (cpw.mods.modlauncher.LaunchPluginHandler) LaunchPluginService {AFTER=[org.spongepowered.asm.launch.MixinLaunchPlugin@5af535ff, net.neoforged.fml.common.asm.RuntimeEnumExtender@60c3f653, juuxel.unprotect.modlauncher.UnprotectLaunchPlugin@6c6a7553, net.neoforged.fml.common.asm.RuntimeDistCleaner@a8e649e]}
[12:16:13] [main/DEBUG] (cpw.mods.modlauncher.LaunchPluginHandler) Final flags state for net.minecraft.network.chat.FormattedText is 0
[12:16:13] [main/DEBUG] (cpw.mods.modlauncher.LaunchPluginHandler) LauncherPluginService mixin offering transform net.minecraft.network.chat.FormattedText
[12:16:13] [main/DEBUG] (cpw.mods.modlauncher.LaunchPluginHandler) LauncherPluginService runtime_enum_extender offering transform net.minecraft.network.chat.FormattedText
[12:16:13] [main/DEBUG] (cpw.mods.modlauncher.LaunchPluginHandler) LauncherPluginService unprotect offering transform net.minecraft.network.chat.FormattedText
[12:16:13] [main/DEBUG] (cpw.mods.modlauncher.LaunchPluginHandler) LauncherPluginService unprotect transformed net.minecraft.network.chat.FormattedText with class compute flags 2
[12:16:13] [main/DEBUG] (cpw.mods.modlauncher.LaunchPluginHandler) LauncherPluginService runtimedistcleaner offering transform net.minecraft.network.chat.FormattedText
[12:16:13] [main/DEBUG] (cpw.mods.modlauncher.LaunchPluginHandler) Final flags state for net.minecraft.network.chat.FormattedText is 2
[12:16:13] [main/DEBUG] (cpw.mods.modlauncher.LaunchPluginHandler) LaunchPluginService {BEFORE=[net.neoforged.accesstransformer.ml.AccessTransformerService@2242dd2b], AFTER=[org.spongepowered.asm.launch.MixinLaunchPlugin@5af535ff, net.neoforged.fml.common.asm.RuntimeEnumExtender@60c3f653, juuxel.unprotect.modlauncher.UnprotectLaunchPlugin@6c6a7553, net.neoforged.fml.common.asm.RuntimeDistCleaner@a8e649e]}
[12:16:13] [main/DEBUG] (cpw.mods.modlauncher.LaunchPluginHandler) LauncherPluginService accesstransformer offering transform net.minecraft.world.entity.Entity
[12:16:13] [main/DEBUG] (net.neoforged.accesstransformer.AccessTransformer) Transforming net.minecraft.world.entity.Entity FIELD ENTITY_COUNTER to access PROTECTED and LEAVE
[12:16:13] [main/DEBUG] (net.neoforged.accesstransformer.AccessTransformer) Transforming net.minecraft.world.entity.Entity METHOD getEncodeId()Ljava/lang/String; to access PUBLIC and LEAVE
[12:16:13] [main/DEBUG] (cpw.mods.modlauncher.LaunchPluginHandler) LauncherPluginService accesstransformer transformed net.minecraft.world.entity.Entity with class compute flags 256
[12:16:13] [main/DEBUG] (cpw.mods.modlauncher.LaunchPluginHandler) Final flags state for net.minecraft.world.entity.Entity is 256
[12:16:13] [main/DEBUG] (cpw.mods.modlauncher.LaunchPluginHandler) LauncherPluginService mixin offering transform net.minecraft.world.entity.Entity
[12:16:13] [main/DEBUG] (cpw.mods.modlauncher.LaunchPluginHandler) LauncherPluginService runtime_enum_extender offering transform net.minecraft.world.entity.Entity
[12:16:13] [main/DEBUG] (cpw.mods.modlauncher.LaunchPluginHandler) LauncherPluginService unprotect offering transform net.minecraft.world.entity.Entity
[12:16:13] [main/DEBUG] (cpw.mods.modlauncher.LaunchPluginHandler) LauncherPluginService unprotect transformed net.minecraft.world.entity.Entity with class compute flags 2
[12:16:13] [main/DEBUG] (cpw.mods.modlauncher.LaunchPluginHandler) LauncherPluginService runtimedistcleaner offering transform net.minecraft.world.entity.Entity
[12:16:13] [main/DEBUG] (cpw.mods.modlauncher.LaunchPluginHandler) Final flags state for net.minecraft.world.entity.Entity is 2
[12:16:13] [main/DEBUG] (cpw.mods.modlauncher.LaunchPluginHandler) LaunchPluginService {AFTER=[org.spongepowered.asm.launch.MixinLaunchPlugin@5af535ff, net.neoforged.fml.common.asm.RuntimeEnumExtender@60c3f653, net.neoforged.fml.common.asm.RuntimeDistCleaner@a8e649e]}
[12:16:13] [main/DEBUG] (cpw.mods.modlauncher.LaunchPluginHandler) Final flags state for net.neoforged.neoforge.attachment.AttachmentHolder is 0
[12:16:13] [main/DEBUG] (cpw.mods.modlauncher.LaunchPluginHandler) LauncherPluginService mixin offering transform net.neoforged.neoforge.attachment.AttachmentHolder
[12:16:13] [main/DEBUG] (cpw.mods.modlauncher.LaunchPluginHandler) LauncherPluginService runtime_enum_extender offering transform net.neoforged.neoforge.attachment.AttachmentHolder
[12:16:13] [main/DEBUG] (cpw.mods.modlauncher.LaunchPluginHandler) LauncherPluginService runtimedistcleaner offering transform net.neoforged.neoforge.attachment.AttachmentHolder
[12:16:13] [main/DEBUG] (cpw.mods.modlauncher.LaunchPluginHandler) Final flags state for net.neoforged.neoforge.attachment.AttachmentHolder is 0
[12:16:13] [main/DEBUG] (cpw.mods.modlauncher.LaunchPluginHandler) LaunchPluginService {AFTER=[org.spongepowered.asm.launch.MixinLaunchPlugin@5af535ff, net.neoforged.fml.common.asm.RuntimeEnumExtender@60c3f653, net.neoforged.fml.common.asm.RuntimeDistCleaner@a8e649e]}
[12:16:13] [main/DEBUG] (cpw.mods.modlauncher.LaunchPluginHandler) Final flags state for net.neoforged.neoforge.attachment.IAttachmentHolder is 0
[12:16:13] [main/DEBUG] (cpw.mods.modlauncher.LaunchPluginHandler) LauncherPluginService mixin offering transform net.neoforged.neoforge.attachment.IAttachmentHolder
[12:16:13] [main/DEBUG] (cpw.mods.modlauncher.LaunchPluginHandler) LauncherPluginService runtime_enum_extender offering transform net.neoforged.neoforge.attachment.IAttachmentHolder
[12:16:13] [main/DEBUG] (cpw.mods.modlauncher.LaunchPluginHandler) LauncherPluginService runtimedistcleaner offering transform net.neoforged.neoforge.attachment.IAttachmentHolder
[12:16:13] [main/DEBUG] (cpw.mods.modlauncher.LaunchPluginHandler) Final flags state for net.neoforged.neoforge.attachment.IAttachmentHolder is 0
[12:16:13] [main/DEBUG] (cpw.mods.modlauncher.LaunchPluginHandler) LaunchPluginService {AFTER=[org.spongepowered.asm.launch.MixinLaunchPlugin@5af535ff, net.neoforged.fml.common.asm.RuntimeEnumExtender@60c3f653, juuxel.unprotect.modlauncher.UnprotectLaunchPlugin@6c6a7553, net.neoforged.fml.common.asm.RuntimeDistCleaner@a8e649e]}
[12:16:13] [main/DEBUG] (cpw.mods.modlauncher.LaunchPluginHandler) Final flags state for net.minecraft.world.Nameable is 0
[12:16:13] [main/DEBUG] (cpw.mods.modlauncher.LaunchPluginHandler) LauncherPluginService mixin offering transform net.minecraft.world.Nameable
[12:16:13] [main/DEBUG] (cpw.mods.modlauncher.LaunchPluginHandler) LauncherPluginService runtime_enum_extender offering transform net.minecraft.world.Nameable
[12:16:13] [main/DEBUG] (cpw.mods.modlauncher.LaunchPluginHandler) LauncherPluginService unprotect offering transform net.minecraft.world.Nameable
[12:16:13] [main/DEBUG] (cpw.mods.modlauncher.LaunchPluginHandler) LauncherPluginService runtimedistcleaner offering transform net.minecraft.world.Nameable
[12:16:13] [main/DEBUG] (cpw.mods.modlauncher.LaunchPluginHandler) Final flags state for net.minecraft.world.Nameable is 0
[12:16:13] [main/DEBUG] (cpw.mods.modlauncher.LaunchPluginHandler) LaunchPluginService {AFTER=[org.spongepowered.asm.launch.MixinLaunchPlugin@5af535ff, net.neoforged.fml.common.asm.RuntimeEnumExtender@60c3f653, juuxel.unprotect.modlauncher.UnprotectLaunchPlugin@6c6a7553, net.neoforged.fml.common.asm.RuntimeDistCleaner@a8e649e]}
[12:16:13] [main/DEBUG] (cpw.mods.modlauncher.LaunchPluginHandler) Final flags state for net.minecraft.world.level.entity.EntityAccess is 0
[12:16:13] [main/DEBUG] (cpw.mods.modlauncher.LaunchPluginHandler) LauncherPluginService mixin offering transform net.minecraft.world.level.entity.EntityAccess
[12:16:13] [main/DEBUG] (cpw.mods.modlauncher.LaunchPluginHandler) LauncherPluginService runtime_enum_extender offering transform net.minecraft.world.level.entity.EntityAccess
[12:16:13] [main/DEBUG] (cpw.mods.modlauncher.LaunchPluginHandler) LauncherPluginService unprotect offering transform net.minecraft.world.level.entity.EntityAccess
[12:16:13] [main/DEBUG] (cpw.mods.modlauncher.LaunchPluginHandler) LauncherPluginService runtimedistcleaner offering transform net.minecraft.world.level.entity.EntityAccess
[12:16:13] [main/DEBUG] (cpw.mods.modlauncher.LaunchPluginHandler) Final flags state for net.minecraft.world.level.entity.EntityAccess is 0
[12:16:13] [main/DEBUG] (cpw.mods.modlauncher.LaunchPluginHandler) LaunchPluginService {AFTER=[org.spongepowered.asm.launch.MixinLaunchPlugin@5af535ff, net.neoforged.fml.common.asm.RuntimeEnumExtender@60c3f653, juuxel.unprotect.modlauncher.UnprotectLaunchPlugin@6c6a7553, net.neoforged.fml.common.asm.RuntimeDistCleaner@a8e649e]}
[12:16:13] [main/DEBUG] (cpw.mods.modlauncher.LaunchPluginHandler) Final flags state for net.minecraft.commands.CommandSource is 0
[12:16:13] [main/DEBUG] (cpw.mods.modlauncher.LaunchPluginHandler) LauncherPluginService mixin offering transform net.minecraft.commands.CommandSource
[12:16:13] [main/DEBUG] (cpw.mods.modlauncher.LaunchPluginHandler) LauncherPluginService runtime_enum_extender offering transform net.minecraft.commands.CommandSource
[12:16:13] [main/DEBUG] (cpw.mods.modlauncher.LaunchPluginHandler) LauncherPluginService unprotect offering transform net.minecraft.commands.CommandSource
[12:16:13] [main/DEBUG] (cpw.mods.modlauncher.LaunchPluginHandler) LauncherPluginService unprotect transformed net.minecraft.commands.CommandSource with class compute flags 2
[12:16:13] [main/DEBUG] (cpw.mods.modlauncher.LaunchPluginHandler) LauncherPluginService runtimedistcleaner offering transform net.minecraft.commands.CommandSource
[12:16:13] [main/DEBUG] (cpw.mods.modlauncher.LaunchPluginHandler) Final flags state for net.minecraft.commands.CommandSource is 2
[12:16:13] [main/DEBUG] (cpw.mods.modlauncher.LaunchPluginHandler) LaunchPluginService {AFTER=[org.spongepowered.asm.launch.MixinLaunchPlugin@5af535ff, net.neoforged.fml.common.asm.RuntimeEnumExtender@60c3f653, juuxel.unprotect.modlauncher.UnprotectLaunchPlugin@6c6a7553, net.neoforged.fml.common.asm.RuntimeDistCleaner@a8e649e]}
[12:16:13] [main/DEBUG] (cpw.mods.modlauncher.LaunchPluginHandler) Final flags state for net.minecraft.world.scores.ScoreHolder is 0
[12:16:13] [main/DEBUG] (cpw.mods.modlauncher.LaunchPluginHandler) LauncherPluginService mixin offering transform net.minecraft.world.scores.ScoreHolder
[12:16:13] [main/DEBUG] (cpw.mods.modlauncher.LaunchPluginHandler) LauncherPluginService runtime_enum_extender offering transform net.minecraft.world.scores.ScoreHolder
[12:16:13] [main/DEBUG] (cpw.mods.modlauncher.LaunchPluginHandler) LauncherPluginService unprotect offering transform net.minecraft.world.scores.ScoreHolder
[12:16:13] [main/DEBUG] (cpw.mods.modlauncher.LaunchPluginHandler) LauncherPluginService unprotect transformed net.minecraft.world.scores.ScoreHolder with class compute flags 2
[12:16:13] [main/DEBUG] (cpw.mods.modlauncher.LaunchPluginHandler) LauncherPluginService runtimedistcleaner offering transform net.minecraft.world.scores.ScoreHolder
[12:16:13] [main/DEBUG] (cpw.mods.modlauncher.LaunchPluginHandler) Final flags state for net.minecraft.world.scores.ScoreHolder is 2
[12:16:13] [main/DEBUG] (cpw.mods.modlauncher.LaunchPluginHandler) LaunchPluginService {AFTER=[org.spongepowered.asm.launch.MixinLaunchPlugin@5af535ff, net.neoforged.fml.common.asm.RuntimeEnumExtender@60c3f653, net.neoforged.fml.common.asm.RuntimeDistCleaner@a8e649e]}
[12:16:13] [main/DEBUG] (cpw.mods.modlauncher.LaunchPluginHandler) Final flags state for net.neoforged.neoforge.common.extensions.IEntityExtension is 0
[12:16:13] [main/DEBUG] (cpw.mods.modlauncher.LaunchPluginHandler) LauncherPluginService mixin offering transform net.neoforged.neoforge.common.extensions.IEntityExtension
[12:16:13] [main/DEBUG] (cpw.mods.modlauncher.LaunchPluginHandler) LauncherPluginService runtime_enum_extender offering transform net.neoforged.neoforge.common.extensions.IEntityExtension
[12:16:13] [main/DEBUG] (cpw.mods.modlauncher.LaunchPluginHandler) LauncherPluginService runtimedistcleaner offering transform net.neoforged.neoforge.common.extensions.IEntityExtension
[12:16:13] [main/DEBUG] (cpw.mods.modlauncher.LaunchPluginHandler) Final flags state for net.neoforged.neoforge.common.extensions.IEntityExtension is 0
[12:16:13] [main/DEBUG] (cpw.mods.modlauncher.LaunchPluginHandler) LaunchPluginService {AFTER=[org.spongepowered.asm.launch.MixinLaunchPlugin@5af535ff, net.neoforged.fml.common.asm.RuntimeEnumExtender@60c3f653, net.neoforged.fml.common.asm.RuntimeDistCleaner@a8e649e]}
[12:16:13] [main/DEBUG] (cpw.mods.modlauncher.LaunchPluginHandler) Final flags state for net.neoforged.neoforge.common.util.INBTSerializable is 0
[12:16:13] [main/DEBUG] (cpw.mods.modlauncher.LaunchPluginHandler) LauncherPluginService mixin offering transform net.neoforged.neoforge.common.util.INBTSerializable
[12:16:13] [main/DEBUG] (cpw.mods.modlauncher.LaunchPluginHandler) LauncherPluginService runtime_enum_extender offering transform net.neoforged.neoforge.common.util.INBTSerializable
[12:16:13] [main/DEBUG] (cpw.mods.modlauncher.LaunchPluginHandler) LauncherPluginService runtimedistcleaner offering transform net.neoforged.neoforge.common.util.INBTSerializable
[12:16:13] [main/DEBUG] (cpw.mods.modlauncher.LaunchPluginHandler) Final flags state for net.neoforged.neoforge.common.util.INBTSerializable is 0
[12:16:13] [main/DEBUG] (cpw.mods.modlauncher.LaunchPluginHandler) LaunchPluginService {AFTER=[org.spongepowered.asm.launch.MixinLaunchPlugin@5af535ff, net.neoforged.fml.common.asm.RuntimeEnumExtender@60c3f653, juuxel.unprotect.modlauncher.UnprotectLaunchPlugin@6c6a7553, net.neoforged.fml.common.asm.RuntimeDistCleaner@a8e649e]}
[12:16:13] [main/DEBUG] (cpw.mods.modlauncher.LaunchPluginHandler) Final flags state for net.minecraft.core.BlockPos is 0
[12:16:13] [main/DEBUG] (cpw.mods.modlauncher.LaunchPluginHandler) LauncherPluginService mixin offering transform net.minecraft.core.BlockPos
[12:16:13] [main/DEBUG] (cpw.mods.modlauncher.LaunchPluginHandler) LauncherPluginService runtime_enum_extender offering transform net.minecraft.core.BlockPos
[12:16:13] [main/DEBUG] (cpw.mods.modlauncher.LaunchPluginHandler) LauncherPluginService unprotect offering transform net.minecraft.core.BlockPos
[12:16:13] [main/DEBUG] (cpw.mods.modlauncher.LaunchPluginHandler) LauncherPluginService unprotect transformed net.minecraft.core.BlockPos with class compute flags 2
[12:16:13] [main/DEBUG] (cpw.mods.modlauncher.LaunchPluginHandler) LauncherPluginService runtimedistcleaner offering transform net.minecraft.core.BlockPos
[12:16:13] [main/DEBUG] (cpw.mods.modlauncher.LaunchPluginHandler) Final flags state for net.minecraft.core.BlockPos is 2
[12:16:13] [main/DEBUG] (cpw.mods.modlauncher.LaunchPluginHandler) LaunchPluginService {AFTER=[org.spongepowered.asm.launch.MixinLaunchPlugin@5af535ff, net.neoforged.fml.common.asm.RuntimeEnumExtender@60c3f653, juuxel.unprotect.modlauncher.UnprotectLaunchPlugin@6c6a7553, net.neoforged.fml.common.asm.RuntimeDistCleaner@a8e649e]}
[12:16:13] [main/DEBUG] (cpw.mods.modlauncher.LaunchPluginHandler) Final flags state for net.minecraft.core.Vec3i is 0
[12:16:13] [main/DEBUG] (cpw.mods.modlauncher.LaunchPluginHandler) LauncherPluginService mixin offering transform net.minecraft.core.Vec3i
[12:16:13] [main/DEBUG] (cpw.mods.modlauncher.LaunchPluginHandler) LauncherPluginService runtime_enum_extender offering transform net.minecraft.core.Vec3i
[12:16:13] [main/DEBUG] (cpw.mods.modlauncher.LaunchPluginHandler) LauncherPluginService unprotect offering transform net.minecraft.core.Vec3i
[12:16:13] [main/DEBUG] (cpw.mods.modlauncher.LaunchPluginHandler) LauncherPluginService unprotect transformed net.minecraft.core.Vec3i with class compute flags 2
[12:16:13] [main/DEBUG] (cpw.mods.modlauncher.LaunchPluginHandler) LauncherPluginService runtimedistcleaner offering transform net.minecraft.core.Vec3i
[12:16:13] [main/DEBUG] (cpw.mods.modlauncher.LaunchPluginHandler) Final flags state for net.minecraft.core.Vec3i is 2
[12:16:13] [main/DEBUG] (cpw.mods.modlauncher.LaunchPluginHandler) LaunchPluginService {AFTER=[org.spongepowered.asm.launch.MixinLaunchPlugin@5af535ff, net.neoforged.fml.common.asm.RuntimeEnumExtender@60c3f653, juuxel.unprotect.modlauncher.UnprotectLaunchPlugin@6c6a7553, net.neoforged.fml.common.asm.RuntimeDistCleaner@a8e649e]}
[12:16:13] [main/DEBUG] (cpw.mods.modlauncher.LaunchPluginHandler) Final flags state for net.minecraft.nbt.ListTag is 0
[12:16:13] [main/DEBUG] (cpw.mods.modlauncher.LaunchPluginHandler) LauncherPluginService mixin offering transform net.minecraft.nbt.ListTag
[12:16:13] [main/DEBUG] (cpw.mods.modlauncher.LaunchPluginHandler) LauncherPluginService runtime_enum_extender offering transform net.minecraft.nbt.ListTag
[12:16:13] [main/DEBUG] (cpw.mods.modlauncher.LaunchPluginHandler) LauncherPluginService unprotect offering transform net.minecraft.nbt.ListTag
[12:16:13] [main/DEBUG] (cpw.mods.modlauncher.LaunchPluginHandler) LauncherPluginService unprotect transformed net.minecraft.nbt.ListTag with class compute flags 2
[12:16:13] [main/DEBUG] (cpw.mods.modlauncher.LaunchPluginHandler) LauncherPluginService runtimedistcleaner offering transform net.minecraft.nbt.ListTag
[12:16:13] [main/DEBUG] (cpw.mods.modlauncher.LaunchPluginHandler) Final flags state for net.minecraft.nbt.ListTag is 2
[12:16:13] [main/DEBUG] (cpw.mods.modlauncher.LaunchPluginHandler) LaunchPluginService {AFTER=[org.spongepowered.asm.launch.MixinLaunchPlugin@5af535ff, net.neoforged.fml.common.asm.RuntimeEnumExtender@60c3f653, juuxel.unprotect.modlauncher.UnprotectLaunchPlugin@6c6a7553, net.neoforged.fml.common.asm.RuntimeDistCleaner@a8e649e]}
[12:16:13] [main/DEBUG] (cpw.mods.modlauncher.LaunchPluginHandler) Final flags state for net.minecraft.nbt.CollectionTag is 0
[12:16:13] [main/DEBUG] (cpw.mods.modlauncher.LaunchPluginHandler) LauncherPluginService mixin offering transform net.minecraft.nbt.CollectionTag
[12:16:13] [main/DEBUG] (cpw.mods.modlauncher.LaunchPluginHandler) LauncherPluginService runtime_enum_extender offering transform net.minecraft.nbt.CollectionTag
[12:16:13] [main/DEBUG] (cpw.mods.modlauncher.LaunchPluginHandler) LauncherPluginService unprotect offering transform net.minecraft.nbt.CollectionTag
[12:16:13] [main/DEBUG] (cpw.mods.modlauncher.LaunchPluginHandler) LauncherPluginService runtimedistcleaner offering transform net.minecraft.nbt.CollectionTag
[12:16:13] [main/DEBUG] (cpw.mods.modlauncher.LaunchPluginHandler) Final flags state for net.minecraft.nbt.CollectionTag is 0
[12:16:13] [main/DEBUG] (cpw.mods.modlauncher.LaunchPluginHandler) LaunchPluginService {AFTER=[org.spongepowered.asm.launch.MixinLaunchPlugin@5af535ff, net.neoforged.fml.common.asm.RuntimeEnumExtender@60c3f653, net.neoforged.fml.common.asm.RuntimeDistCleaner@a8e649e]}
[12:16:13] [main/DEBUG] (cpw.mods.modlauncher.LaunchPluginHandler) Final flags state for java.util.AbstractList is 0
[12:16:13] [main/DEBUG] (cpw.mods.modlauncher.LaunchPluginHandler) LauncherPluginService mixin offering transform java.util.AbstractList
[12:16:13] [main/DEBUG] (cpw.mods.modlauncher.LaunchPluginHandler) LauncherPluginService runtime_enum_extender offering transform java.util.AbstractList
[12:16:13] [main/DEBUG] (cpw.mods.modlauncher.LaunchPluginHandler) LauncherPluginService runtimedistcleaner offering transform java.util.AbstractList
[12:16:13] [main/DEBUG] (cpw.mods.modlauncher.LaunchPluginHandler) Final flags state for java.util.AbstractList is 0
[12:16:13] [main/DEBUG] (cpw.mods.modlauncher.LaunchPluginHandler) LaunchPluginService {AFTER=[org.spongepowered.asm.launch.MixinLaunchPlugin@5af535ff, net.neoforged.fml.common.asm.RuntimeEnumExtender@60c3f653, net.neoforged.fml.common.asm.RuntimeDistCleaner@a8e649e]}
[12:16:13] [main/DEBUG] (cpw.mods.modlauncher.LaunchPluginHandler) Final flags state for java.util.AbstractCollection is 0
[12:16:13] [main/DEBUG] (cpw.mods.modlauncher.LaunchPluginHandler) LauncherPluginService mixin offering transform java.util.AbstractCollection
[12:16:13] [main/DEBUG] (cpw.mods.modlauncher.LaunchPluginHandler) LauncherPluginService runtime_enum_extender offering transform java.util.AbstractCollection
[12:16:13] [main/DEBUG] (cpw.mods.modlauncher.LaunchPluginHandler) LauncherPluginService runtimedistcleaner offering transform java.util.AbstractCollection
[12:16:13] [main/DEBUG] (cpw.mods.modlauncher.LaunchPluginHandler) Final flags state for java.util.AbstractCollection is 0
[12:16:13] [main/DEBUG] (cpw.mods.modlauncher.LaunchPluginHandler) LaunchPluginService {AFTER=[org.spongepowered.asm.launch.MixinLaunchPlugin@5af535ff, net.neoforged.fml.common.asm.RuntimeEnumExtender@60c3f653, juuxel.unprotect.modlauncher.UnprotectLaunchPlugin@6c6a7553, net.neoforged.fml.common.asm.RuntimeDistCleaner@a8e649e]}
[12:16:13] [main/DEBUG] (cpw.mods.modlauncher.LaunchPluginHandler) Final flags state for net.minecraft.nbt.Tag is 0
[12:16:13] [main/DEBUG] (cpw.mods.modlauncher.LaunchPluginHandler) LauncherPluginService mixin offering transform net.minecraft.nbt.Tag
[12:16:13] [main/DEBUG] (cpw.mods.modlauncher.LaunchPluginHandler) LauncherPluginService runtime_enum_extender offering transform net.minecraft.nbt.Tag
[12:16:13] [main/DEBUG] (cpw.mods.modlauncher.LaunchPluginHandler) LauncherPluginService unprotect offering transform net.minecraft.nbt.Tag
[12:16:13] [main/DEBUG] (cpw.mods.modlauncher.LaunchPluginHandler) LauncherPluginService runtimedistcleaner offering transform net.minecraft.nbt.Tag
[12:16:13] [main/DEBUG] (cpw.mods.modlauncher.LaunchPluginHandler) Final flags state for net.minecraft.nbt.Tag is 0
[12:16:13] [main/DEBUG] (cpw.mods.modlauncher.LaunchPluginHandler) LaunchPluginService {AFTER=[org.spongepowered.asm.launch.MixinLaunchPlugin@5af535ff, net.neoforged.fml.common.asm.RuntimeEnumExtender@60c3f653, juuxel.unprotect.modlauncher.UnprotectLaunchPlugin@6c6a7553, net.neoforged.fml.common.asm.RuntimeDistCleaner@a8e649e]}
[12:16:13] [main/DEBUG] (cpw.mods.modlauncher.LaunchPluginHandler) Final flags state for net.minecraft.nbt.CompoundTag is 0
[12:16:13] [main/DEBUG] (cpw.mods.modlauncher.LaunchPluginHandler) LauncherPluginService mixin offering transform net.minecraft.nbt.CompoundTag
[12:16:13] [main/DEBUG] (cpw.mods.modlauncher.LaunchPluginHandler) LauncherPluginService runtime_enum_extender offering transform net.minecraft.nbt.CompoundTag
[12:16:13] [main/DEBUG] (cpw.mods.modlauncher.LaunchPluginHandler) LauncherPluginService unprotect offering transform net.minecraft.nbt.CompoundTag
[12:16:13] [main/DEBUG] (cpw.mods.modlauncher.LaunchPluginHandler) LauncherPluginService unprotect transformed net.minecraft.nbt.CompoundTag with class compute flags 2
[12:16:13] [main/DEBUG] (cpw.mods.modlauncher.LaunchPluginHandler) LauncherPluginService runtimedistcleaner offering transform net.minecraft.nbt.CompoundTag
[12:16:13] [main/DEBUG] (cpw.mods.modlauncher.LaunchPluginHandler) Final flags state for net.minecraft.nbt.CompoundTag is 2
[12:16:13] [main/DEBUG] (mixin) Preparing mixinextras.init.mixins.json (0)
[12:16:13] [main/DEBUG] (cpw.mods.modlauncher.LaunchPluginHandler) LaunchPluginService {AFTER=[net.neoforged.fml.common.asm.RuntimeEnumExtender@60c3f653, net.neoforged.fml.common.asm.RuntimeDistCleaner@a8e649e]}
[12:16:13] [main/DEBUG] (cpw.mods.modlauncher.LaunchPluginHandler) Final flags state for java.util.Map$Entry is 0
[12:16:13] [main/DEBUG] (cpw.mods.modlauncher.LaunchPluginHandler) LauncherPluginService runtime_enum_extender offering transform java.util.Map$Entry
[12:16:13] [main/DEBUG] (cpw.mods.modlauncher.LaunchPluginHandler) LauncherPluginService runtimedistcleaner offering transform java.util.Map$Entry
[12:16:13] [main/DEBUG] (cpw.mods.modlauncher.LaunchPluginHandler) Final flags state for java.util.Map$Entry is 0
[12:16:13] [main/DEBUG] (cpw.mods.modlauncher.LaunchPluginHandler) LaunchPluginService {AFTER=[net.neoforged.fml.common.asm.RuntimeEnumExtender@60c3f653, net.neoforged.fml.common.asm.RuntimeDistCleaner@a8e649e]}
[12:16:13] [main/DEBUG] (cpw.mods.modlauncher.LaunchPluginHandler) Final flags state for java.lang.invoke.MethodHandles$Lookup is 0
[12:16:13] [main/DEBUG] (cpw.mods.modlauncher.LaunchPluginHandler) LauncherPluginService runtime_enum_extender offering transform java.lang.invoke.MethodHandles$Lookup
[12:16:13] [main/DEBUG] (cpw.mods.modlauncher.LaunchPluginHandler) LauncherPluginService runtimedistcleaner offering transform java.lang.invoke.MethodHandles$Lookup
[12:16:13] [main/DEBUG] (cpw.mods.modlauncher.LaunchPluginHandler) Final flags state for java.lang.invoke.MethodHandles$Lookup is 0
[12:16:13] [main/DEBUG] (cpw.mods.modlauncher.LaunchPluginHandler) LauncherPluginService runtime_enum_extender offering transform net.neoforged.neoforge.client.loading.NeoForgeLoadingOverlay
[12:16:13] [main/DEBUG] (cpw.mods.modlauncher.LaunchPluginHandler) LauncherPluginService runtimedistcleaner offering transform net.neoforged.neoforge.client.loading.NeoForgeLoadingOverlay
[12:16:13] [main/DEBUG] (cpw.mods.modlauncher.LaunchPluginHandler) Final flags state for net.neoforged.neoforge.client.loading.NeoForgeLoadingOverlay is 0
[12:16:13] [main/DEBUG] (cpw.mods.modlauncher.LaunchPluginHandler) LaunchPluginService {AFTER=[org.spongepowered.asm.launch.MixinLaunchPlugin@5af535ff, net.neoforged.fml.common.asm.RuntimeEnumExtender@60c3f653, juuxel.unprotect.modlauncher.UnprotectLaunchPlugin@6c6a7553, net.neoforged.fml.common.asm.RuntimeDistCleaner@a8e649e]}
[12:16:13] [main/DEBUG] (cpw.mods.modlauncher.LaunchPluginHandler) Final flags state for net.minecraft.client.gui.screens.LoadingOverlay is 0
[12:16:13] [main/DEBUG] (cpw.mods.modlauncher.LaunchPluginHandler) LauncherPluginService mixin offering transform net.minecraft.client.gui.screens.LoadingOverlay
[12:16:13] [main/DEBUG] (cpw.mods.modlauncher.LaunchPluginHandler) LauncherPluginService runtime_enum_extender offering transform net.minecraft.client.gui.screens.LoadingOverlay
[12:16:13] [main/DEBUG] (cpw.mods.modlauncher.LaunchPluginHandler) LauncherPluginService unprotect offering transform net.minecraft.client.gui.screens.LoadingOverlay
[12:16:13] [main/DEBUG] (cpw.mods.modlauncher.LaunchPluginHandler) LauncherPluginService unprotect transformed net.minecraft.client.gui.screens.LoadingOverlay with class compute flags 2
[12:16:13] [main/DEBUG] (cpw.mods.modlauncher.LaunchPluginHandler) LauncherPluginService runtimedistcleaner offering transform net.minecraft.client.gui.screens.LoadingOverlay
[12:16:13] [main/DEBUG] (net.neoforged.fml.common.asm.RuntimeDistCleaner) Removing Class Annotation: net/minecraft/client/gui/screens/LoadingOverlay @Lnet/neoforged/api/distmarker/OnlyIn;
[12:16:13] [main/DEBUG] (cpw.mods.modlauncher.LaunchPluginHandler) LauncherPluginService runtimedistcleaner transformed net.minecraft.client.gui.screens.LoadingOverlay with class compute flags 256
[12:16:13] [main/DEBUG] (cpw.mods.modlauncher.LaunchPluginHandler) Final flags state for net.minecraft.client.gui.screens.LoadingOverlay is 258
[12:16:13] [main/DEBUG] (cpw.mods.modlauncher.LaunchPluginHandler) LaunchPluginService {AFTER=[org.spongepowered.asm.launch.MixinLaunchPlugin@5af535ff, net.neoforged.fml.common.asm.RuntimeEnumExtender@60c3f653, juuxel.unprotect.modlauncher.UnprotectLaunchPlugin@6c6a7553, net.neoforged.fml.common.asm.RuntimeDistCleaner@a8e649e]}
[12:16:13] [main/DEBUG] (cpw.mods.modlauncher.LaunchPluginHandler) Final flags state for net.minecraft.client.gui.screens.Overlay is 0
[12:16:13] [main/DEBUG] (cpw.mods.modlauncher.LaunchPluginHandler) LauncherPluginService mixin offering transform net.minecraft.client.gui.screens.Overlay
[12:16:13] [main/DEBUG] (cpw.mods.modlauncher.LaunchPluginHandler) LauncherPluginService runtime_enum_extender offering transform net.minecraft.client.gui.screens.Overlay
[12:16:13] [main/DEBUG] (cpw.mods.modlauncher.LaunchPluginHandler) LauncherPluginService unprotect offering transform net.minecraft.client.gui.screens.Overlay
[12:16:13] [main/DEBUG] (cpw.mods.modlauncher.LaunchPluginHandler) LauncherPluginService runtimedistcleaner offering transform net.minecraft.client.gui.screens.Overlay
[12:16:13] [main/DEBUG] (net.neoforged.fml.common.asm.RuntimeDistCleaner) Removing Class Annotation: net/minecraft/client/gui/screens/Overlay @Lnet/neoforged/api/distmarker/OnlyIn;
[12:16:13] [main/DEBUG] (cpw.mods.modlauncher.LaunchPluginHandler) LauncherPluginService runtimedistcleaner transformed net.minecraft.client.gui.screens.Overlay with class compute flags 256
[12:16:13] [main/DEBUG] (cpw.mods.modlauncher.LaunchPluginHandler) Final flags state for net.minecraft.client.gui.screens.Overlay is 256
[12:16:13] [main/DEBUG] (cpw.mods.modlauncher.LaunchPluginHandler) LaunchPluginService {AFTER=[org.spongepowered.asm.launch.MixinLaunchPlugin@5af535ff, net.neoforged.fml.common.asm.RuntimeEnumExtender@60c3f653, juuxel.unprotect.modlauncher.UnprotectLaunchPlugin@6c6a7553, net.neoforged.fml.common.asm.RuntimeDistCleaner@a8e649e]}
[12:16:13] [main/DEBUG] (cpw.mods.modlauncher.LaunchPluginHandler) Final flags state for net.minecraft.client.gui.components.Renderable is 0
[12:16:13] [main/DEBUG] (cpw.mods.modlauncher.LaunchPluginHandler) LauncherPluginService mixin offering transform net.minecraft.client.gui.components.Renderable
[12:16:13] [main/DEBUG] (cpw.mods.modlauncher.LaunchPluginHandler) LauncherPluginService runtime_enum_extender offering transform net.minecraft.client.gui.components.Renderable
[12:16:13] [main/DEBUG] (cpw.mods.modlauncher.LaunchPluginHandler) LauncherPluginService unprotect offering transform net.minecraft.client.gui.components.Renderable
[12:16:13] [main/DEBUG] (cpw.mods.modlauncher.LaunchPluginHandler) LauncherPluginService runtimedistcleaner offering transform net.minecraft.client.gui.components.Renderable
[12:16:13] [main/DEBUG] (net.neoforged.fml.common.asm.RuntimeDistCleaner) Removing Class Annotation: net/minecraft/client/gui/components/Renderable @Lnet/neoforged/api/distmarker/OnlyIn;
[12:16:13] [main/DEBUG] (cpw.mods.modlauncher.LaunchPluginHandler) LauncherPluginService runtimedistcleaner transformed net.minecraft.client.gui.components.Renderable with class compute flags 256
[12:16:13] [main/DEBUG] (cpw.mods.modlauncher.LaunchPluginHandler) Final flags state for net.minecraft.client.gui.components.Renderable is 256
[12:16:13] [main/DEBUG] (cpw.mods.modlauncher.LaunchPluginHandler) LaunchPluginService {AFTER=[org.spongepowered.asm.launch.MixinLaunchPlugin@5af535ff, net.neoforged.fml.common.asm.RuntimeEnumExtender@60c3f653, juuxel.unprotect.modlauncher.UnprotectLaunchPlugin@6c6a7553, net.neoforged.fml.common.asm.RuntimeDistCleaner@a8e649e]}
[12:16:13] [main/DEBUG] (cpw.mods.modlauncher.LaunchPluginHandler) Final flags state for net.minecraft.client.renderer.texture.AbstractTexture is 0
[12:16:13] [main/DEBUG] (cpw.mods.modlauncher.LaunchPluginHandler) LauncherPluginService mixin offering transform net.minecraft.client.renderer.texture.AbstractTexture
[12:16:13] [main/DEBUG] (cpw.mods.modlauncher.LaunchPluginHandler) LauncherPluginService runtime_enum_extender offering transform net.minecraft.client.renderer.texture.AbstractTexture
[12:16:13] [main/DEBUG] (cpw.mods.modlauncher.LaunchPluginHandler) LauncherPluginService unprotect offering transform net.minecraft.client.renderer.texture.AbstractTexture
[12:16:13] [main/DEBUG] (cpw.mods.modlauncher.LaunchPluginHandler) LauncherPluginService unprotect transformed net.minecraft.client.renderer.texture.AbstractTexture with class compute flags 2
[12:16:13] [main/DEBUG] (cpw.mods.modlauncher.LaunchPluginHandler) LauncherPluginService runtimedistcleaner offering transform net.minecraft.client.renderer.texture.AbstractTexture
[12:16:13] [main/DEBUG] (net.neoforged.fml.common.asm.RuntimeDistCleaner) Removing Class Annotation: net/minecraft/client/renderer/texture/AbstractTexture @Lnet/neoforged/api/distmarker/OnlyIn;
[12:16:13] [main/DEBUG] (cpw.mods.modlauncher.LaunchPluginHandler) LauncherPluginService runtimedistcleaner transformed net.minecraft.client.renderer.texture.AbstractTexture with class compute flags 256
[12:16:13] [main/DEBUG] (cpw.mods.modlauncher.LaunchPluginHandler) Final flags state for net.minecraft.client.renderer.texture.AbstractTexture is 258
[12:16:13] [main/DEBUG] (cpw.mods.modlauncher.LaunchPluginHandler) LaunchPluginService {AFTER=[org.spongepowered.asm.launch.MixinLaunchPlugin@5af535ff, net.neoforged.fml.common.asm.RuntimeEnumExtender@60c3f653, juuxel.unprotect.modlauncher.UnprotectLaunchPlugin@6c6a7553, net.neoforged.fml.common.asm.RuntimeDistCleaner@a8e649e]}
[12:16:13] [main/DEBUG] (cpw.mods.modlauncher.LaunchPluginHandler) Final flags state for net.minecraft.client.gui.screens.LoadingOverlay$LogoTexture is 0
[12:16:13] [main/DEBUG] (cpw.mods.modlauncher.LaunchPluginHandler) LauncherPluginService mixin offering transform net.minecraft.client.gui.screens.LoadingOverlay$LogoTexture
[12:16:13] [main/DEBUG] (cpw.mods.modlauncher.LaunchPluginHandler) LauncherPluginService runtime_enum_extender offering transform net.minecraft.client.gui.screens.LoadingOverlay$LogoTexture
[12:16:13] [main/DEBUG] (cpw.mods.modlauncher.LaunchPluginHandler) LauncherPluginService unprotect offering transform net.minecraft.client.gui.screens.LoadingOverlay$LogoTexture
[12:16:13] [main/DEBUG] (cpw.mods.modlauncher.LaunchPluginHandler) LauncherPluginService unprotect transformed net.minecraft.client.gui.screens.LoadingOverlay$LogoTexture with class compute flags 2
[12:16:13] [main/DEBUG] (cpw.mods.modlauncher.LaunchPluginHandler) LauncherPluginService runtimedistcleaner offering transform net.minecraft.client.gui.screens.LoadingOverlay$LogoTexture
[12:16:13] [main/DEBUG] (net.neoforged.fml.common.asm.RuntimeDistCleaner) Removing Class Annotation: net/minecraft/client/gui/screens/LoadingOverlay$LogoTexture @Lnet/neoforged/api/distmarker/OnlyIn;
[12:16:13] [main/DEBUG] (cpw.mods.modlauncher.LaunchPluginHandler) LauncherPluginService runtimedistcleaner transformed net.minecraft.client.gui.screens.LoadingOverlay$LogoTexture with class compute flags 256
[12:16:13] [main/DEBUG] (cpw.mods.modlauncher.LaunchPluginHandler) Final flags state for net.minecraft.client.gui.screens.LoadingOverlay$LogoTexture is 258
[12:16:13] [main/DEBUG] (cpw.mods.modlauncher.LaunchPluginHandler) LaunchPluginService {AFTER=[org.spongepowered.asm.launch.MixinLaunchPlugin@5af535ff, net.neoforged.fml.common.asm.RuntimeEnumExtender@60c3f653, juuxel.unprotect.modlauncher.UnprotectLaunchPlugin@6c6a7553, net.neoforged.fml.common.asm.RuntimeDistCleaner@a8e649e]}
[12:16:13] [main/DEBUG] (cpw.mods.modlauncher.LaunchPluginHandler) Final flags state for net.minecraft.client.renderer.texture.SimpleTexture is 0
[12:16:13] [main/DEBUG] (cpw.mods.modlauncher.LaunchPluginHandler) LauncherPluginService mixin offering transform net.minecraft.client.renderer.texture.SimpleTexture
[12:16:13] [main/DEBUG] (cpw.mods.modlauncher.LaunchPluginHandler) LauncherPluginService runtime_enum_extender offering transform net.minecraft.client.renderer.texture.SimpleTexture
[12:16:13] [main/DEBUG] (cpw.mods.modlauncher.LaunchPluginHandler) LauncherPluginService unprotect offering transform net.minecraft.client.renderer.texture.SimpleTexture
[12:16:13] [main/DEBUG] (cpw.mods.modlauncher.LaunchPluginHandler) LauncherPluginService unprotect transformed net.minecraft.client.renderer.texture.SimpleTexture with class compute flags 2
[12:16:13] [main/DEBUG] (cpw.mods.modlauncher.LaunchPluginHandler) LauncherPluginService runtimedistcleaner offering transform net.minecraft.client.renderer.texture.SimpleTexture
[12:16:13] [main/DEBUG] (net.neoforged.fml.common.asm.RuntimeDistCleaner) Removing Class Annotation: net/minecraft/client/renderer/texture/SimpleTexture @Lnet/neoforged/api/distmarker/OnlyIn;
[12:16:13] [main/DEBUG] (cpw.mods.modlauncher.LaunchPluginHandler) LauncherPluginService runtimedistcleaner transformed net.minecraft.client.renderer.texture.SimpleTexture with class compute flags 256
[12:16:13] [main/DEBUG] (cpw.mods.modlauncher.LaunchPluginHandler) Final flags state for net.minecraft.client.renderer.texture.SimpleTexture is 258
[12:16:13] [main/DEBUG] (cpw.mods.modlauncher.LaunchPluginHandler) LaunchPluginService {AFTER=[org.spongepowered.asm.launch.MixinLaunchPlugin@5af535ff, net.neoforged.fml.common.asm.RuntimeEnumExtender@60c3f653, juuxel.unprotect.modlauncher.UnprotectLaunchPlugin@6c6a7553, net.neoforged.fml.common.asm.RuntimeDistCleaner@a8e649e]}
[12:16:13] [main/DEBUG] (cpw.mods.modlauncher.LaunchPluginHandler) Final flags state for com.mojang.blaze3d.vertex.BufferVertexConsumer is 0
[12:16:13] [main/DEBUG] (cpw.mods.modlauncher.LaunchPluginHandler) LauncherPluginService mixin offering transform com.mojang.blaze3d.vertex.BufferVertexConsumer
[12:16:13] [main/DEBUG] (cpw.mods.modlauncher.LaunchPluginHandler) LauncherPluginService runtime_enum_extender offering transform com.mojang.blaze3d.vertex.BufferVertexConsumer
[12:16:13] [main/DEBUG] (cpw.mods.modlauncher.LaunchPluginHandler) LauncherPluginService unprotect offering transform com.mojang.blaze3d.vertex.BufferVertexConsumer
[12:16:13] [main/DEBUG] (cpw.mods.modlauncher.LaunchPluginHandler) LauncherPluginService runtimedistcleaner offering transform com.mojang.blaze3d.vertex.BufferVertexConsumer
[12:16:13] [main/DEBUG] (net.neoforged.fml.common.asm.RuntimeDistCleaner) Removing Class Annotation: com/mojang/blaze3d/vertex/BufferVertexConsumer @Lnet/neoforged/api/distmarker/OnlyIn;
[12:16:13] [main/DEBUG] (cpw.mods.modlauncher.LaunchPluginHandler) LauncherPluginService runtimedistcleaner transformed com.mojang.blaze3d.vertex.BufferVertexConsumer with class compute flags 256
[12:16:13] [main/DEBUG] (cpw.mods.modlauncher.LaunchPluginHandler) Final flags state for com.mojang.blaze3d.vertex.BufferVertexConsumer is 256
[12:16:13] [main/DEBUG] (cpw.mods.modlauncher.LaunchPluginHandler) LaunchPluginService {AFTER=[org.spongepowered.asm.launch.MixinLaunchPlugin@5af535ff, net.neoforged.fml.common.asm.RuntimeEnumExtender@60c3f653, juuxel.unprotect.modlauncher.UnprotectLaunchPlugin@6c6a7553, net.neoforged.fml.common.asm.RuntimeDistCleaner@a8e649e]}
[12:16:13] [main/DEBUG] (cpw.mods.modlauncher.LaunchPluginHandler) Final flags state for com.mojang.blaze3d.vertex.VertexConsumer is 0
[12:16:13] [main/DEBUG] (cpw.mods.modlauncher.LaunchPluginHandler) LauncherPluginService mixin offering transform com.mojang.blaze3d.vertex.VertexConsumer
[12:16:13] [main/DEBUG] (cpw.mods.modlauncher.LaunchPluginHandler) LauncherPluginService runtime_enum_extender offering transform com.mojang.blaze3d.vertex.VertexConsumer
[12:16:13] [main/DEBUG] (cpw.mods.modlauncher.LaunchPluginHandler) LauncherPluginService unprotect offering transform com.mojang.blaze3d.vertex.VertexConsumer
[12:16:13] [main/DEBUG] (cpw.mods.modlauncher.LaunchPluginHandler) LauncherPluginService runtimedistcleaner offering transform com.mojang.blaze3d.vertex.VertexConsumer
[12:16:13] [main/DEBUG] (net.neoforged.fml.common.asm.RuntimeDistCleaner) Removing Class Annotation: com/mojang/blaze3d/vertex/VertexConsumer @Lnet/neoforged/api/distmarker/OnlyIn;
[12:16:13] [main/DEBUG] (cpw.mods.modlauncher.LaunchPluginHandler) LauncherPluginService runtimedistcleaner transformed com.mojang.blaze3d.vertex.VertexConsumer with class compute flags 256
[12:16:13] [main/DEBUG] (cpw.mods.modlauncher.LaunchPluginHandler) Final flags state for com.mojang.blaze3d.vertex.VertexConsumer is 256
[12:16:13] [main/DEBUG] (cpw.mods.modlauncher.LaunchPluginHandler) LaunchPluginService {AFTER=[org.spongepowered.asm.launch.MixinLaunchPlugin@5af535ff, net.neoforged.fml.common.asm.RuntimeEnumExtender@60c3f653, net.neoforged.fml.common.asm.RuntimeDistCleaner@a8e649e]}
[12:16:13] [main/DEBUG] (cpw.mods.modlauncher.LaunchPluginHandler) Final flags state for net.neoforged.neoforge.client.extensions.IVertexConsumerExtension is 0
[12:16:13] [main/DEBUG] (cpw.mods.modlauncher.LaunchPluginHandler) LauncherPluginService mixin offering transform net.neoforged.neoforge.client.extensions.IVertexConsumerExtension
[12:16:13] [main/DEBUG] (cpw.mods.modlauncher.LaunchPluginHandler) LauncherPluginService runtime_enum_extender offering transform net.neoforged.neoforge.client.extensions.IVertexConsumerExtension
[12:16:13] [main/DEBUG] (cpw.mods.modlauncher.LaunchPluginHandler) LauncherPluginService runtimedistcleaner offering transform net.neoforged.neoforge.client.extensions.IVertexConsumerExtension
[12:16:13] [main/DEBUG] (cpw.mods.modlauncher.LaunchPluginHandler) Final flags state for net.neoforged.neoforge.client.extensions.IVertexConsumerExtension is 0
[12:16:13] [main/DEBUG] (cpw.mods.modlauncher.LaunchPluginHandler) LaunchPluginService {AFTER=[org.spongepowered.asm.launch.MixinLaunchPlugin@5af535ff, net.neoforged.fml.common.asm.RuntimeEnumExtender@60c3f653, juuxel.unprotect.modlauncher.UnprotectLaunchPlugin@6c6a7553, net.neoforged.fml.common.asm.RuntimeDistCleaner@a8e649e]}
[12:16:13] [main/DEBUG] (cpw.mods.modlauncher.LaunchPluginHandler) Final flags state for net.minecraft.client.gui.GuiGraphics is 0
[12:16:13] [main/DEBUG] (cpw.mods.modlauncher.LaunchPluginHandler) LauncherPluginService mixin offering transform net.minecraft.client.gui.GuiGraphics
[12:16:13] [main/DEBUG] (cpw.mods.modlauncher.LaunchPluginHandler) LauncherPluginService runtime_enum_extender offering transform net.minecraft.client.gui.GuiGraphics
[12:16:13] [main/DEBUG] (cpw.mods.modlauncher.LaunchPluginHandler) LauncherPluginService unprotect offering transform net.minecraft.client.gui.GuiGraphics
[12:16:13] [main/DEBUG] (cpw.mods.modlauncher.LaunchPluginHandler) LauncherPluginService unprotect transformed net.minecraft.client.gui.GuiGraphics with class compute flags 2
[12:16:13] [main/DEBUG] (cpw.mods.modlauncher.LaunchPluginHandler) LauncherPluginService runtimedistcleaner offering transform net.minecraft.client.gui.GuiGraphics
[12:16:13] [main/DEBUG] (net.neoforged.fml.common.asm.RuntimeDistCleaner) Removing Class Annotation: net/minecraft/client/gui/GuiGraphics @Lnet/neoforged/api/distmarker/OnlyIn;
[12:16:13] [main/DEBUG] (cpw.mods.modlauncher.LaunchPluginHandler) LauncherPluginService runtimedistcleaner transformed net.minecraft.client.gui.GuiGraphics with class compute flags 256
[12:16:13] [main/DEBUG] (cpw.mods.modlauncher.LaunchPluginHandler) Final flags state for net.minecraft.client.gui.GuiGraphics is 258
[12:16:13] [main/DEBUG] (cpw.mods.modlauncher.LaunchPluginHandler) LaunchPluginService {AFTER=[org.spongepowered.asm.launch.MixinLaunchPlugin@5af535ff, net.neoforged.fml.common.asm.RuntimeEnumExtender@60c3f653, net.neoforged.fml.common.asm.RuntimeDistCleaner@a8e649e]}
[12:16:13] [main/DEBUG] (cpw.mods.modlauncher.LaunchPluginHandler) Final flags state for net.neoforged.neoforge.client.extensions.IGuiGraphicsExtension is 0
[12:16:13] [main/DEBUG] (cpw.mods.modlauncher.LaunchPluginHandler) LauncherPluginService mixin offering transform net.neoforged.neoforge.client.extensions.IGuiGraphicsExtension
[12:16:13] [main/DEBUG] (cpw.mods.modlauncher.LaunchPluginHandler) LauncherPluginService runtime_enum_extender offering transform net.neoforged.neoforge.client.extensions.IGuiGraphicsExtension
[12:16:13] [main/DEBUG] (cpw.mods.modlauncher.LaunchPluginHandler) LauncherPluginService runtimedistcleaner offering transform net.neoforged.neoforge.client.extensions.IGuiGraphicsExtension
[12:16:13] [main/DEBUG] (cpw.mods.modlauncher.LaunchPluginHandler) Final flags state for net.neoforged.neoforge.client.extensions.IGuiGraphicsExtension is 0
[12:16:13] [main/DEBUG] (cpw.mods.modlauncher.LaunchPluginHandler) LaunchPluginService {BEFORE=[net.neoforged.accesstransformer.ml.AccessTransformerService@2242dd2b], AFTER=[org.spongepowered.asm.launch.MixinLaunchPlugin@5af535ff, net.neoforged.fml.common.asm.RuntimeEnumExtender@60c3f653, juuxel.unprotect.modlauncher.UnprotectLaunchPlugin@6c6a7553, net.neoforged.fml.common.asm.RuntimeDistCleaner@a8e649e]}
[12:16:13] [main/DEBUG] (cpw.mods.modlauncher.LaunchPluginHandler) LauncherPluginService accesstransformer offering transform net.minecraft.client.Minecraft
[12:16:13] [main/DEBUG] (net.neoforged.accesstransformer.AccessTransformer) Transforming net.minecraft.client.Minecraft FIELD textureManager to access PUBLIC and LEAVE
[12:16:13] [main/DEBUG] (net.neoforged.accesstransformer.AccessTransformer) Transforming net.minecraft.client.Minecraft METHOD createSearchTrees()V to access PUBLIC and LEAVE
[12:16:13] [main/DEBUG] (cpw.mods.modlauncher.LaunchPluginHandler) LauncherPluginService accesstransformer transformed net.minecraft.client.Minecraft with class compute flags 256
[12:16:13] [main/DEBUG] (cpw.mods.modlauncher.LaunchPluginHandler) Final flags state for net.minecraft.client.Minecraft is 256
[12:16:13] [main/DEBUG] (cpw.mods.modlauncher.LaunchPluginHandler) LauncherPluginService mixin offering transform net.minecraft.client.Minecraft
[12:16:13] [main/INFO] (MixinExtras|Service) Initializing MixinExtras via com.llamalad7.mixinextras.service.MixinExtrasServiceImpl(version=0.4.1).
[12:16:13] [main/DEBUG] (cpw.mods.modlauncher.LaunchPluginHandler) LaunchPluginService {AFTER=[org.spongepowered.asm.launch.MixinLaunchPlugin@5af535ff, net.neoforged.fml.common.asm.RuntimeEnumExtender@60c3f653, net.neoforged.fml.common.asm.RuntimeDistCleaner@a8e649e]}
[12:16:13] [main/DEBUG] (cpw.mods.modlauncher.LaunchPluginHandler) Final flags state for com.llamalad7.mixinextras.sugar.impl.SugarWrapper is 0
[12:16:13] [main/DEBUG] (cpw.mods.modlauncher.LaunchPluginHandler) LauncherPluginService mixin offering transform com.llamalad7.mixinextras.sugar.impl.SugarWrapper
[12:16:13] [main/DEBUG] (cpw.mods.modlauncher.LaunchPluginHandler) LauncherPluginService runtime_enum_extender offering transform com.llamalad7.mixinextras.sugar.impl.SugarWrapper
[12:16:13] [main/DEBUG] (cpw.mods.modlauncher.LaunchPluginHandler) LauncherPluginService runtimedistcleaner offering transform com.llamalad7.mixinextras.sugar.impl.SugarWrapper
[12:16:13] [main/DEBUG] (cpw.mods.modlauncher.LaunchPluginHandler) Final flags state for com.llamalad7.mixinextras.sugar.impl.SugarWrapper is 0
[12:16:13] [main/DEBUG] (mixin) Registering new injector for @SugarWrapper with com.llamalad7.mixinextras.sugar.impl.SugarWrapperInjectionInfo
[12:16:13] [main/DEBUG] (cpw.mods.modlauncher.LaunchPluginHandler) LaunchPluginService {AFTER=[org.spongepowered.asm.launch.MixinLaunchPlugin@5af535ff, net.neoforged.fml.common.asm.RuntimeEnumExtender@60c3f653, net.neoforged.fml.common.asm.RuntimeDistCleaner@a8e649e]}
[12:16:13] [main/DEBUG] (cpw.mods.modlauncher.LaunchPluginHandler) Final flags state for com.llamalad7.mixinextras.wrapper.factory.FactoryRedirectWrapper is 0
[12:16:13] [main/DEBUG] (cpw.mods.modlauncher.LaunchPluginHandler) LauncherPluginService mixin offering transform com.llamalad7.mixinextras.wrapper.factory.FactoryRedirectWrapper
[12:16:13] [main/DEBUG] (cpw.mods.modlauncher.LaunchPluginHandler) LauncherPluginService runtime_enum_extender offering transform com.llamalad7.mixinextras.wrapper.factory.FactoryRedirectWrapper
[12:16:13] [main/DEBUG] (cpw.mods.modlauncher.LaunchPluginHandler) LauncherPluginService runtimedistcleaner offering transform com.llamalad7.mixinextras.wrapper.factory.FactoryRedirectWrapper
[12:16:13] [main/DEBUG] (cpw.mods.modlauncher.LaunchPluginHandler) Final flags state for com.llamalad7.mixinextras.wrapper.factory.FactoryRedirectWrapper is 0
[12:16:13] [main/DEBUG] (mixin) Registering new injector for @FactoryRedirectWrapper with com.llamalad7.mixinextras.wrapper.factory.FactoryRedirectWrapperInjectionInfo
[12:16:13] [main/DEBUG] (cpw.mods.modlauncher.LaunchPluginHandler) LaunchPluginService {AFTER=[org.spongepowered.asm.launch.MixinLaunchPlugin@5af535ff, net.neoforged.fml.common.asm.RuntimeEnumExtender@60c3f653, net.neoforged.fml.common.asm.RuntimeDistCleaner@a8e649e]}
[12:16:13] [main/DEBUG] (cpw.mods.modlauncher.LaunchPluginHandler) Final flags state for com.llamalad7.mixinextras.lib.apache.commons.tuple.Pair is 0
[12:16:13] [main/DEBUG] (cpw.mods.modlauncher.LaunchPluginHandler) LauncherPluginService mixin offering transform com.llamalad7.mixinextras.lib.apache.commons.tuple.Pair
[12:16:13] [main/DEBUG] (cpw.mods.modlauncher.LaunchPluginHandler) LauncherPluginService runtime_enum_extender offering transform com.llamalad7.mixinextras.lib.apache.commons.tuple.Pair
[12:16:13] [main/DEBUG] (cpw.mods.modlauncher.LaunchPluginHandler) LauncherPluginService runtimedistcleaner offering transform com.llamalad7.mixinextras.lib.apache.commons.tuple.Pair
[12:16:13] [main/DEBUG] (cpw.mods.modlauncher.LaunchPluginHandler) Final flags state for com.llamalad7.mixinextras.lib.apache.commons.tuple.Pair is 0
[12:16:13] [main/DEBUG] (cpw.mods.modlauncher.LaunchPluginHandler) LaunchPluginService {AFTER=[org.spongepowered.asm.launch.MixinLaunchPlugin@5af535ff, net.neoforged.fml.common.asm.RuntimeEnumExtender@60c3f653, net.neoforged.fml.common.asm.RuntimeDistCleaner@a8e649e]}
[12:16:13] [main/DEBUG] (cpw.mods.modlauncher.LaunchPluginHandler) Final flags state for com.llamalad7.mixinextras.lib.apache.commons.tuple.ImmutablePair is 0
[12:16:13] [main/DEBUG] (cpw.mods.modlauncher.LaunchPluginHandler) LauncherPluginService mixin offering transform com.llamalad7.mixinextras.lib.apache.commons.tuple.ImmutablePair
[12:16:13] [main/DEBUG] (cpw.mods.modlauncher.LaunchPluginHandler) LauncherPluginService runtime_enum_extender offering transform com.llamalad7.mixinextras.lib.apache.commons.tuple.ImmutablePair
[12:16:13] [main/DEBUG] (cpw.mods.modlauncher.LaunchPluginHandler) LauncherPluginService runtimedistcleaner offering transform com.llamalad7.mixinextras.lib.apache.commons.tuple.ImmutablePair
[12:16:13] [main/DEBUG] (cpw.mods.modlauncher.LaunchPluginHandler) Final flags state for com.llamalad7.mixinextras.lib.apache.commons.tuple.ImmutablePair is 0
[12:16:13] [main/DEBUG] (cpw.mods.modlauncher.LaunchPluginHandler) LaunchPluginService {AFTER=[org.spongepowered.asm.launch.MixinLaunchPlugin@5af535ff, net.neoforged.fml.common.asm.RuntimeEnumExtender@60c3f653, net.neoforged.fml.common.asm.RuntimeDistCleaner@a8e649e]}
[12:16:13] [main/DEBUG] (cpw.mods.modlauncher.LaunchPluginHandler) Final flags state for com.llamalad7.mixinextras.sugar.impl.SugarInjector is 0
[12:16:13] [main/DEBUG] (cpw.mods.modlauncher.LaunchPluginHandler) LauncherPluginService mixin offering transform com.llamalad7.mixinextras.sugar.impl.SugarInjector
[12:16:13] [main/DEBUG] (cpw.mods.modlauncher.LaunchPluginHandler) LauncherPluginService runtime_enum_extender offering transform com.llamalad7.mixinextras.sugar.impl.SugarInjector
[12:16:13] [main/DEBUG] (cpw.mods.modlauncher.LaunchPluginHandler) LauncherPluginService runtimedistcleaner offering transform com.llamalad7.mixinextras.sugar.impl.SugarInjector
[12:16:13] [main/DEBUG] (cpw.mods.modlauncher.LaunchPluginHandler) Final flags state for com.llamalad7.mixinextras.sugar.impl.SugarInjector is 0
[12:16:13] [main/DEBUG] (cpw.mods.modlauncher.LaunchPluginHandler) LaunchPluginService {AFTER=[org.spongepowered.asm.launch.MixinLaunchPlugin@5af535ff, net.neoforged.fml.common.asm.RuntimeEnumExtender@60c3f653, net.neoforged.fml.common.asm.RuntimeDistCleaner@a8e649e]}
[12:16:13] [main/DEBUG] (cpw.mods.modlauncher.LaunchPluginHandler) Final flags state for com.llamalad7.mixinextras.sugar.impl.SugarApplicationException is 0
[12:16:13] [main/DEBUG] (cpw.mods.modlauncher.LaunchPluginHandler) LauncherPluginService mixin offering transform com.llamalad7.mixinextras.sugar.impl.SugarApplicationException
[12:16:13] [main/DEBUG] (cpw.mods.modlauncher.LaunchPluginHandler) LauncherPluginService runtime_enum_extender offering transform com.llamalad7.mixinextras.sugar.impl.SugarApplicationException
[12:16:13] [main/DEBUG] (cpw.mods.modlauncher.LaunchPluginHandler) LauncherPluginService runtimedistcleaner offering transform com.llamalad7.mixinextras.sugar.impl.SugarApplicationException
[12:16:13] [main/DEBUG] (cpw.mods.modlauncher.LaunchPluginHandler) Final flags state for com.llamalad7.mixinextras.sugar.impl.SugarApplicationException is 0
[12:16:13] [main/DEBUG] (mixin) Mixing MinecraftMixin from smart_pick.mixins.json into net.minecraft.client.Minecraft
[12:16:13] [main/DEBUG] (cpw.mods.modlauncher.LaunchPluginHandler) LaunchPluginService {AFTER=[net.neoforged.fml.common.asm.RuntimeEnumExtender@60c3f653, juuxel.unprotect.modlauncher.UnprotectLaunchPlugin@6c6a7553, net.neoforged.fml.common.asm.RuntimeDistCleaner@a8e649e]}
[12:16:13] [main/DEBUG] (cpw.mods.modlauncher.LaunchPluginHandler) Final flags state for net.minecraft.util.thread.ReentrantBlockableEventLoop is 0
[12:16:13] [main/DEBUG] (cpw.mods.modlauncher.LaunchPluginHandler) LauncherPluginService runtime_enum_extender offering transform net.minecraft.util.thread.ReentrantBlockableEventLoop
[12:16:13] [main/DEBUG] (cpw.mods.modlauncher.LaunchPluginHandler) LauncherPluginService unprotect offering transform net.minecraft.util.thread.ReentrantBlockableEventLoop
[12:16:13] [main/DEBUG] (cpw.mods.modlauncher.LaunchPluginHandler) LauncherPluginService unprotect transformed net.minecraft.util.thread.ReentrantBlockableEventLoop with class compute flags 2
[12:16:13] [main/DEBUG] (cpw.mods.modlauncher.LaunchPluginHandler) LauncherPluginService runtimedistcleaner offering transform net.minecraft.util.thread.ReentrantBlockableEventLoop
[12:16:13] [main/DEBUG] (cpw.mods.modlauncher.LaunchPluginHandler) Final flags state for net.minecraft.util.thread.ReentrantBlockableEventLoop is 2
[12:16:13] [main/DEBUG] (cpw.mods.modlauncher.LaunchPluginHandler) LaunchPluginService {BEFORE=[net.neoforged.accesstransformer.ml.AccessTransformerService@2242dd2b], AFTER=[net.neoforged.fml.common.asm.RuntimeEnumExtender@60c3f653, juuxel.unprotect.modlauncher.UnprotectLaunchPlugin@6c6a7553, net.neoforged.fml.common.asm.RuntimeDistCleaner@a8e649e]}
[12:16:13] [main/DEBUG] (cpw.mods.modlauncher.LaunchPluginHandler) LauncherPluginService accesstransformer offering transform net.minecraft.util.thread.BlockableEventLoop
[12:16:13] [main/DEBUG] (net.neoforged.accesstransformer.AccessTransformer) Transforming net.minecraft.util.thread.BlockableEventLoop METHOD submitAsync(Ljava/lang/Runnable;)Ljava/util/concurrent/CompletableFuture; to access PUBLIC and LEAVE
[12:16:13] [main/DEBUG] (cpw.mods.modlauncher.LaunchPluginHandler) LauncherPluginService accesstransformer transformed net.minecraft.util.thread.BlockableEventLoop with class compute flags 256
[12:16:13] [main/DEBUG] (cpw.mods.modlauncher.LaunchPluginHandler) Final flags state for net.minecraft.util.thread.BlockableEventLoop is 256
[12:16:13] [main/DEBUG] (cpw.mods.modlauncher.LaunchPluginHandler) LauncherPluginService runtime_enum_extender offering transform net.minecraft.util.thread.BlockableEventLoop
[12:16:13] [main/DEBUG] (cpw.mods.modlauncher.LaunchPluginHandler) LauncherPluginService unprotect offering transform net.minecraft.util.thread.BlockableEventLoop
[12:16:13] [main/DEBUG] (cpw.mods.modlauncher.LaunchPluginHandler) LauncherPluginService unprotect transformed net.minecraft.util.thread.BlockableEventLoop with class compute flags 2
[12:16:13] [main/DEBUG] (cpw.mods.modlauncher.LaunchPluginHandler) LauncherPluginService runtimedistcleaner offering transform net.minecraft.util.thread.BlockableEventLoop
[12:16:13] [main/DEBUG] (cpw.mods.modlauncher.LaunchPluginHandler) Final flags state for net.minecraft.util.thread.BlockableEventLoop is 2
[12:16:13] [main/DEBUG] (mixin) Renaming synthetic method lambda$smartPick$modifyPickedStack$0(Lnet/minecraft/world/item/Item;Lnet/minecraft/world/item/ItemStack;)Z to mdb871c1$smart_pick$lambda$smartPick$modifyPickedStack$0$0 in smart_pick.mixins.json:MinecraftMixin from mod smart_pick
[12:16:13] [main/DEBUG] (cpw.mods.modlauncher.LaunchPluginHandler) LaunchPluginService {AFTER=[net.neoforged.fml.common.asm.RuntimeEnumExtender@60c3f653, net.neoforged.fml.common.asm.RuntimeDistCleaner@a8e649e]}
[12:16:13] [main/DEBUG] (cpw.mods.modlauncher.LaunchPluginHandler) Final flags state for java.lang.AssertionError is 0
[12:16:13] [main/DEBUG] (cpw.mods.modlauncher.LaunchPluginHandler) LauncherPluginService runtime_enum_extender offering transform java.lang.AssertionError
[12:16:13] [main/DEBUG] (cpw.mods.modlauncher.LaunchPluginHandler) LauncherPluginService runtimedistcleaner offering transform java.lang.AssertionError
[12:16:13] [main/DEBUG] (cpw.mods.modlauncher.LaunchPluginHandler) Final flags state for java.lang.AssertionError is 0
[12:16:13] [main/DEBUG] (cpw.mods.modlauncher.LaunchPluginHandler) LaunchPluginService {AFTER=[net.neoforged.fml.common.asm.RuntimeEnumExtender@60c3f653, net.neoforged.fml.common.asm.RuntimeDistCleaner@a8e649e]}
[12:16:13] [main/DEBUG] (cpw.mods.modlauncher.LaunchPluginHandler) Final flags state for java.lang.Error is 0
[12:16:13] [main/DEBUG] (cpw.mods.modlauncher.LaunchPluginHandler) LauncherPluginService runtime_enum_extender offering transform java.lang.Error
[12:16:13] [main/DEBUG] (cpw.mods.modlauncher.LaunchPluginHandler) LauncherPluginService runtimedistcleaner offering transform java.lang.Error
[12:16:13] [main/DEBUG] (cpw.mods.modlauncher.LaunchPluginHandler) Final flags state for java.lang.Error is 0
[12:16:13] [main/DEBUG] (cpw.mods.modlauncher.LaunchPluginHandler) LaunchPluginService {AFTER=[net.neoforged.fml.common.asm.RuntimeEnumExtender@60c3f653, net.neoforged.fml.common.asm.RuntimeDistCleaner@a8e649e]}
[12:16:13] [main/DEBUG] (cpw.mods.modlauncher.LaunchPluginHandler) Final flags state for java.lang.Throwable is 0
[12:16:13] [main/DEBUG] (cpw.mods.modlauncher.LaunchPluginHandler) LauncherPluginService runtime_enum_extender offering transform java.lang.Throwable
[12:16:13] [main/DEBUG] (cpw.mods.modlauncher.LaunchPluginHandler) LauncherPluginService runtimedistcleaner offering transform java.lang.Throwable
[12:16:13] [main/DEBUG] (cpw.mods.modlauncher.LaunchPluginHandler) Final flags state for java.lang.Throwable is 0
[12:16:13] [main/DEBUG] (cpw.mods.modlauncher.LaunchPluginHandler) LaunchPluginService {AFTER=[net.neoforged.fml.common.asm.RuntimeEnumExtender@60c3f653, net.neoforged.fml.common.asm.RuntimeDistCleaner@a8e649e]}
[12:16:13] [main/DEBUG] (cpw.mods.modlauncher.LaunchPluginHandler) Final flags state for java.io.Serializable is 0
[12:16:13] [main/DEBUG] (cpw.mods.modlauncher.LaunchPluginHandler) LauncherPluginService runtime_enum_extender offering transform java.io.Serializable
[12:16:13] [main/DEBUG] (cpw.mods.modlauncher.LaunchPluginHandler) LauncherPluginService runtimedistcleaner offering transform java.io.Serializable
[12:16:13] [main/DEBUG] (cpw.mods.modlauncher.LaunchPluginHandler) Final flags state for java.io.Serializable is 0
[12:16:13] [main/DEBUG] (cpw.mods.modlauncher.LaunchPluginHandler) LaunchPluginService {BEFORE=[net.neoforged.accesstransformer.ml.AccessTransformerService@2242dd2b], AFTER=[net.neoforged.fml.common.asm.RuntimeEnumExtender@60c3f653, juuxel.unprotect.modlauncher.UnprotectLaunchPlugin@6c6a7553, net.neoforged.fml.common.asm.RuntimeDistCleaner@a8e649e]}
[12:16:13] [main/DEBUG] (cpw.mods.modlauncher.LaunchPluginHandler) LauncherPluginService accesstransformer offering transform net.minecraft.client.player.LocalPlayer
[12:16:13] [main/DEBUG] (net.neoforged.accesstransformer.AccessTransformer) Transforming net.minecraft.client.player.LocalPlayer METHOD getPermissionLevel()I to access PUBLIC and LEAVE
[12:16:13] [main/DEBUG] (cpw.mods.modlauncher.LaunchPluginHandler) LauncherPluginService accesstransformer transformed net.minecraft.client.player.LocalPlayer with class compute flags 256
[12:16:13] [main/DEBUG] (cpw.mods.modlauncher.LaunchPluginHandler) Final flags state for net.minecraft.client.player.LocalPlayer is 256
[12:16:13] [main/DEBUG] (cpw.mods.modlauncher.LaunchPluginHandler) LauncherPluginService runtime_enum_extender offering transform net.minecraft.client.player.LocalPlayer
[12:16:13] [main/DEBUG] (cpw.mods.modlauncher.LaunchPluginHandler) LauncherPluginService unprotect offering transform net.minecraft.client.player.LocalPlayer
[12:16:13] [main/DEBUG] (cpw.mods.modlauncher.LaunchPluginHandler) LauncherPluginService unprotect transformed net.minecraft.client.player.LocalPlayer with class compute flags 2
[12:16:13] [main/DEBUG] (cpw.mods.modlauncher.LaunchPluginHandler) LauncherPluginService runtimedistcleaner offering transform net.minecraft.client.player.LocalPlayer
[12:16:13] [main/DEBUG] (net.neoforged.fml.common.asm.RuntimeDistCleaner) Removing Class Annotation: net/minecraft/client/player/LocalPlayer @Lnet/neoforged/api/distmarker/OnlyIn;
[12:16:13] [main/DEBUG] (cpw.mods.modlauncher.LaunchPluginHandler) LauncherPluginService runtimedistcleaner transformed net.minecraft.client.player.LocalPlayer with class compute flags 256
[12:16:13] [main/DEBUG] (cpw.mods.modlauncher.LaunchPluginHandler) Final flags state for net.minecraft.client.player.LocalPlayer is 258
[12:16:13] [main/DEBUG] (cpw.mods.modlauncher.LaunchPluginHandler) LaunchPluginService {AFTER=[net.neoforged.fml.common.asm.RuntimeEnumExtender@60c3f653, juuxel.unprotect.modlauncher.UnprotectLaunchPlugin@6c6a7553, net.neoforged.fml.common.asm.RuntimeDistCleaner@a8e649e]}
[12:16:13] [main/DEBUG] (cpw.mods.modlauncher.LaunchPluginHandler) Final flags state for net.minecraft.client.player.AbstractClientPlayer is 0
[12:16:13] [main/DEBUG] (cpw.mods.modlauncher.LaunchPluginHandler) LauncherPluginService runtime_enum_extender offering transform net.minecraft.client.player.AbstractClientPlayer
[12:16:13] [main/DEBUG] (cpw.mods.modlauncher.LaunchPluginHandler) LauncherPluginService unprotect offering transform net.minecraft.client.player.AbstractClientPlayer
[12:16:13] [main/DEBUG] (cpw.mods.modlauncher.LaunchPluginHandler) LauncherPluginService unprotect transformed net.minecraft.client.player.AbstractClientPlayer with class compute flags 2
[12:16:13] [main/DEBUG] (cpw.mods.modlauncher.LaunchPluginHandler) LauncherPluginService runtimedistcleaner offering transform net.minecraft.client.player.AbstractClientPlayer
[12:16:13] [main/DEBUG] (net.neoforged.fml.common.asm.RuntimeDistCleaner) Removing Class Annotation: net/minecraft/client/player/AbstractClientPlayer @Lnet/neoforged/api/distmarker/OnlyIn;
[12:16:13] [main/DEBUG] (cpw.mods.modlauncher.LaunchPluginHandler) LauncherPluginService runtimedistcleaner transformed net.minecraft.client.player.AbstractClientPlayer with class compute flags 256
[12:16:13] [main/DEBUG] (cpw.mods.modlauncher.LaunchPluginHandler) Final flags state for net.minecraft.client.player.AbstractClientPlayer is 258
[12:16:13] [main/DEBUG] (cpw.mods.modlauncher.LaunchPluginHandler) LaunchPluginService {BEFORE=[net.neoforged.accesstransformer.ml.AccessTransformerService@2242dd2b], AFTER=[net.neoforged.fml.common.asm.RuntimeEnumExtender@60c3f653, juuxel.unprotect.modlauncher.UnprotectLaunchPlugin@6c6a7553, net.neoforged.fml.common.asm.RuntimeDistCleaner@a8e649e]}
[12:16:13] [main/DEBUG] (cpw.mods.modlauncher.LaunchPluginHandler) LauncherPluginService accesstransformer offering transform net.minecraft.world.entity.player.Player
[12:16:13] [main/DEBUG] (net.neoforged.accesstransformer.AccessTransformer) Transforming net.minecraft.world.entity.player.Player METHOD closeContainer()V to access PUBLIC and LEAVE
[12:16:13] [main/DEBUG] (cpw.mods.modlauncher.LaunchPluginHandler) LauncherPluginService accesstransformer transformed net.minecraft.world.entity.player.Player with class compute flags 256
[12:16:13] [main/DEBUG] (cpw.mods.modlauncher.LaunchPluginHandler) Final flags state for net.minecraft.world.entity.player.Player is 256
[12:16:13] [main/DEBUG] (cpw.mods.modlauncher.LaunchPluginHandler) LauncherPluginService runtime_enum_extender offering transform net.minecraft.world.entity.player.Player
[12:16:13] [main/DEBUG] (cpw.mods.modlauncher.LaunchPluginHandler) LauncherPluginService unprotect offering transform net.minecraft.world.entity.player.Player
[12:16:13] [main/DEBUG] (cpw.mods.modlauncher.LaunchPluginHandler) LauncherPluginService unprotect transformed net.minecraft.world.entity.player.Player with class compute flags 2
[12:16:13] [main/DEBUG] (cpw.mods.modlauncher.LaunchPluginHandler) LauncherPluginService runtimedistcleaner offering transform net.minecraft.world.entity.player.Player
[12:16:13] [main/DEBUG] (cpw.mods.modlauncher.LaunchPluginHandler) Final flags state for net.minecraft.world.entity.player.Player is 2
[12:16:13] [background-scan-handler-0/DEBUG] (net.neoforged.fml.loading.moddiscovery.MinecraftLocator) Scan finished: Mod File: E:\GradleFiles\caches\fabric-loom\minecraftMaven\net\minecraft\neoforge-20.4.251-minecraft-merged\1.20.4-loom.mappings.1_20_4.layered+hash.40359-v2-neoforge-20.4.251\neoforge-20.4.251-minecraft-merged-1.20.4-loom.mappings.1_20_4.layered+hash.40359-v2-neoforge-20.4.251.jar
[12:16:13] [background-scan-handler-0/DEBUG] (net.neoforged.fml.loading.moddiscovery.Scanner) Scanning E:\GradleFiles\caches\fabric-loom\minecraftMaven\net\minecraft\neoforge-20.4.251-minecraft-merged\1.20.4-loom.mappings.1_20_4.layered+hash.40359-v2-neoforge-20.4.251\neoforge-20.4.251-minecraft-merged-1.20.4-loom.mappings.1_20_4.layered+hash.40359-v2-neoforge-20.4.251.jar with language loader minecraft
[12:16:13] [main/DEBUG] (cpw.mods.modlauncher.LaunchPluginHandler) LaunchPluginService {BEFORE=[net.neoforged.accesstransformer.ml.AccessTransformerService@2242dd2b], AFTER=[net.neoforged.fml.common.asm.RuntimeEnumExtender@60c3f653, juuxel.unprotect.modlauncher.UnprotectLaunchPlugin@6c6a7553, net.neoforged.fml.common.asm.RuntimeDistCleaner@a8e649e]}
[12:16:13] [main/DEBUG] (cpw.mods.modlauncher.LaunchPluginHandler) LauncherPluginService accesstransformer offering transform net.minecraft.world.item.ItemStack
[12:16:13] [main/DEBUG] (net.neoforged.accesstransformer.AccessTransformer) Transforming net.minecraft.world.item.ItemStack METHOD <init>(Lnet/minecraft/world/level/ItemLike;ILjava/util/Optional;)V to access PUBLIC and LEAVE
[12:16:13] [main/DEBUG] (cpw.mods.modlauncher.LaunchPluginHandler) LauncherPluginService accesstransformer transformed net.minecraft.world.item.ItemStack with class compute flags 256
[12:16:13] [main/DEBUG] (cpw.mods.modlauncher.LaunchPluginHandler) Final flags state for net.minecraft.world.item.ItemStack is 256
[12:16:13] [main/DEBUG] (cpw.mods.modlauncher.LaunchPluginHandler) LauncherPluginService runtime_enum_extender offering transform net.minecraft.world.item.ItemStack
[12:16:13] [main/DEBUG] (cpw.mods.modlauncher.LaunchPluginHandler) LauncherPluginService unprotect offering transform net.minecraft.world.item.ItemStack
[12:16:13] [main/DEBUG] (cpw.mods.modlauncher.LaunchPluginHandler) LauncherPluginService unprotect transformed net.minecraft.world.item.ItemStack with class compute flags 2
[12:16:13] [main/DEBUG] (cpw.mods.modlauncher.LaunchPluginHandler) LauncherPluginService runtimedistcleaner offering transform net.minecraft.world.item.ItemStack
[12:16:13] [main/DEBUG] (cpw.mods.modlauncher.LaunchPluginHandler) Final flags state for net.minecraft.world.item.ItemStack is 2
[12:16:13] [main/DEBUG] (cpw.mods.modlauncher.LaunchPluginHandler) LaunchPluginService {AFTER=[org.spongepowered.asm.launch.MixinLaunchPlugin@5af535ff, net.neoforged.fml.common.asm.RuntimeEnumExtender@60c3f653, net.neoforged.fml.common.asm.RuntimeDistCleaner@a8e649e]}
[12:16:13] [main/DEBUG] (cpw.mods.modlauncher.LaunchPluginHandler) Final flags state for net.neoforged.neoforge.common.extensions.IItemStackExtension is 0
[12:16:13] [main/DEBUG] (cpw.mods.modlauncher.LaunchPluginHandler) LauncherPluginService mixin offering transform net.neoforged.neoforge.common.extensions.IItemStackExtension
[12:16:13] [main/DEBUG] (cpw.mods.modlauncher.LaunchPluginHandler) LauncherPluginService runtime_enum_extender offering transform net.neoforged.neoforge.common.extensions.IItemStackExtension
[12:16:13] [main/DEBUG] (cpw.mods.modlauncher.LaunchPluginHandler) LauncherPluginService runtimedistcleaner offering transform net.neoforged.neoforge.common.extensions.IItemStackExtension
[12:16:13] [main/DEBUG] (cpw.mods.modlauncher.LaunchPluginHandler) Final flags state for net.neoforged.neoforge.common.extensions.IItemStackExtension is 0
[12:16:13] [main/DEBUG] (cpw.mods.modlauncher.LaunchPluginHandler) LaunchPluginService {AFTER=[org.spongepowered.asm.launch.MixinLaunchPlugin@5af535ff, net.neoforged.fml.common.asm.RuntimeEnumExtender@60c3f653, net.neoforged.fml.common.asm.RuntimeDistCleaner@a8e649e]}
[12:16:13] [main/DEBUG] (cpw.mods.modlauncher.LaunchPluginHandler) Final flags state for com.google.common.collect.Multimap is 0
[12:16:13] [main/DEBUG] (cpw.mods.modlauncher.LaunchPluginHandler) LauncherPluginService mixin offering transform com.google.common.collect.Multimap
[12:16:13] [main/DEBUG] (cpw.mods.modlauncher.LaunchPluginHandler) LauncherPluginService runtime_enum_extender offering transform com.google.common.collect.Multimap
[12:16:13] [main/DEBUG] (cpw.mods.modlauncher.LaunchPluginHandler) LauncherPluginService runtimedistcleaner offering transform com.google.common.collect.Multimap
[12:16:13] [main/DEBUG] (cpw.mods.modlauncher.LaunchPluginHandler) Final flags state for com.google.common.collect.Multimap is 0
[12:16:13] [main/DEBUG] (cpw.mods.modlauncher.LaunchPluginHandler) LaunchPluginService {AFTER=[org.spongepowered.asm.launch.MixinLaunchPlugin@5af535ff, net.neoforged.fml.common.asm.RuntimeEnumExtender@60c3f653, net.neoforged.fml.common.asm.RuntimeDistCleaner@a8e649e]}
[12:16:13] [main/DEBUG] (cpw.mods.modlauncher.LaunchPluginHandler) Final flags state for com.google.common.collect.HashMultimap is 0
[12:16:13] [main/DEBUG] (cpw.mods.modlauncher.LaunchPluginHandler) LauncherPluginService mixin offering transform com.google.common.collect.HashMultimap
[12:16:13] [main/DEBUG] (cpw.mods.modlauncher.LaunchPluginHandler) LauncherPluginService runtime_enum_extender offering transform com.google.common.collect.HashMultimap
[12:16:13] [main/DEBUG] (cpw.mods.modlauncher.LaunchPluginHandler) LauncherPluginService runtimedistcleaner offering transform com.google.common.collect.HashMultimap
[12:16:13] [main/DEBUG] (cpw.mods.modlauncher.LaunchPluginHandler) Final flags state for com.google.common.collect.HashMultimap is 0
[12:16:13] [main/DEBUG] (cpw.mods.modlauncher.LaunchPluginHandler) LaunchPluginService {AFTER=[org.spongepowered.asm.launch.MixinLaunchPlugin@5af535ff, net.neoforged.fml.common.asm.RuntimeEnumExtender@60c3f653, net.neoforged.fml.common.asm.RuntimeDistCleaner@a8e649e]}
[12:16:13] [main/DEBUG] (cpw.mods.modlauncher.LaunchPluginHandler) Final flags state for com.google.common.collect.HashMultimapGwtSerializationDependencies is 0
[12:16:13] [main/DEBUG] (cpw.mods.modlauncher.LaunchPluginHandler) LauncherPluginService mixin offering transform com.google.common.collect.HashMultimapGwtSerializationDependencies
[12:16:13] [main/DEBUG] (cpw.mods.modlauncher.LaunchPluginHandler) LauncherPluginService runtime_enum_extender offering transform com.google.common.collect.HashMultimapGwtSerializationDependencies
[12:16:13] [main/DEBUG] (cpw.mods.modlauncher.LaunchPluginHandler) LauncherPluginService runtimedistcleaner offering transform com.google.common.collect.HashMultimapGwtSerializationDependencies
[12:16:13] [main/DEBUG] (cpw.mods.modlauncher.LaunchPluginHandler) Final flags state for com.google.common.collect.HashMultimapGwtSerializationDependencies is 0
[12:16:13] [main/DEBUG] (cpw.mods.modlauncher.LaunchPluginHandler) LaunchPluginService {AFTER=[org.spongepowered.asm.launch.MixinLaunchPlugin@5af535ff, net.neoforged.fml.common.asm.RuntimeEnumExtender@60c3f653, net.neoforged.fml.common.asm.RuntimeDistCleaner@a8e649e]}
[12:16:13] [main/DEBUG] (cpw.mods.modlauncher.LaunchPluginHandler) Final flags state for com.google.common.collect.AbstractSetMultimap is 0
[12:16:13] [main/DEBUG] (cpw.mods.modlauncher.LaunchPluginHandler) LauncherPluginService mixin offering transform com.google.common.collect.AbstractSetMultimap
[12:16:13] [main/DEBUG] (cpw.mods.modlauncher.LaunchPluginHandler) LauncherPluginService runtime_enum_extender offering transform com.google.common.collect.AbstractSetMultimap
[12:16:13] [main/DEBUG] (cpw.mods.modlauncher.LaunchPluginHandler) LauncherPluginService runtimedistcleaner offering transform com.google.common.collect.AbstractSetMultimap
[12:16:13] [main/DEBUG] (cpw.mods.modlauncher.LaunchPluginHandler) Final flags state for com.google.common.collect.AbstractSetMultimap is 0
[12:16:13] [main/DEBUG] (cpw.mods.modlauncher.LaunchPluginHandler) LaunchPluginService {AFTER=[org.spongepowered.asm.launch.MixinLaunchPlugin@5af535ff, net.neoforged.fml.common.asm.RuntimeEnumExtender@60c3f653, net.neoforged.fml.common.asm.RuntimeDistCleaner@a8e649e]}
[12:16:13] [main/DEBUG] (cpw.mods.modlauncher.LaunchPluginHandler) Final flags state for com.google.common.collect.AbstractMapBasedMultimap is 0
[12:16:13] [main/DEBUG] (cpw.mods.modlauncher.LaunchPluginHandler) LauncherPluginService mixin offering transform com.google.common.collect.AbstractMapBasedMultimap
[12:16:13] [main/DEBUG] (cpw.mods.modlauncher.LaunchPluginHandler) LauncherPluginService runtime_enum_extender offering transform com.google.common.collect.AbstractMapBasedMultimap
[12:16:13] [main/DEBUG] (cpw.mods.modlauncher.LaunchPluginHandler) LauncherPluginService runtimedistcleaner offering transform com.google.common.collect.AbstractMapBasedMultimap
[12:16:13] [main/DEBUG] (cpw.mods.modlauncher.LaunchPluginHandler) Final flags state for com.google.common.collect.AbstractMapBasedMultimap is 0
[12:16:13] [main/DEBUG] (cpw.mods.modlauncher.LaunchPluginHandler) LaunchPluginService {AFTER=[org.spongepowered.asm.launch.MixinLaunchPlugin@5af535ff, net.neoforged.fml.common.asm.RuntimeEnumExtender@60c3f653, net.neoforged.fml.common.asm.RuntimeDistCleaner@a8e649e]}
[12:16:13] [main/DEBUG] (cpw.mods.modlauncher.LaunchPluginHandler) Final flags state for com.google.common.collect.AbstractMultimap is 0
[12:16:13] [main/DEBUG] (cpw.mods.modlauncher.LaunchPluginHandler) LauncherPluginService mixin offering transform com.google.common.collect.AbstractMultimap
[12:16:13] [main/DEBUG] (cpw.mods.modlauncher.LaunchPluginHandler) LauncherPluginService runtime_enum_extender offering transform com.google.common.collect.AbstractMultimap
[12:16:13] [main/DEBUG] (cpw.mods.modlauncher.LaunchPluginHandler) LauncherPluginService runtimedistcleaner offering transform com.google.common.collect.AbstractMultimap
[12:16:13] [main/DEBUG] (cpw.mods.modlauncher.LaunchPluginHandler) Final flags state for com.google.common.collect.AbstractMultimap is 0
[12:16:13] [main/DEBUG] (cpw.mods.modlauncher.LaunchPluginHandler) LaunchPluginService {AFTER=[org.spongepowered.asm.launch.MixinLaunchPlugin@5af535ff, net.neoforged.fml.common.asm.RuntimeEnumExtender@60c3f653, net.neoforged.fml.common.asm.RuntimeDistCleaner@a8e649e]}
[12:16:13] [main/DEBUG] (cpw.mods.modlauncher.LaunchPluginHandler) Final flags state for com.google.common.collect.SetMultimap is 0
[12:16:13] [main/DEBUG] (cpw.mods.modlauncher.LaunchPluginHandler) LauncherPluginService mixin offering transform com.google.common.collect.SetMultimap
[12:16:13] [main/DEBUG] (cpw.mods.modlauncher.LaunchPluginHandler) LauncherPluginService runtime_enum_extender offering transform com.google.common.collect.SetMultimap
[12:16:13] [main/DEBUG] (cpw.mods.modlauncher.LaunchPluginHandler) LauncherPluginService runtimedistcleaner offering transform com.google.common.collect.SetMultimap
[12:16:13] [main/DEBUG] (cpw.mods.modlauncher.LaunchPluginHandler) Final flags state for com.google.common.collect.SetMultimap is 0
[12:16:13] [main/DEBUG] (cpw.mods.modlauncher.LaunchPluginHandler) LaunchPluginService {AFTER=[net.neoforged.fml.common.asm.RuntimeEnumExtender@60c3f653, juuxel.unprotect.modlauncher.UnprotectLaunchPlugin@6c6a7553, net.neoforged.fml.common.asm.RuntimeDistCleaner@a8e649e]}
[12:16:13] [main/DEBUG] (cpw.mods.modlauncher.LaunchPluginHandler) Final flags state for net.minecraft.world.entity.player.Inventory is 0
[12:16:13] [main/DEBUG] (cpw.mods.modlauncher.LaunchPluginHandler) LauncherPluginService runtime_enum_extender offering transform net.minecraft.world.entity.player.Inventory
[12:16:13] [main/DEBUG] (cpw.mods.modlauncher.LaunchPluginHandler) LauncherPluginService unprotect offering transform net.minecraft.world.entity.player.Inventory
[12:16:13] [main/DEBUG] (cpw.mods.modlauncher.LaunchPluginHandler) LauncherPluginService unprotect transformed net.minecraft.world.entity.player.Inventory with class compute flags 2
[12:16:13] [main/DEBUG] (cpw.mods.modlauncher.LaunchPluginHandler) LauncherPluginService runtimedistcleaner offering transform net.minecraft.world.entity.player.Inventory
[12:16:13] [main/DEBUG] (cpw.mods.modlauncher.LaunchPluginHandler) Final flags state for net.minecraft.world.entity.player.Inventory is 2
[12:16:13] [main/DEBUG] (cpw.mods.modlauncher.LaunchPluginHandler) LaunchPluginService {AFTER=[net.neoforged.fml.common.asm.RuntimeEnumExtender@60c3f653, juuxel.unprotect.modlauncher.UnprotectLaunchPlugin@6c6a7553, net.neoforged.fml.common.asm.RuntimeDistCleaner@a8e649e]}
[12:16:13] [main/DEBUG] (cpw.mods.modlauncher.LaunchPluginHandler) Final flags state for net.minecraft.world.entity.player.Abilities is 0
[12:16:13] [main/DEBUG] (cpw.mods.modlauncher.LaunchPluginHandler) LauncherPluginService runtime_enum_extender offering transform net.minecraft.world.entity.player.Abilities
[12:16:13] [main/DEBUG] (cpw.mods.modlauncher.LaunchPluginHandler) LauncherPluginService unprotect offering transform net.minecraft.world.entity.player.Abilities
[12:16:13] [main/DEBUG] (cpw.mods.modlauncher.LaunchPluginHandler) LauncherPluginService runtimedistcleaner offering transform net.minecraft.world.entity.player.Abilities
[12:16:13] [main/DEBUG] (cpw.mods.modlauncher.LaunchPluginHandler) Final flags state for net.minecraft.world.entity.player.Abilities is 0
[12:16:13] [main/DEBUG] (cpw.mods.modlauncher.LaunchPluginHandler) LaunchPluginService {AFTER=[net.neoforged.fml.common.asm.RuntimeEnumExtender@60c3f653, net.neoforged.fml.common.asm.RuntimeDistCleaner@a8e649e]}
[12:16:13] [main/DEBUG] (cpw.mods.modlauncher.LaunchPluginHandler) Final flags state for dev.dacommander31.smart_pick.util.PickBlockCache is 0
[12:16:13] [main/DEBUG] (cpw.mods.modlauncher.LaunchPluginHandler) LauncherPluginService runtime_enum_extender offering transform dev.dacommander31.smart_pick.util.PickBlockCache
[12:16:13] [main/DEBUG] (cpw.mods.modlauncher.LaunchPluginHandler) LauncherPluginService runtimedistcleaner offering transform dev.dacommander31.smart_pick.util.PickBlockCache
[12:16:13] [main/DEBUG] (cpw.mods.modlauncher.LaunchPluginHandler) Final flags state for dev.dacommander31.smart_pick.util.PickBlockCache is 0
[12:16:13] [main/DEBUG] (cpw.mods.modlauncher.LaunchPluginHandler) LaunchPluginService {AFTER=[net.neoforged.fml.common.asm.RuntimeEnumExtender@60c3f653, net.neoforged.fml.common.asm.RuntimeDistCleaner@a8e649e]}
[12:16:13] [main/DEBUG] (cpw.mods.modlauncher.LaunchPluginHandler) Final flags state for java.util.Map is 0
[12:16:13] [main/DEBUG] (cpw.mods.modlauncher.LaunchPluginHandler) LauncherPluginService runtime_enum_extender offering transform java.util.Map
[12:16:13] [main/DEBUG] (cpw.mods.modlauncher.LaunchPluginHandler) LauncherPluginService runtimedistcleaner offering transform java.util.Map
[12:16:13] [main/DEBUG] (cpw.mods.modlauncher.LaunchPluginHandler) Final flags state for java.util.Map is 0
[12:16:13] [main/DEBUG] (cpw.mods.modlauncher.LaunchPluginHandler) LaunchPluginService {AFTER=[net.neoforged.fml.common.asm.RuntimeEnumExtender@60c3f653, net.neoforged.fml.common.asm.RuntimeDistCleaner@a8e649e]}
[12:16:13] [main/DEBUG] (cpw.mods.modlauncher.LaunchPluginHandler) Final flags state for java.util.Set is 0
[12:16:13] [main/DEBUG] (cpw.mods.modlauncher.LaunchPluginHandler) LauncherPluginService runtime_enum_extender offering transform java.util.Set
[12:16:13] [main/DEBUG] (cpw.mods.modlauncher.LaunchPluginHandler) LauncherPluginService runtimedistcleaner offering transform java.util.Set
[12:16:13] [main/DEBUG] (cpw.mods.modlauncher.LaunchPluginHandler) Final flags state for java.util.Set is 0
[12:16:13] [main/DEBUG] (cpw.mods.modlauncher.LaunchPluginHandler) LaunchPluginService {AFTER=[net.neoforged.fml.common.asm.RuntimeEnumExtender@60c3f653, net.neoforged.fml.common.asm.RuntimeDistCleaner@a8e649e]}
[12:16:13] [main/DEBUG] (cpw.mods.modlauncher.LaunchPluginHandler) Final flags state for java.util.Iterator is 0
[12:16:13] [main/DEBUG] (cpw.mods.modlauncher.LaunchPluginHandler) LauncherPluginService runtime_enum_extender offering transform java.util.Iterator
[12:16:13] [main/DEBUG] (cpw.mods.modlauncher.LaunchPluginHandler) LauncherPluginService runtimedistcleaner offering transform java.util.Iterator
[12:16:13] [main/DEBUG] (cpw.mods.modlauncher.LaunchPluginHandler) Final flags state for java.util.Iterator is 0
[12:16:13] [main/DEBUG] (cpw.mods.modlauncher.LaunchPluginHandler) LaunchPluginService {AFTER=[net.neoforged.fml.common.asm.RuntimeEnumExtender@60c3f653, net.neoforged.fml.common.asm.RuntimeDistCleaner@a8e649e]}
[12:16:13] [main/DEBUG] (cpw.mods.modlauncher.LaunchPluginHandler) Final flags state for java.util.List is 0
[12:16:13] [main/DEBUG] (cpw.mods.modlauncher.LaunchPluginHandler) LauncherPluginService runtime_enum_extender offering transform java.util.List
[12:16:13] [main/DEBUG] (cpw.mods.modlauncher.LaunchPluginHandler) LauncherPluginService runtimedistcleaner offering transform java.util.List
[12:16:13] [main/DEBUG] (cpw.mods.modlauncher.LaunchPluginHandler) Final flags state for java.util.List is 0
[12:16:13] [main/DEBUG] (cpw.mods.modlauncher.LaunchPluginHandler) LaunchPluginService {AFTER=[net.neoforged.fml.common.asm.RuntimeEnumExtender@60c3f653, net.neoforged.fml.common.asm.RuntimeDistCleaner@a8e649e]}
[12:16:13] [main/DEBUG] (cpw.mods.modlauncher.LaunchPluginHandler) Final flags state for java.lang.invoke.LambdaMetafactory is 0
[12:16:13] [main/DEBUG] (cpw.mods.modlauncher.LaunchPluginHandler) LauncherPluginService runtime_enum_extender offering transform java.lang.invoke.LambdaMetafactory
[12:16:13] [main/DEBUG] (cpw.mods.modlauncher.LaunchPluginHandler) LauncherPluginService runtimedistcleaner offering transform java.lang.invoke.LambdaMetafactory
[12:16:13] [main/DEBUG] (cpw.mods.modlauncher.LaunchPluginHandler) Final flags state for java.lang.invoke.LambdaMetafactory is 0
[12:16:13] [main/DEBUG] (cpw.mods.modlauncher.LaunchPluginHandler) LaunchPluginService {AFTER=[net.neoforged.fml.common.asm.RuntimeEnumExtender@60c3f653, juuxel.unprotect.modlauncher.UnprotectLaunchPlugin@6c6a7553, net.neoforged.fml.common.asm.RuntimeDistCleaner@a8e649e]}
[12:16:13] [main/DEBUG] (cpw.mods.modlauncher.LaunchPluginHandler) Final flags state for net.minecraft.world.Nameable is 0
[12:16:13] [main/DEBUG] (cpw.mods.modlauncher.LaunchPluginHandler) LauncherPluginService runtime_enum_extender offering transform net.minecraft.world.Nameable
[12:16:13] [main/DEBUG] (cpw.mods.modlauncher.LaunchPluginHandler) LauncherPluginService unprotect offering transform net.minecraft.world.Nameable
[12:16:13] [main/DEBUG] (cpw.mods.modlauncher.LaunchPluginHandler) LauncherPluginService runtimedistcleaner offering transform net.minecraft.world.Nameable
[12:16:13] [main/DEBUG] (cpw.mods.modlauncher.LaunchPluginHandler) Final flags state for net.minecraft.world.Nameable is 0
[12:16:13] [main/DEBUG] (cpw.mods.modlauncher.LaunchPluginHandler) LaunchPluginService {AFTER=[net.neoforged.fml.common.asm.RuntimeEnumExtender@60c3f653, juuxel.unprotect.modlauncher.UnprotectLaunchPlugin@6c6a7553, net.neoforged.fml.common.asm.RuntimeDistCleaner@a8e649e]}
[12:16:13] [main/DEBUG] (cpw.mods.modlauncher.LaunchPluginHandler) Final flags state for net.minecraft.world.Container is 0
[12:16:13] [main/DEBUG] (cpw.mods.modlauncher.LaunchPluginHandler) LauncherPluginService runtime_enum_extender offering transform net.minecraft.world.Container
[12:16:13] [main/DEBUG] (cpw.mods.modlauncher.LaunchPluginHandler) LauncherPluginService unprotect offering transform net.minecraft.world.Container
[12:16:13] [main/DEBUG] (cpw.mods.modlauncher.LaunchPluginHandler) LauncherPluginService runtimedistcleaner offering transform net.minecraft.world.Container
[12:16:13] [main/DEBUG] (cpw.mods.modlauncher.LaunchPluginHandler) Final flags state for net.minecraft.world.Container is 0
[12:16:13] [main/DEBUG] (cpw.mods.modlauncher.LaunchPluginHandler) LaunchPluginService {AFTER=[net.neoforged.fml.common.asm.RuntimeEnumExtender@60c3f653, net.neoforged.fml.common.asm.RuntimeDistCleaner@a8e649e]}
[12:16:13] [main/DEBUG] (cpw.mods.modlauncher.LaunchPluginHandler) Final flags state for dev.dacommander31.smart_pick.platform.Platform is 0
[12:16:13] [main/DEBUG] (cpw.mods.modlauncher.LaunchPluginHandler) LauncherPluginService runtime_enum_extender offering transform dev.dacommander31.smart_pick.platform.Platform
[12:16:13] [main/DEBUG] (cpw.mods.modlauncher.LaunchPluginHandler) LauncherPluginService runtimedistcleaner offering transform dev.dacommander31.smart_pick.platform.Platform
[12:16:13] [main/DEBUG] (cpw.mods.modlauncher.LaunchPluginHandler) Final flags state for dev.dacommander31.smart_pick.platform.Platform is 0
[12:16:13] [main/DEBUG] (cpw.mods.modlauncher.LaunchPluginHandler) LaunchPluginService {AFTER=[net.neoforged.fml.common.asm.RuntimeEnumExtender@60c3f653, net.neoforged.fml.common.asm.RuntimeDistCleaner@a8e649e]}
[12:16:13] [main/DEBUG] (cpw.mods.modlauncher.LaunchPluginHandler) Final flags state for dev.dacommander31.smart_pick.platform.SmartPickPlatform is 0
[12:16:13] [main/DEBUG] (cpw.mods.modlauncher.LaunchPluginHandler) LauncherPluginService runtime_enum_extender offering transform dev.dacommander31.smart_pick.platform.SmartPickPlatform
[12:16:13] [main/DEBUG] (cpw.mods.modlauncher.LaunchPluginHandler) LauncherPluginService runtimedistcleaner offering transform dev.dacommander31.smart_pick.platform.SmartPickPlatform
[12:16:13] [main/DEBUG] (cpw.mods.modlauncher.LaunchPluginHandler) Final flags state for dev.dacommander31.smart_pick.platform.SmartPickPlatform is 0
[12:16:13] [main/DEBUG] (cpw.mods.modlauncher.LaunchPluginHandler) LaunchPluginService {AFTER=[net.neoforged.fml.common.asm.RuntimeEnumExtender@60c3f653, juuxel.unprotect.modlauncher.UnprotectLaunchPlugin@6c6a7553, net.neoforged.fml.common.asm.RuntimeDistCleaner@a8e649e]}
[12:16:13] [main/DEBUG] (cpw.mods.modlauncher.LaunchPluginHandler) Final flags state for net.minecraft.network.chat.Component is 0
[12:16:13] [main/DEBUG] (cpw.mods.modlauncher.LaunchPluginHandler) LauncherPluginService runtime_enum_extender offering transform net.minecraft.network.chat.Component
[12:16:13] [main/DEBUG] (cpw.mods.modlauncher.LaunchPluginHandler) LauncherPluginService unprotect offering transform net.minecraft.network.chat.Component
[12:16:13] [main/DEBUG] (cpw.mods.modlauncher.LaunchPluginHandler) LauncherPluginService runtimedistcleaner offering transform net.minecraft.network.chat.Component
[12:16:13] [main/DEBUG] (cpw.mods.modlauncher.LaunchPluginHandler) Final flags state for net.minecraft.network.chat.Component is 0
[12:16:13] [main/DEBUG] (cpw.mods.modlauncher.LaunchPluginHandler) LaunchPluginService {BEFORE=[net.neoforged.accesstransformer.ml.AccessTransformerService@2242dd2b], AFTER=[net.neoforged.fml.common.asm.RuntimeEnumExtender@60c3f653, juuxel.unprotect.modlauncher.UnprotectLaunchPlugin@6c6a7553, net.neoforged.fml.common.asm.RuntimeDistCleaner@a8e649e]}
[12:16:13] [main/DEBUG] (cpw.mods.modlauncher.LaunchPluginHandler) LauncherPluginService accesstransformer offering transform net.minecraft.client.gui.Gui
[12:16:13] [main/DEBUG] (net.neoforged.accesstransformer.AccessTransformer) Transforming net.minecraft.client.gui.Gui FIELD CROSSHAIR_SPRITE to access PROTECTED and LEAVE
[12:16:13] [main/DEBUG] (net.neoforged.accesstransformer.AccessTransformer) Transforming net.minecraft.client.gui.Gui FIELD CROSSHAIR_ATTACK_INDICATOR_FULL_SPRITE to access PROTECTED and LEAVE
[12:16:13] [main/DEBUG] (net.neoforged.accesstransformer.AccessTransformer) Transforming net.minecraft.client.gui.Gui FIELD CROSSHAIR_ATTACK_INDICATOR_BACKGROUND_SPRITE to access PROTECTED and LEAVE
[12:16:13] [main/DEBUG] (net.neoforged.accesstransformer.AccessTransformer) Transforming net.minecraft.client.gui.Gui FIELD CROSSHAIR_ATTACK_INDICATOR_PROGRESS_SPRITE to access PROTECTED and LEAVE
[12:16:13] [main/DEBUG] (net.neoforged.accesstransformer.AccessTransformer) Transforming net.minecraft.client.gui.Gui FIELD EFFECT_BACKGROUND_AMBIENT_SPRITE to access PROTECTED and LEAVE
[12:16:13] [main/DEBUG] (net.neoforged.accesstransformer.AccessTransformer) Transforming net.minecraft.client.gui.Gui FIELD EFFECT_BACKGROUND_SPRITE to access PROTECTED and LEAVE
[12:16:13] [main/DEBUG] (net.neoforged.accesstransformer.AccessTransformer) Transforming net.minecraft.client.gui.Gui FIELD HOTBAR_SPRITE to access PROTECTED and LEAVE
[12:16:13] [main/DEBUG] (net.neoforged.accesstransformer.AccessTransformer) Transforming net.minecraft.client.gui.Gui FIELD HOTBAR_SELECTION_SPRITE to access PROTECTED and LEAVE
[12:16:13] [main/DEBUG] (net.neoforged.accesstransformer.AccessTransformer) Transforming net.minecraft.client.gui.Gui FIELD HOTBAR_OFFHAND_LEFT_SPRITE to access PROTECTED and LEAVE
[12:16:13] [main/DEBUG] (net.neoforged.accesstransformer.AccessTransformer) Transforming net.minecraft.client.gui.Gui FIELD HOTBAR_OFFHAND_RIGHT_SPRITE to access PROTECTED and LEAVE
[12:16:13] [main/DEBUG] (net.neoforged.accesstransformer.AccessTransformer) Transforming net.minecraft.client.gui.Gui FIELD HOTBAR_ATTACK_INDICATOR_BACKGROUND_SPRITE to access PROTECTED and LEAVE
[12:16:13] [main/DEBUG] (net.neoforged.accesstransformer.AccessTransformer) Transforming net.minecraft.client.gui.Gui FIELD HOTBAR_ATTACK_INDICATOR_PROGRESS_SPRITE to access PROTECTED and LEAVE
[12:16:13] [main/DEBUG] (net.neoforged.accesstransformer.AccessTransformer) Transforming net.minecraft.client.gui.Gui FIELD JUMP_BAR_BACKGROUND_SPRITE to access PROTECTED and LEAVE
[12:16:13] [main/DEBUG] (net.neoforged.accesstransformer.AccessTransformer) Transforming net.minecraft.client.gui.Gui FIELD JUMP_BAR_COOLDOWN_SPRITE to access PROTECTED and LEAVE
[12:16:13] [main/DEBUG] (net.neoforged.accesstransformer.AccessTransformer) Transforming net.minecraft.client.gui.Gui FIELD JUMP_BAR_PROGRESS_SPRITE to access PROTECTED and LEAVE
[12:16:13] [main/DEBUG] (net.neoforged.accesstransformer.AccessTransformer) Transforming net.minecraft.client.gui.Gui FIELD EXPERIENCE_BAR_BACKGROUND_SPRITE to access PROTECTED and LEAVE
[12:16:13] [main/DEBUG] (net.neoforged.accesstransformer.AccessTransformer) Transforming net.minecraft.client.gui.Gui FIELD EXPERIENCE_BAR_PROGRESS_SPRITE to access PROTECTED and LEAVE
[12:16:13] [main/DEBUG] (net.neoforged.accesstransformer.AccessTransformer) Transforming net.minecraft.client.gui.Gui FIELD ARMOR_EMPTY_SPRITE to access PROTECTED and LEAVE
[12:16:13] [main/DEBUG] (net.neoforged.accesstransformer.AccessTransformer) Transforming net.minecraft.client.gui.Gui FIELD ARMOR_HALF_SPRITE to access PROTECTED and LEAVE
[12:16:13] [main/DEBUG] (net.neoforged.accesstransformer.AccessTransformer) Transforming net.minecraft.client.gui.Gui FIELD ARMOR_FULL_SPRITE to access PROTECTED and LEAVE
[12:16:13] [main/DEBUG] (net.neoforged.accesstransformer.AccessTransformer) Transforming net.minecraft.client.gui.Gui FIELD FOOD_EMPTY_HUNGER_SPRITE to access PROTECTED and LEAVE
[12:16:13] [main/DEBUG] (net.neoforged.accesstransformer.AccessTransformer) Transforming net.minecraft.client.gui.Gui FIELD FOOD_HALF_HUNGER_SPRITE to access PROTECTED and LEAVE
[12:16:13] [main/DEBUG] (net.neoforged.accesstransformer.AccessTransformer) Transforming net.minecraft.client.gui.Gui FIELD FOOD_FULL_HUNGER_SPRITE to access PROTECTED and LEAVE
[12:16:13] [main/DEBUG] (net.neoforged.accesstransformer.AccessTransformer) Transforming net.minecraft.client.gui.Gui FIELD FOOD_EMPTY_SPRITE to access PROTECTED and LEAVE
[12:16:13] [main/DEBUG] (net.neoforged.accesstransformer.AccessTransformer) Transforming net.minecraft.client.gui.Gui FIELD FOOD_HALF_SPRITE to access PROTECTED and LEAVE
[12:16:13] [main/DEBUG] (net.neoforged.accesstransformer.AccessTransformer) Transforming net.minecraft.client.gui.Gui FIELD FOOD_FULL_SPRITE to access PROTECTED and LEAVE
[12:16:13] [main/DEBUG] (net.neoforged.accesstransformer.AccessTransformer) Transforming net.minecraft.client.gui.Gui FIELD AIR_SPRITE to access PROTECTED and LEAVE
[12:16:13] [main/DEBUG] (net.neoforged.accesstransformer.AccessTransformer) Transforming net.minecraft.client.gui.Gui FIELD AIR_BURSTING_SPRITE to access PROTECTED and LEAVE
[12:16:13] [main/DEBUG] (net.neoforged.accesstransformer.AccessTransformer) Transforming net.minecraft.client.gui.Gui FIELD HEART_VEHICLE_CONTAINER_SPRITE to access PROTECTED and LEAVE
[12:16:13] [main/DEBUG] (net.neoforged.accesstransformer.AccessTransformer) Transforming net.minecraft.client.gui.Gui FIELD HEART_VEHICLE_FULL_SPRITE to access PROTECTED and LEAVE
[12:16:13] [main/DEBUG] (net.neoforged.accesstransformer.AccessTransformer) Transforming net.minecraft.client.gui.Gui FIELD HEART_VEHICLE_HALF_SPRITE to access PROTECTED and LEAVE
[12:16:13] [main/DEBUG] (net.neoforged.accesstransformer.AccessTransformer) Transforming net.minecraft.client.gui.Gui FIELD VIGNETTE_LOCATION to access PROTECTED and LEAVE
[12:16:13] [main/DEBUG] (net.neoforged.accesstransformer.AccessTransformer) Transforming net.minecraft.client.gui.Gui FIELD PUMPKIN_BLUR_LOCATION to access PROTECTED and LEAVE
[12:16:13] [main/DEBUG] (net.neoforged.accesstransformer.AccessTransformer) Transforming net.minecraft.client.gui.Gui FIELD SPYGLASS_SCOPE_LOCATION to access PROTECTED and LEAVE
[12:16:13] [main/DEBUG] (net.neoforged.accesstransformer.AccessTransformer) Transforming net.minecraft.client.gui.Gui FIELD POWDER_SNOW_OUTLINE_LOCATION to access PROTECTED and LEAVE
[12:16:13] [main/DEBUG] (net.neoforged.accesstransformer.AccessTransformer) Transforming net.minecraft.client.gui.Gui FIELD DEMO_EXPIRED_TEXT to access PROTECTED and LEAVE
[12:16:13] [main/DEBUG] (net.neoforged.accesstransformer.AccessTransformer) Transforming net.minecraft.client.gui.Gui FIELD SAVING_TEXT to access PROTECTED and LEAVE
[12:16:13] [main/DEBUG] (net.neoforged.accesstransformer.AccessTransformer) Transforming net.minecraft.client.gui.Gui FIELD COLOR_WHITE to access PROTECTED and LEAVE
[12:16:13] [main/DEBUG] (net.neoforged.accesstransformer.AccessTransformer) Transforming net.minecraft.client.gui.Gui FIELD MIN_CROSSHAIR_ATTACK_SPEED to access PROTECTED and LEAVE
[12:16:13] [main/DEBUG] (net.neoforged.accesstransformer.AccessTransformer) Transforming net.minecraft.client.gui.Gui FIELD NUM_HEARTS_PER_ROW to access PROTECTED and LEAVE
[12:16:13] [main/DEBUG] (net.neoforged.accesstransformer.AccessTransformer) Transforming net.minecraft.client.gui.Gui FIELD LINE_HEIGHT to access PROTECTED and LEAVE
[12:16:13] [main/DEBUG] (net.neoforged.accesstransformer.AccessTransformer) Transforming net.minecraft.client.gui.Gui FIELD SPACER to access PROTECTED and LEAVE
[12:16:13] [main/DEBUG] (net.neoforged.accesstransformer.AccessTransformer) Transforming net.minecraft.client.gui.Gui FIELD PORTAL_OVERLAY_ALPHA_MIN to access PROTECTED and LEAVE
[12:16:13] [main/DEBUG] (net.neoforged.accesstransformer.AccessTransformer) Transforming net.minecraft.client.gui.Gui FIELD HEART_SIZE to access PROTECTED and LEAVE
[12:16:13] [main/DEBUG] (net.neoforged.accesstransformer.AccessTransformer) Transforming net.minecraft.client.gui.Gui FIELD HEART_SEPARATION to access PROTECTED and LEAVE
[12:16:13] [main/DEBUG] (net.neoforged.accesstransformer.AccessTransformer) Transforming net.minecraft.client.gui.Gui FIELD AUTOSAVE_FADE_SPEED_FACTOR to access PROTECTED and LEAVE
[12:16:13] [main/DEBUG] (net.neoforged.accesstransformer.AccessTransformer) Transforming net.minecraft.client.gui.Gui FIELD random to access PROTECTED and LEAVE
[12:16:13] [main/DEBUG] (net.neoforged.accesstransformer.AccessTransformer) Transforming net.minecraft.client.gui.Gui FIELD minecraft to access PROTECTED and LEAVE
[12:16:13] [main/DEBUG] (net.neoforged.accesstransformer.AccessTransformer) Transforming net.minecraft.client.gui.Gui FIELD itemRenderer to access PROTECTED and LEAVE
[12:16:13] [main/DEBUG] (net.neoforged.accesstransformer.AccessTransformer) Transforming net.minecraft.client.gui.Gui FIELD chat to access PROTECTED and LEAVE
[12:16:13] [main/DEBUG] (net.neoforged.accesstransformer.AccessTransformer) Transforming net.minecraft.client.gui.Gui FIELD tickCount to access PROTECTED and LEAVE
[12:16:13] [main/DEBUG] (net.neoforged.accesstransformer.AccessTransformer) Transforming net.minecraft.client.gui.Gui FIELD overlayMessageString to access PROTECTED and LEAVE
[12:16:13] [main/DEBUG] (net.neoforged.accesstransformer.AccessTransformer) Transforming net.minecraft.client.gui.Gui FIELD overlayMessageTime to access PROTECTED and LEAVE
[12:16:13] [main/DEBUG] (net.neoforged.accesstransformer.AccessTransformer) Transforming net.minecraft.client.gui.Gui FIELD animateOverlayMessageColor to access PROTECTED and LEAVE
[12:16:13] [main/DEBUG] (net.neoforged.accesstransformer.AccessTransformer) Transforming net.minecraft.client.gui.Gui FIELD chatDisabledByPlayerShown to access PROTECTED and LEAVE
[12:16:13] [main/DEBUG] (net.neoforged.accesstransformer.AccessTransformer) Transforming net.minecraft.client.gui.Gui FIELD toolHighlightTimer to access PROTECTED and LEAVE
[12:16:13] [main/DEBUG] (net.neoforged.accesstransformer.AccessTransformer) Transforming net.minecraft.client.gui.Gui FIELD lastToolHighlight to access PROTECTED and LEAVE
[12:16:13] [main/DEBUG] (net.neoforged.accesstransformer.AccessTransformer) Transforming net.minecraft.client.gui.Gui FIELD debugOverlay to access PROTECTED and LEAVE
[12:16:13] [main/DEBUG] (net.neoforged.accesstransformer.AccessTransformer) Transforming net.minecraft.client.gui.Gui FIELD subtitleOverlay to access PROTECTED and LEAVE
[12:16:13] [main/DEBUG] (net.neoforged.accesstransformer.AccessTransformer) Transforming net.minecraft.client.gui.Gui FIELD spectatorGui to access PROTECTED and LEAVE
[12:16:13] [main/DEBUG] (net.neoforged.accesstransformer.AccessTransformer) Transforming net.minecraft.client.gui.Gui FIELD tabList to access PROTECTED and LEAVE
[12:16:13] [main/DEBUG] (net.neoforged.accesstransformer.AccessTransformer) Transforming net.minecraft.client.gui.Gui FIELD bossOverlay to access PROTECTED and LEAVE
[12:16:13] [main/DEBUG] (net.neoforged.accesstransformer.AccessTransformer) Transforming net.minecraft.client.gui.Gui FIELD titleTime to access PROTECTED and LEAVE
[12:16:13] [main/DEBUG] (net.neoforged.accesstransformer.AccessTransformer) Transforming net.minecraft.client.gui.Gui FIELD title to access PROTECTED and LEAVE
[12:16:13] [main/DEBUG] (net.neoforged.accesstransformer.AccessTransformer) Transforming net.minecraft.client.gui.Gui FIELD subtitle to access PROTECTED and LEAVE
[12:16:13] [main/DEBUG] (net.neoforged.accesstransformer.AccessTransformer) Transforming net.minecraft.client.gui.Gui FIELD titleFadeInTime to access PROTECTED and LEAVE
[12:16:13] [main/DEBUG] (net.neoforged.accesstransformer.AccessTransformer) Transforming net.minecraft.client.gui.Gui FIELD titleStayTime to access PROTECTED and LEAVE
[12:16:13] [main/DEBUG] (net.neoforged.accesstransformer.AccessTransformer) Transforming net.minecraft.client.gui.Gui FIELD titleFadeOutTime to access PROTECTED and LEAVE
[12:16:13] [main/DEBUG] (net.neoforged.accesstransformer.AccessTransformer) Transforming net.minecraft.client.gui.Gui FIELD lastHealth to access PROTECTED and LEAVE
[12:16:13] [main/DEBUG] (net.neoforged.accesstransformer.AccessTransformer) Transforming net.minecraft.client.gui.Gui FIELD displayHealth to access PROTECTED and LEAVE
[12:16:13] [main/DEBUG] (net.neoforged.accesstransformer.AccessTransformer) Transforming net.minecraft.client.gui.Gui FIELD lastHealthTime to access PROTECTED and LEAVE
[12:16:13] [main/DEBUG] (net.neoforged.accesstransformer.AccessTransformer) Transforming net.minecraft.client.gui.Gui FIELD healthBlinkTime to access PROTECTED and LEAVE
[12:16:13] [main/DEBUG] (net.neoforged.accesstransformer.AccessTransformer) Transforming net.minecraft.client.gui.Gui FIELD screenWidth to access PROTECTED and LEAVE
[12:16:13] [main/DEBUG] (net.neoforged.accesstransformer.AccessTransformer) Transforming net.minecraft.client.gui.Gui FIELD screenHeight to access PROTECTED and LEAVE
[12:16:13] [main/DEBUG] (net.neoforged.accesstransformer.AccessTransformer) Transforming net.minecraft.client.gui.Gui FIELD autosaveIndicatorValue to access PROTECTED and LEAVE
[12:16:13] [main/DEBUG] (net.neoforged.accesstransformer.AccessTransformer) Transforming net.minecraft.client.gui.Gui FIELD lastAutosaveIndicatorValue to access PROTECTED and LEAVE
[12:16:13] [main/DEBUG] (net.neoforged.accesstransformer.AccessTransformer) Transforming net.minecraft.client.gui.Gui FIELD scopeScale to access PROTECTED and LEAVE
[12:16:13] [main/DEBUG] (net.neoforged.accesstransformer.AccessTransformer) Transforming net.minecraft.client.gui.Gui METHOD drawBackdrop(Lnet/minecraft/client/gui/GuiGraphics;Lnet/minecraft/client/gui/Font;III)V to access PROTECTED and LEAVE
[12:16:13] [main/DEBUG] (net.neoforged.accesstransformer.AccessTransformer) Transforming net.minecraft.client.gui.Gui METHOD renderCrosshair(Lnet/minecraft/client/gui/GuiGraphics;)V to access PUBLIC and LEAVE
[12:16:13] [main/DEBUG] (net.neoforged.accesstransformer.AccessTransformer) Transforming net.minecraft.client.gui.Gui METHOD renderEffects(Lnet/minecraft/client/gui/GuiGraphics;)V to access PUBLIC and LEAVE
[12:16:13] [main/DEBUG] (net.neoforged.accesstransformer.AccessTransformer) Transforming net.minecraft.client.gui.Gui METHOD renderHotbar(FLnet/minecraft/client/gui/GuiGraphics;)V to access PUBLIC and LEAVE
[12:16:13] [main/DEBUG] (net.neoforged.accesstransformer.AccessTransformer) Transforming net.minecraft.client.gui.Gui METHOD displayScoreboardSidebar(Lnet/minecraft/client/gui/GuiGraphics;Lnet/minecraft/world/scores/Objective;)V to access PUBLIC and LEAVE
[12:16:13] [main/DEBUG] (net.neoforged.accesstransformer.AccessTransformer) Transforming net.minecraft.client.gui.Gui METHOD renderHearts(Lnet/minecraft/client/gui/GuiGraphics;Lnet/minecraft/world/entity/player/Player;IIIIFIIIZ)V to access PROTECTED and LEAVE
[12:16:13] [main/DEBUG] (net.neoforged.accesstransformer.AccessTransformer) Transforming net.minecraft.client.gui.Gui METHOD renderTextureOverlay(Lnet/minecraft/client/gui/GuiGraphics;Lnet/minecraft/resources/ResourceLocation;F)V to access PROTECTED and LEAVE
[12:16:13] [main/DEBUG] (net.neoforged.accesstransformer.AccessTransformer) Transforming net.minecraft.client.gui.Gui METHOD renderSpyglassOverlay(Lnet/minecraft/client/gui/GuiGraphics;F)V to access PUBLIC and LEAVE
[12:16:13] [main/DEBUG] (net.neoforged.accesstransformer.AccessTransformer) Transforming net.minecraft.client.gui.Gui METHOD renderVignette(Lnet/minecraft/client/gui/GuiGraphics;Lnet/minecraft/world/entity/Entity;)V to access PUBLIC and LEAVE
[12:16:13] [main/DEBUG] (net.neoforged.accesstransformer.AccessTransformer) Transforming net.minecraft.client.gui.Gui METHOD renderPortalOverlay(Lnet/minecraft/client/gui/GuiGraphics;F)V to access PROTECTED and LEAVE
[12:16:13] [main/DEBUG] (cpw.mods.modlauncher.LaunchPluginHandler) LauncherPluginService accesstransformer transformed net.minecraft.client.gui.Gui with class compute flags 256
[12:16:13] [main/DEBUG] (cpw.mods.modlauncher.LaunchPluginHandler) Final flags state for net.minecraft.client.gui.Gui is 256
[12:16:13] [main/DEBUG] (cpw.mods.modlauncher.LaunchPluginHandler) LauncherPluginService runtime_enum_extender offering transform net.minecraft.client.gui.Gui
[12:16:13] [main/DEBUG] (cpw.mods.modlauncher.LaunchPluginHandler) LauncherPluginService unprotect offering transform net.minecraft.client.gui.Gui
[12:16:13] [main/DEBUG] (cpw.mods.modlauncher.LaunchPluginHandler) LauncherPluginService unprotect transformed net.minecraft.client.gui.Gui with class compute flags 2
[12:16:13] [main/DEBUG] (cpw.mods.modlauncher.LaunchPluginHandler) LauncherPluginService runtimedistcleaner offering transform net.minecraft.client.gui.Gui
[12:16:13] [main/DEBUG] (net.neoforged.fml.common.asm.RuntimeDistCleaner) Removing Class Annotation: net/minecraft/client/gui/Gui @Lnet/neoforged/api/distmarker/OnlyIn;
[12:16:13] [main/DEBUG] (cpw.mods.modlauncher.LaunchPluginHandler) LauncherPluginService runtimedistcleaner transformed net.minecraft.client.gui.Gui with class compute flags 256
[12:16:13] [main/DEBUG] (cpw.mods.modlauncher.LaunchPluginHandler) Final flags state for net.minecraft.client.gui.Gui is 258
[12:16:13] [main/DEBUG] (cpw.mods.modlauncher.LaunchPluginHandler) LaunchPluginService {AFTER=[net.neoforged.fml.common.asm.RuntimeEnumExtender@60c3f653, net.neoforged.fml.common.asm.RuntimeDistCleaner@a8e649e]}
[12:16:13] [main/DEBUG] (cpw.mods.modlauncher.LaunchPluginHandler) Final flags state for net.neoforged.neoforge.attachment.AttachmentHolder is 0
[12:16:13] [main/DEBUG] (cpw.mods.modlauncher.LaunchPluginHandler) LauncherPluginService runtime_enum_extender offering transform net.neoforged.neoforge.attachment.AttachmentHolder
[12:16:13] [main/DEBUG] (cpw.mods.modlauncher.LaunchPluginHandler) LauncherPluginService runtimedistcleaner offering transform net.neoforged.neoforge.attachment.AttachmentHolder
[12:16:13] [main/DEBUG] (cpw.mods.modlauncher.LaunchPluginHandler) Final flags state for net.neoforged.neoforge.attachment.AttachmentHolder is 0
[12:16:13] [main/DEBUG] (cpw.mods.modlauncher.LaunchPluginHandler) LaunchPluginService {AFTER=[net.neoforged.fml.common.asm.RuntimeEnumExtender@60c3f653, net.neoforged.fml.common.asm.RuntimeDistCleaner@a8e649e]}
[12:16:13] [main/DEBUG] (cpw.mods.modlauncher.LaunchPluginHandler) Final flags state for net.neoforged.neoforge.attachment.IAttachmentHolder is 0
[12:16:13] [main/DEBUG] (cpw.mods.modlauncher.LaunchPluginHandler) LauncherPluginService runtime_enum_extender offering transform net.neoforged.neoforge.attachment.IAttachmentHolder
[12:16:13] [main/DEBUG] (cpw.mods.modlauncher.LaunchPluginHandler) LauncherPluginService runtimedistcleaner offering transform net.neoforged.neoforge.attachment.IAttachmentHolder
[12:16:13] [main/DEBUG] (cpw.mods.modlauncher.LaunchPluginHandler) Final flags state for net.neoforged.neoforge.attachment.IAttachmentHolder is 0
[12:16:13] [main/DEBUG] (cpw.mods.modlauncher.LaunchPluginHandler) LaunchPluginService {AFTER=[net.neoforged.fml.common.asm.RuntimeEnumExtender@60c3f653, net.neoforged.fml.common.asm.RuntimeDistCleaner@a8e649e]}
[12:16:13] [main/DEBUG] (cpw.mods.modlauncher.LaunchPluginHandler) Final flags state for net.neoforged.neoforge.common.extensions.IItemStackExtension is 0
[12:16:13] [main/DEBUG] (cpw.mods.modlauncher.LaunchPluginHandler) LauncherPluginService runtime_enum_extender offering transform net.neoforged.neoforge.common.extensions.IItemStackExtension
[12:16:13] [main/DEBUG] (cpw.mods.modlauncher.LaunchPluginHandler) LauncherPluginService runtimedistcleaner offering transform net.neoforged.neoforge.common.extensions.IItemStackExtension
[12:16:13] [main/DEBUG] (cpw.mods.modlauncher.LaunchPluginHandler) Final flags state for net.neoforged.neoforge.common.extensions.IItemStackExtension is 0
[12:16:13] [main/DEBUG] (cpw.mods.modlauncher.LaunchPluginHandler) LaunchPluginService {AFTER=[net.neoforged.fml.common.asm.RuntimeEnumExtender@60c3f653, net.neoforged.fml.common.asm.RuntimeDistCleaner@a8e649e]}
[12:16:13] [main/DEBUG] (cpw.mods.modlauncher.LaunchPluginHandler) Final flags state for java.lang.Class is 0
[12:16:13] [main/DEBUG] (cpw.mods.modlauncher.LaunchPluginHandler) LauncherPluginService runtime_enum_extender offering transform java.lang.Class
[12:16:13] [main/DEBUG] (cpw.mods.modlauncher.LaunchPluginHandler) LauncherPluginService runtimedistcleaner offering transform java.lang.Class
[12:16:13] [main/DEBUG] (cpw.mods.modlauncher.LaunchPluginHandler) Final flags state for java.lang.Class is 0
[12:16:13] [main/DEBUG] (cpw.mods.modlauncher.LaunchPluginHandler) LaunchPluginService {AFTER=[net.neoforged.fml.common.asm.RuntimeEnumExtender@60c3f653, juuxel.unprotect.modlauncher.UnprotectLaunchPlugin@6c6a7553, net.neoforged.fml.common.asm.RuntimeDistCleaner@a8e649e]}
[12:16:13] [main/DEBUG] (cpw.mods.modlauncher.LaunchPluginHandler) Final flags state for net.minecraft.util.profiling.metrics.ProfilerMeasured is 0
[12:16:13] [main/DEBUG] (cpw.mods.modlauncher.LaunchPluginHandler) LauncherPluginService runtime_enum_extender offering transform net.minecraft.util.profiling.metrics.ProfilerMeasured
[12:16:13] [main/DEBUG] (cpw.mods.modlauncher.LaunchPluginHandler) LauncherPluginService unprotect offering transform net.minecraft.util.profiling.metrics.ProfilerMeasured
[12:16:13] [main/DEBUG] (cpw.mods.modlauncher.LaunchPluginHandler) LauncherPluginService runtimedistcleaner offering transform net.minecraft.util.profiling.metrics.ProfilerMeasured
[12:16:13] [main/DEBUG] (cpw.mods.modlauncher.LaunchPluginHandler) Final flags state for net.minecraft.util.profiling.metrics.ProfilerMeasured is 0
[12:16:13] [main/DEBUG] (cpw.mods.modlauncher.LaunchPluginHandler) LaunchPluginService {AFTER=[net.neoforged.fml.common.asm.RuntimeEnumExtender@60c3f653, net.neoforged.fml.common.asm.RuntimeDistCleaner@a8e649e]}
[12:16:13] [main/DEBUG] (cpw.mods.modlauncher.LaunchPluginHandler) Final flags state for java.util.concurrent.Executor is 0
[12:16:13] [main/DEBUG] (cpw.mods.modlauncher.LaunchPluginHandler) LauncherPluginService runtime_enum_extender offering transform java.util.concurrent.Executor
[12:16:13] [main/DEBUG] (cpw.mods.modlauncher.LaunchPluginHandler) LauncherPluginService runtimedistcleaner offering transform java.util.concurrent.Executor
[12:16:13] [main/DEBUG] (cpw.mods.modlauncher.LaunchPluginHandler) Final flags state for java.util.concurrent.Executor is 0
[12:16:13] [main/DEBUG] (cpw.mods.modlauncher.LaunchPluginHandler) LaunchPluginService {AFTER=[net.neoforged.fml.common.asm.RuntimeEnumExtender@60c3f653, juuxel.unprotect.modlauncher.UnprotectLaunchPlugin@6c6a7553, net.neoforged.fml.common.asm.RuntimeDistCleaner@a8e649e]}
[12:16:13] [main/DEBUG] (cpw.mods.modlauncher.LaunchPluginHandler) Final flags state for net.minecraft.util.thread.ProcessorHandle is 0
[12:16:13] [main/DEBUG] (cpw.mods.modlauncher.LaunchPluginHandler) LauncherPluginService runtime_enum_extender offering transform net.minecraft.util.thread.ProcessorHandle
[12:16:13] [main/DEBUG] (cpw.mods.modlauncher.LaunchPluginHandler) LauncherPluginService unprotect offering transform net.minecraft.util.thread.ProcessorHandle
[12:16:13] [main/DEBUG] (cpw.mods.modlauncher.LaunchPluginHandler) LauncherPluginService unprotect transformed net.minecraft.util.thread.ProcessorHandle with class compute flags 2
[12:16:13] [main/DEBUG] (cpw.mods.modlauncher.LaunchPluginHandler) LauncherPluginService runtimedistcleaner offering transform net.minecraft.util.thread.ProcessorHandle
[12:16:13] [main/DEBUG] (cpw.mods.modlauncher.LaunchPluginHandler) Final flags state for net.minecraft.util.thread.ProcessorHandle is 2
[12:16:13] [main/DEBUG] (cpw.mods.modlauncher.LaunchPluginHandler) LaunchPluginService {AFTER=[net.neoforged.fml.common.asm.RuntimeEnumExtender@60c3f653, net.neoforged.fml.common.asm.RuntimeDistCleaner@a8e649e]}
[12:16:13] [main/DEBUG] (cpw.mods.modlauncher.LaunchPluginHandler) Final flags state for java.lang.AutoCloseable is 0
[12:16:13] [main/DEBUG] (cpw.mods.modlauncher.LaunchPluginHandler) LauncherPluginService runtime_enum_extender offering transform java.lang.AutoCloseable
[12:16:13] [main/DEBUG] (cpw.mods.modlauncher.LaunchPluginHandler) LauncherPluginService runtimedistcleaner offering transform java.lang.AutoCloseable
[12:16:13] [main/DEBUG] (cpw.mods.modlauncher.LaunchPluginHandler) Final flags state for java.lang.AutoCloseable is 0
[12:16:13] [main/DEBUG] (cpw.mods.modlauncher.LaunchPluginHandler) LaunchPluginService {AFTER=[net.neoforged.fml.common.asm.RuntimeEnumExtender@60c3f653, net.neoforged.fml.common.asm.RuntimeDistCleaner@a8e649e]}
[12:16:13] [main/DEBUG] (cpw.mods.modlauncher.LaunchPluginHandler) Final flags state for net.neoforged.neoforge.client.extensions.IMinecraftExtension is 0
[12:16:13] [main/DEBUG] (cpw.mods.modlauncher.LaunchPluginHandler) LauncherPluginService runtime_enum_extender offering transform net.neoforged.neoforge.client.extensions.IMinecraftExtension
[12:16:13] [main/DEBUG] (cpw.mods.modlauncher.LaunchPluginHandler) LauncherPluginService runtimedistcleaner offering transform net.neoforged.neoforge.client.extensions.IMinecraftExtension
[12:16:13] [main/DEBUG] (cpw.mods.modlauncher.LaunchPluginHandler) Final flags state for net.neoforged.neoforge.client.extensions.IMinecraftExtension is 0
[12:16:13] [main/DEBUG] (cpw.mods.modlauncher.LaunchPluginHandler) LaunchPluginService {AFTER=[net.neoforged.fml.common.asm.RuntimeEnumExtender@60c3f653, juuxel.unprotect.modlauncher.UnprotectLaunchPlugin@6c6a7553, net.neoforged.fml.common.asm.RuntimeDistCleaner@a8e649e]}
[12:16:13] [main/DEBUG] (cpw.mods.modlauncher.LaunchPluginHandler) Final flags state for com.mojang.blaze3d.platform.WindowEventHandler is 0
[12:16:13] [main/DEBUG] (cpw.mods.modlauncher.LaunchPluginHandler) LauncherPluginService runtime_enum_extender offering transform com.mojang.blaze3d.platform.WindowEventHandler
[12:16:13] [main/DEBUG] (cpw.mods.modlauncher.LaunchPluginHandler) LauncherPluginService unprotect offering transform com.mojang.blaze3d.platform.WindowEventHandler
[12:16:13] [main/DEBUG] (cpw.mods.modlauncher.LaunchPluginHandler) LauncherPluginService runtimedistcleaner offering transform com.mojang.blaze3d.platform.WindowEventHandler
[12:16:13] [main/DEBUG] (net.neoforged.fml.common.asm.RuntimeDistCleaner) Removing Class Annotation: com/mojang/blaze3d/platform/WindowEventHandler @Lnet/neoforged/api/distmarker/OnlyIn;
[12:16:13] [main/DEBUG] (cpw.mods.modlauncher.LaunchPluginHandler) LauncherPluginService runtimedistcleaner transformed com.mojang.blaze3d.platform.WindowEventHandler with class compute flags 256
[12:16:13] [main/DEBUG] (cpw.mods.modlauncher.LaunchPluginHandler) Final flags state for com.mojang.blaze3d.platform.WindowEventHandler is 256
[12:16:13] [main/DEBUG] (cpw.mods.modlauncher.LaunchPluginHandler) LaunchPluginService {AFTER=[net.neoforged.fml.common.asm.RuntimeEnumExtender@60c3f653, juuxel.unprotect.modlauncher.UnprotectLaunchPlugin@6c6a7553, net.neoforged.fml.common.asm.RuntimeDistCleaner@a8e649e]}
[12:16:13] [main/DEBUG] (cpw.mods.modlauncher.LaunchPluginHandler) Final flags state for net.minecraft.world.item.Item is 0
[12:16:13] [main/DEBUG] (cpw.mods.modlauncher.LaunchPluginHandler) LauncherPluginService runtime_enum_extender offering transform net.minecraft.world.item.Item
[12:16:13] [main/DEBUG] (cpw.mods.modlauncher.LaunchPluginHandler) LauncherPluginService unprotect offering transform net.minecraft.world.item.Item
[12:16:13] [main/DEBUG] (cpw.mods.modlauncher.LaunchPluginHandler) LauncherPluginService unprotect transformed net.minecraft.world.item.Item with class compute flags 2
[12:16:13] [main/DEBUG] (cpw.mods.modlauncher.LaunchPluginHandler) LauncherPluginService runtimedistcleaner offering transform net.minecraft.world.item.Item
[12:16:13] [main/DEBUG] (cpw.mods.modlauncher.LaunchPluginHandler) Final flags state for net.minecraft.world.item.Item is 2
[12:16:13] [main/DEBUG] (cpw.mods.modlauncher.LaunchPluginHandler) LaunchPluginService {AFTER=[net.neoforged.fml.common.asm.RuntimeEnumExtender@60c3f653, net.neoforged.fml.common.asm.RuntimeDistCleaner@a8e649e]}
[12:16:13] [main/DEBUG] (cpw.mods.modlauncher.LaunchPluginHandler) Final flags state for java.util.function.Predicate is 0
[12:16:13] [main/DEBUG] (cpw.mods.modlauncher.LaunchPluginHandler) LauncherPluginService runtime_enum_extender offering transform java.util.function.Predicate
[12:16:13] [main/DEBUG] (cpw.mods.modlauncher.LaunchPluginHandler) LauncherPluginService runtimedistcleaner offering transform java.util.function.Predicate
[12:16:13] [main/DEBUG] (cpw.mods.modlauncher.LaunchPluginHandler) Final flags state for java.util.function.Predicate is 0
[12:16:13] [main/DEBUG] (cpw.mods.modlauncher.LaunchPluginHandler) LauncherPluginService mixin transformed net.minecraft.client.Minecraft with class compute flags 2
[12:16:13] [main/DEBUG] (cpw.mods.modlauncher.LaunchPluginHandler) LauncherPluginService runtime_enum_extender offering transform net.minecraft.client.Minecraft
[12:16:13] [main/DEBUG] (cpw.mods.modlauncher.LaunchPluginHandler) LauncherPluginService unprotect offering transform net.minecraft.client.Minecraft
[12:16:13] [main/DEBUG] (cpw.mods.modlauncher.LaunchPluginHandler) LauncherPluginService unprotect transformed net.minecraft.client.Minecraft with class compute flags 2
[12:16:13] [main/DEBUG] (cpw.mods.modlauncher.LaunchPluginHandler) LauncherPluginService runtimedistcleaner offering transform net.minecraft.client.Minecraft
[12:16:13] [main/DEBUG] (net.neoforged.fml.common.asm.RuntimeDistCleaner) Removing Class Annotation: net/minecraft/client/Minecraft @Lnet/neoforged/api/distmarker/OnlyIn;
[12:16:13] [main/DEBUG] (cpw.mods.modlauncher.LaunchPluginHandler) LauncherPluginService runtimedistcleaner transformed net.minecraft.client.Minecraft with class compute flags 256
[12:16:13] [main/DEBUG] (cpw.mods.modlauncher.LaunchPluginHandler) Final flags state for net.minecraft.client.Minecraft is 258
[12:16:13] [main/DEBUG] (cpw.mods.modlauncher.LaunchPluginHandler) LaunchPluginService {AFTER=[org.spongepowered.asm.launch.MixinLaunchPlugin@5af535ff, net.neoforged.fml.common.asm.RuntimeEnumExtender@60c3f653, juuxel.unprotect.modlauncher.UnprotectLaunchPlugin@6c6a7553, net.neoforged.fml.common.asm.RuntimeDistCleaner@a8e649e]}
[12:16:13] [main/DEBUG] (cpw.mods.modlauncher.LaunchPluginHandler) Final flags state for com.mojang.blaze3d.platform.WindowEventHandler is 0
[12:16:13] [main/DEBUG] (cpw.mods.modlauncher.LaunchPluginHandler) LauncherPluginService mixin offering transform com.mojang.blaze3d.platform.WindowEventHandler
[12:16:13] [main/DEBUG] (cpw.mods.modlauncher.LaunchPluginHandler) LauncherPluginService runtime_enum_extender offering transform com.mojang.blaze3d.platform.WindowEventHandler
[12:16:13] [main/DEBUG] (cpw.mods.modlauncher.LaunchPluginHandler) LauncherPluginService unprotect offering transform com.mojang.blaze3d.platform.WindowEventHandler
[12:16:13] [main/DEBUG] (cpw.mods.modlauncher.LaunchPluginHandler) LauncherPluginService runtimedistcleaner offering transform com.mojang.blaze3d.platform.WindowEventHandler
[12:16:13] [main/DEBUG] (net.neoforged.fml.common.asm.RuntimeDistCleaner) Removing Class Annotation: com/mojang/blaze3d/platform/WindowEventHandler @Lnet/neoforged/api/distmarker/OnlyIn;
[12:16:13] [main/DEBUG] (cpw.mods.modlauncher.LaunchPluginHandler) LauncherPluginService runtimedistcleaner transformed com.mojang.blaze3d.platform.WindowEventHandler with class compute flags 256
[12:16:13] [main/DEBUG] (cpw.mods.modlauncher.LaunchPluginHandler) Final flags state for com.mojang.blaze3d.platform.WindowEventHandler is 256
[12:16:13] [main/DEBUG] (cpw.mods.modlauncher.LaunchPluginHandler) LaunchPluginService {AFTER=[org.spongepowered.asm.launch.MixinLaunchPlugin@5af535ff, net.neoforged.fml.common.asm.RuntimeEnumExtender@60c3f653, net.neoforged.fml.common.asm.RuntimeDistCleaner@a8e649e]}
[12:16:13] [main/DEBUG] (cpw.mods.modlauncher.LaunchPluginHandler) Final flags state for net.neoforged.neoforge.client.extensions.IMinecraftExtension is 0
[12:16:13] [main/DEBUG] (cpw.mods.modlauncher.LaunchPluginHandler) LauncherPluginService mixin offering transform net.neoforged.neoforge.client.extensions.IMinecraftExtension
[12:16:13] [main/DEBUG] (cpw.mods.modlauncher.LaunchPluginHandler) LauncherPluginService runtime_enum_extender offering transform net.neoforged.neoforge.client.extensions.IMinecraftExtension
[12:16:13] [main/DEBUG] (cpw.mods.modlauncher.LaunchPluginHandler) LauncherPluginService runtimedistcleaner offering transform net.neoforged.neoforge.client.extensions.IMinecraftExtension
[12:16:13] [main/DEBUG] (cpw.mods.modlauncher.LaunchPluginHandler) Final flags state for net.neoforged.neoforge.client.extensions.IMinecraftExtension is 0
[12:16:13] [main/DEBUG] (cpw.mods.modlauncher.LaunchPluginHandler) LaunchPluginService {AFTER=[org.spongepowered.asm.launch.MixinLaunchPlugin@5af535ff, net.neoforged.fml.common.asm.RuntimeEnumExtender@60c3f653, juuxel.unprotect.modlauncher.UnprotectLaunchPlugin@6c6a7553, net.neoforged.fml.common.asm.RuntimeDistCleaner@a8e649e]}
[12:16:13] [main/DEBUG] (cpw.mods.modlauncher.LaunchPluginHandler) Final flags state for net.minecraft.util.thread.ReentrantBlockableEventLoop is 0
[12:16:13] [main/DEBUG] (cpw.mods.modlauncher.LaunchPluginHandler) LauncherPluginService mixin offering transform net.minecraft.util.thread.ReentrantBlockableEventLoop
[12:16:13] [main/DEBUG] (cpw.mods.modlauncher.LaunchPluginHandler) LauncherPluginService runtime_enum_extender offering transform net.minecraft.util.thread.ReentrantBlockableEventLoop
[12:16:13] [main/DEBUG] (cpw.mods.modlauncher.LaunchPluginHandler) LauncherPluginService unprotect offering transform net.minecraft.util.thread.ReentrantBlockableEventLoop
[12:16:13] [main/DEBUG] (cpw.mods.modlauncher.LaunchPluginHandler) LauncherPluginService unprotect transformed net.minecraft.util.thread.ReentrantBlockableEventLoop with class compute flags 2
[12:16:13] [main/DEBUG] (cpw.mods.modlauncher.LaunchPluginHandler) LauncherPluginService runtimedistcleaner offering transform net.minecraft.util.thread.ReentrantBlockableEventLoop
[12:16:13] [main/DEBUG] (cpw.mods.modlauncher.LaunchPluginHandler) Final flags state for net.minecraft.util.thread.ReentrantBlockableEventLoop is 2
[12:16:13] [main/DEBUG] (cpw.mods.modlauncher.LaunchPluginHandler) LaunchPluginService {BEFORE=[net.neoforged.accesstransformer.ml.AccessTransformerService@2242dd2b], AFTER=[org.spongepowered.asm.launch.MixinLaunchPlugin@5af535ff, net.neoforged.fml.common.asm.RuntimeEnumExtender@60c3f653, juuxel.unprotect.modlauncher.UnprotectLaunchPlugin@6c6a7553, net.neoforged.fml.common.asm.RuntimeDistCleaner@a8e649e]}
[12:16:13] [main/DEBUG] (cpw.mods.modlauncher.LaunchPluginHandler) LauncherPluginService accesstransformer offering transform net.minecraft.util.thread.BlockableEventLoop
[12:16:13] [main/DEBUG] (net.neoforged.accesstransformer.AccessTransformer) Transforming net.minecraft.util.thread.BlockableEventLoop METHOD submitAsync(Ljava/lang/Runnable;)Ljava/util/concurrent/CompletableFuture; to access PUBLIC and LEAVE
[12:16:13] [main/DEBUG] (cpw.mods.modlauncher.LaunchPluginHandler) LauncherPluginService accesstransformer transformed net.minecraft.util.thread.BlockableEventLoop with class compute flags 256
[12:16:13] [main/DEBUG] (cpw.mods.modlauncher.LaunchPluginHandler) Final flags state for net.minecraft.util.thread.BlockableEventLoop is 256
[12:16:13] [main/DEBUG] (cpw.mods.modlauncher.LaunchPluginHandler) LauncherPluginService mixin offering transform net.minecraft.util.thread.BlockableEventLoop
[12:16:13] [main/DEBUG] (cpw.mods.modlauncher.LaunchPluginHandler) LauncherPluginService runtime_enum_extender offering transform net.minecraft.util.thread.BlockableEventLoop
[12:16:13] [main/DEBUG] (cpw.mods.modlauncher.LaunchPluginHandler) LauncherPluginService unprotect offering transform net.minecraft.util.thread.BlockableEventLoop
[12:16:13] [main/DEBUG] (cpw.mods.modlauncher.LaunchPluginHandler) LauncherPluginService unprotect transformed net.minecraft.util.thread.BlockableEventLoop with class compute flags 2
[12:16:13] [main/DEBUG] (cpw.mods.modlauncher.LaunchPluginHandler) LauncherPluginService runtimedistcleaner offering transform net.minecraft.util.thread.BlockableEventLoop
[12:16:13] [main/DEBUG] (cpw.mods.modlauncher.LaunchPluginHandler) Final flags state for net.minecraft.util.thread.BlockableEventLoop is 2
[12:16:13] [main/DEBUG] (cpw.mods.modlauncher.LaunchPluginHandler) LaunchPluginService {AFTER=[org.spongepowered.asm.launch.MixinLaunchPlugin@5af535ff, net.neoforged.fml.common.asm.RuntimeEnumExtender@60c3f653, juuxel.unprotect.modlauncher.UnprotectLaunchPlugin@6c6a7553, net.neoforged.fml.common.asm.RuntimeDistCleaner@a8e649e]}
[12:16:13] [main/DEBUG] (cpw.mods.modlauncher.LaunchPluginHandler) Final flags state for net.minecraft.util.profiling.metrics.ProfilerMeasured is 0
[12:16:13] [main/DEBUG] (cpw.mods.modlauncher.LaunchPluginHandler) LauncherPluginService mixin offering transform net.minecraft.util.profiling.metrics.ProfilerMeasured
[12:16:13] [main/DEBUG] (cpw.mods.modlauncher.LaunchPluginHandler) LauncherPluginService runtime_enum_extender offering transform net.minecraft.util.profiling.metrics.ProfilerMeasured
[12:16:13] [main/DEBUG] (cpw.mods.modlauncher.LaunchPluginHandler) LauncherPluginService unprotect offering transform net.minecraft.util.profiling.metrics.ProfilerMeasured
[12:16:13] [main/DEBUG] (cpw.mods.modlauncher.LaunchPluginHandler) LauncherPluginService runtimedistcleaner offering transform net.minecraft.util.profiling.metrics.ProfilerMeasured
[12:16:13] [main/DEBUG] (cpw.mods.modlauncher.LaunchPluginHandler) Final flags state for net.minecraft.util.profiling.metrics.ProfilerMeasured is 0
[12:16:13] [main/DEBUG] (cpw.mods.modlauncher.LaunchPluginHandler) LaunchPluginService {AFTER=[org.spongepowered.asm.launch.MixinLaunchPlugin@5af535ff, net.neoforged.fml.common.asm.RuntimeEnumExtender@60c3f653, juuxel.unprotect.modlauncher.UnprotectLaunchPlugin@6c6a7553, net.neoforged.fml.common.asm.RuntimeDistCleaner@a8e649e]}
[12:16:13] [main/DEBUG] (cpw.mods.modlauncher.LaunchPluginHandler) Final flags state for net.minecraft.util.thread.ProcessorHandle is 0
[12:16:13] [main/DEBUG] (cpw.mods.modlauncher.LaunchPluginHandler) LauncherPluginService mixin offering transform net.minecraft.util.thread.ProcessorHandle
[12:16:13] [main/DEBUG] (cpw.mods.modlauncher.LaunchPluginHandler) LauncherPluginService runtime_enum_extender offering transform net.minecraft.util.thread.ProcessorHandle
[12:16:13] [main/DEBUG] (cpw.mods.modlauncher.LaunchPluginHandler) LauncherPluginService unprotect offering transform net.minecraft.util.thread.ProcessorHandle
[12:16:13] [main/DEBUG] (cpw.mods.modlauncher.LaunchPluginHandler) LauncherPluginService unprotect transformed net.minecraft.util.thread.ProcessorHandle with class compute flags 2
[12:16:13] [main/DEBUG] (cpw.mods.modlauncher.LaunchPluginHandler) LauncherPluginService runtimedistcleaner offering transform net.minecraft.util.thread.ProcessorHandle
[12:16:13] [main/DEBUG] (cpw.mods.modlauncher.LaunchPluginHandler) Final flags state for net.minecraft.util.thread.ProcessorHandle is 2
[27Jan2026 12:16:13.960] [main/DEBUG] [io.netty.util.internal.logging.InternalLoggerFactory/]: Using SLF4J as the default logging framework
[27Jan2026 12:16:13.964] [main/DEBUG] [io.netty.util.ResourceLeakDetector/]: -Dio.netty.leakDetection.level: simple
[27Jan2026 12:16:13.964] [main/DEBUG] [io.netty.util.ResourceLeakDetector/]: -Dio.netty.leakDetection.targetRecords: 4
[27Jan2026 12:16:14.172] [main/DEBUG] [oshi.util.FileUtil/]: No oshi.properties file found from ClassLoader cpw.mods.modlauncher.TransformingClassLoader@5858054c
[27Jan2026 12:16:14.430] [main/DEBUG] [oshi.util.FileUtil/]: No oshi.architecture.properties file found from ClassLoader cpw.mods.modlauncher.TransformingClassLoader@5858054c
[27Jan2026 12:16:14.584] [pool-11-thread-1/DEBUG] [net.neoforged.coremod.transformer.CoreModBaseTransformer/COREMOD]: Transforming net/minecraft/world/entity/EntityType
[27Jan2026 12:16:14.975] [pool-11-thread-1/DEBUG] [net.neoforged.coremod.transformer.CoreModBaseTransformer/COREMOD]: Transforming net/minecraft/world/level/block/LiquidBlock
[27Jan2026 12:16:15.152] [pool-11-thread-1/DEBUG] [net.neoforged.coremod.transformer.CoreModBaseTransformer/COREMOD]: Transforming net/minecraft/world/level/block/StairBlock
[27Jan2026 12:16:15.191] [pool-11-thread-1/DEBUG] [net.neoforged.coremod.transformer.CoreModBaseTransformer/COREMOD]: Transforming net/minecraft/world/level/block/FlowerPotBlock
[27Jan2026 12:16:15.685] [pool-11-thread-1/DEBUG] [net.neoforged.coremod.transformer.CoreModBaseTransformer/COREMOD]: Transforming net/minecraft/world/level/biome/Biome
[27Jan2026 12:16:16.035] [pool-11-thread-1/DEBUG] [net.neoforged.coremod.transformer.CoreModBaseTransformer/COREMOD]: Transforming net/minecraft/world/entity/animal/frog/Tadpole
[27Jan2026 12:16:16.419] [pool-11-thread-1/DEBUG] [net.neoforged.coremod.transformer.CoreModBaseTransformer/COREMOD]: Transforming net/minecraft/world/item/BucketItem
[27Jan2026 12:16:17.052] [pool-11-thread-1/DEBUG] [net.neoforged.coremod.transformer.CoreModBaseTransformer/COREMOD]: Transforming net/minecraft/world/entity/monster/Spider
[27Jan2026 12:16:17.104] [pool-11-thread-1/DEBUG] [net.neoforged.coremod.transformer.CoreModBaseTransformer/COREMOD]: Transforming net/minecraft/world/entity/monster/Zombie
[27Jan2026 12:16:17.105] [Datafixer Bootstrap/INFO] [com.mojang.datafixers.DataFixerBuilder/]: 198 Datafixer optimizations took 110 milliseconds
[27Jan2026 12:16:17.140] [pool-11-thread-1/DEBUG] [net.neoforged.coremod.transformer.CoreModBaseTransformer/COREMOD]: Transforming net/minecraft/world/entity/monster/ZombieVillager
[27Jan2026 12:16:17.183] [pool-11-thread-1/DEBUG] [net.neoforged.coremod.transformer.CoreModBaseTransformer/COREMOD]: Transforming net/minecraft/world/entity/monster/Evoker$EvokerSummonSpellGoal
[27Jan2026 12:16:17.315] [pool-11-thread-1/DEBUG] [net.neoforged.coremod.transformer.CoreModBaseTransformer/COREMOD]: Transforming net/minecraft/world/entity/animal/horse/SkeletonTrapGoal
[27Jan2026 12:16:17.330] [pool-11-thread-1/DEBUG] [net.neoforged.coremod.transformer.CoreModBaseTransformer/COREMOD]: Transforming net/minecraft/world/entity/monster/Strider
[27Jan2026 12:16:17.426] [pool-11-thread-1/DEBUG] [net.neoforged.coremod.transformer.CoreModBaseTransformer/COREMOD]: Transforming net/minecraft/world/entity/npc/Villager
[27Jan2026 12:16:17.755] [pool-11-thread-1/DEBUG] [io.netty.util.internal.PlatformDependent0/]: -Dio.netty.noUnsafe: false
[27Jan2026 12:16:17.755] [pool-11-thread-1/DEBUG] [io.netty.util.internal.PlatformDependent0/]: Java version: 17
[27Jan2026 12:16:17.755] [pool-11-thread-1/DEBUG] [io.netty.util.internal.PlatformDependent0/]: sun.misc.Unsafe.theUnsafe: available
[27Jan2026 12:16:17.756] [pool-11-thread-1/DEBUG] [io.netty.util.internal.PlatformDependent0/]: sun.misc.Unsafe.copyMemory: available
[27Jan2026 12:16:17.756] [pool-11-thread-1/DEBUG] [io.netty.util.internal.PlatformDependent0/]: sun.misc.Unsafe.storeFence: available
[27Jan2026 12:16:17.756] [pool-11-thread-1/DEBUG] [io.netty.util.internal.PlatformDependent0/]: java.nio.Buffer.address: available
[27Jan2026 12:16:17.756] [pool-11-thread-1/DEBUG] [io.netty.util.internal.PlatformDependent0/]: java.nio.Bits.unaligned: available, true
[27Jan2026 12:16:17.758] [pool-11-thread-1/DEBUG] [io.netty.util.internal.PlatformDependent0/]: java.nio.DirectByteBuffer.<init>(long, {int,long}): unavailable
[27Jan2026 12:16:17.758] [pool-11-thread-1/DEBUG] [io.netty.util.internal.PlatformDependent/]: sun.misc.Unsafe: available
[27Jan2026 12:16:17.759] [pool-11-thread-1/DEBUG] [io.netty.util.internal.PlatformDependent/]: maxDirectMemory: 4246732800 bytes (maybe)
[27Jan2026 12:16:17.759] [pool-11-thread-1/DEBUG] [io.netty.util.internal.PlatformDependent/]: -Dio.netty.tmpdir: C:\Users\User\AppData\Local\Temp (java.io.tmpdir)
[27Jan2026 12:16:17.759] [pool-11-thread-1/DEBUG] [io.netty.util.internal.PlatformDependent/]: -Dio.netty.bitMode: 64 (sun.arch.data.model)
[27Jan2026 12:16:17.759] [pool-11-thread-1/DEBUG] [io.netty.util.internal.PlatformDependent/]: Platform: Windows
[27Jan2026 12:16:17.759] [pool-11-thread-1/DEBUG] [io.netty.util.internal.PlatformDependent/]: -Dio.netty.maxDirectMemory: -1 bytes
[27Jan2026 12:16:17.759] [pool-11-thread-1/DEBUG] [io.netty.util.internal.PlatformDependent/]: -Dio.netty.uninitializedArrayAllocationThreshold: -1
[27Jan2026 12:16:17.760] [pool-11-thread-1/DEBUG] [io.netty.util.internal.CleanerJava9/]: java.nio.ByteBuffer.cleaner(): available
[27Jan2026 12:16:17.760] [pool-11-thread-1/DEBUG] [io.netty.util.internal.PlatformDependent/]: -Dio.netty.noPreferDirect: false
[27Jan2026 12:16:18.245] [pool-11-thread-1/DEBUG] [net.neoforged.coremod.transformer.CoreModBaseTransformer/COREMOD]: Transforming net/minecraft/world/level/levelgen/structure/Structure
[27Jan2026 12:16:18.280] [pool-11-thread-1/DEBUG] [net.neoforged.coremod.transformer.CoreModBaseTransformer/COREMOD]: Transforming net/minecraft/world/level/levelgen/structure/structures/OceanRuinPieces$OceanRuinPiece
[27Jan2026 12:16:18.290] [pool-11-thread-1/DEBUG] [net.neoforged.coremod.transformer.CoreModBaseTransformer/COREMOD]: Transforming net/minecraft/world/level/levelgen/structure/structures/SwampHutPiece
[27Jan2026 12:16:18.298] [pool-11-thread-1/DEBUG] [net.neoforged.coremod.transformer.CoreModBaseTransformer/COREMOD]: Transforming net/minecraft/world/level/levelgen/structure/structures/OceanMonumentPieces$OceanMonumentPiece
[27Jan2026 12:16:18.311] [pool-11-thread-1/DEBUG] [net.neoforged.coremod.transformer.CoreModBaseTransformer/COREMOD]: Transforming net/minecraft/world/level/levelgen/structure/structures/WoodlandMansionPieces$WoodlandMansionPiece
[27Jan2026 12:16:19.023] [main/DEBUG] [net.neoforged.coremod.transformer.CoreModBaseTransformer/COREMOD]: Transforming net/minecraft/server/commands/SummonCommand
[27Jan2026 12:16:19.146] [main/DEBUG] [net.neoforged.coremod.transformer.CoreModBaseTransformer/COREMOD]: Transforming net/minecraft/server/commands/RaidCommand
[27Jan2026 12:16:19.203] [main/WARN] [net.minecraft.commands.Commands/]: Ambiguity between arguments [teleport, location] and [teleport, destination] with inputs: [0.1 -0.5 .9, 0 0 0]
[27Jan2026 12:16:19.205] [main/WARN] [net.minecraft.commands.Commands/]: Ambiguity between arguments [teleport, location] and [teleport, targets] with inputs: [0.1 -0.5 .9, 0 0 0]
[27Jan2026 12:16:19.207] [main/WARN] [net.minecraft.commands.Commands/]: Ambiguity between arguments [teleport, destination] and [teleport, targets] with inputs: [Player, 0123, @e, dd12be42-52a9-4a91-a8a1-11c01849e498]
[27Jan2026 12:16:19.209] [main/WARN] [net.minecraft.commands.Commands/]: Ambiguity between arguments [teleport, targets] and [teleport, destination] with inputs: [Player, 0123, dd12be42-52a9-4a91-a8a1-11c01849e498]
[27Jan2026 12:16:19.211] [main/WARN] [net.minecraft.commands.Commands/]: Ambiguity between arguments [teleport, targets, location] and [teleport, targets, destination] with inputs: [0.1 -0.5 .9, 0 0 0]
[27Jan2026 12:16:19.374] [Render thread/WARN] [net.minecraft.server.packs.VanillaPackResourcesBuilder/]: Assets URL 'union:/E:/GradleFiles/caches/fabric-loom/minecraftMaven/net/minecraft/neoforge-20.4.251-minecraft-merged/1.20.4-loom.mappings.1_20_4.layered+hash.40359-v2-neoforge-20.4.251/neoforge-20.4.251-minecraft-merged-1.20.4-loom.mappings.1_20_4.layered+hash.40359-v2-neoforge-20.4.251.jar%23190!/assets/.mcassetsroot' uses unexpected schema
[27Jan2026 12:16:19.374] [Render thread/WARN] [net.minecraft.server.packs.VanillaPackResourcesBuilder/]: Assets URL 'union:/E:/GradleFiles/caches/fabric-loom/minecraftMaven/net/minecraft/neoforge-20.4.251-minecraft-merged/1.20.4-loom.mappings.1_20_4.layered+hash.40359-v2-neoforge-20.4.251/neoforge-20.4.251-minecraft-merged-1.20.4-loom.mappings.1_20_4.layered+hash.40359-v2-neoforge-20.4.251.jar%23190!/data/.mcassetsroot' uses unexpected schema
[27Jan2026 12:16:19.409] [Render thread/INFO] [com.mojang.authlib.yggdrasil.YggdrasilAuthenticationService/]: Environment: Environment[sessionHost=https://sessionserver.mojang.com, servicesHost=https://api.minecraftservices.com, name=PROD]
[27Jan2026 12:16:19.418] [Render thread/INFO] [net.minecraft.client.Minecraft/]: Setting user: Dev
[27Jan2026 12:16:19.493] [Render thread/INFO] [net.minecraft.client.Minecraft/]: Backend library: LWJGL version 3.3.2+13
[27Jan2026 12:16:20.032] [Render thread/DEBUG] [net.neoforged.neoforge.common.I18nExtension/CORE]: Loading I18N data entries: 6788
[27Jan2026 12:16:20.050] [Render thread/DEBUG] [net.neoforged.fml.ModWorkManager/LOADING]: Using 12 threads for parallel mod-loading
[27Jan2026 12:16:20.059] [Render thread/DEBUG] [net.neoforged.fml.javafmlmod.FMLModContainer/LOADING]: Creating FMLModContainer instance for me.shedaniel.clothconfig.ClothConfigForge
[27Jan2026 12:16:20.061] [Render thread/DEBUG] [net.neoforged.fml.javafmlmod.FMLModContainer/LOADING]: Creating FMLModContainer instance for generatedgenerated_f4e6c1b.generated_f4e6c1b
[27Jan2026 12:16:20.061] [Render thread/DEBUG] [net.neoforged.fml.javafmlmod.FMLModContainer/LOADING]: Creating FMLModContainer instance for net.neoforged.neoforge.common.NeoForgeMod
[27Jan2026 12:16:20.061] [Render thread/DEBUG] [net.neoforged.fml.javafmlmod.FMLModContainer/LOADING]: Creating FMLModContainer instance for dev.dacommander31.smart_pick.SmartPickClient
[27Jan2026 12:16:20.076] [modloading-worker-0/DEBUG] [net.neoforged.fml.javafmlmod.AutomaticEventSubscriber/LOADING]: Attempting to inject @EventBusSubscriber classes into the eventbus for generated_f4e6c1b
[27Jan2026 12:16:20.078] [modloading-worker-0/DEBUG] [net.neoforged.fml.javafmlmod.AutomaticEventSubscriber/LOADING]: Attempting to inject @EventBusSubscriber classes into the eventbus for cloth_config
[27Jan2026 12:16:20.079] [modloading-worker-0/DEBUG] [net.neoforged.fml.javafmlmod.AutomaticEventSubscriber/LOADING]: Attempting to inject @EventBusSubscriber classes into the eventbus for smart_pick
[27Jan2026 12:16:20.080] [modloading-worker-0/DEBUG] [net.neoforged.neoforge.internal.versions.neoforge.NeoForgeVersion/CORE]: NeoForge Version package package net.neoforged.neoforge.internal.versions.neoforge, NeoForge, version 20.4 from cpw.mods.modlauncher.TransformingClassLoader@5858054c
[27Jan2026 12:16:20.080] [modloading-worker-0/DEBUG] [net.neoforged.neoforge.internal.versions.neoforge.NeoForgeVersion/CORE]: Found NeoForge version 20.4.251
[27Jan2026 12:16:20.080] [modloading-worker-0/DEBUG] [net.neoforged.neoforge.internal.versions.neoforge.NeoForgeVersion/CORE]: Found NeoForge spec 20.4
[27Jan2026 12:16:20.080] [modloading-worker-0/DEBUG] [net.neoforged.neoforge.internal.versions.neoforge.NeoForgeVersion/CORE]: Found NeoForge group net.neoforged
[27Jan2026 12:16:20.080] [modloading-worker-0/DEBUG] [net.neoforged.neoforge.internal.versions.neoform.NeoFormVersion/CORE]: NeoForm Version package package net.neoforged.neoforge.internal.versions.neoform from cpw.mods.modlauncher.TransformingClassLoader@5858054c
[27Jan2026 12:16:20.080] [modloading-worker-0/DEBUG] [net.neoforged.neoforge.internal.versions.neoform.NeoFormVersion/CORE]: Found MC version information 1.20.4
[27Jan2026 12:16:20.080] [modloading-worker-0/DEBUG] [net.neoforged.neoforge.internal.versions.neoform.NeoFormVersion/CORE]: Found NeoForm version information 20240627.114801
[27Jan2026 12:16:20.080] [modloading-worker-0/INFO] [net.neoforged.neoforge.common.NeoForgeMod/NEOFORGE-MOD]: NeoForge mod loading, version 20.4.251, for MC 1.20.4 with MCP 20240627.114801
[27Jan2026 12:16:20.081] [modloading-worker-0/DEBUG] [net.neoforged.neoforge.common.NeoForgeMod/NEOFORGE-MOD]: Loading Network data for FML net version: 20.4
[27Jan2026 12:16:20.082] [modloading-worker-0/DEBUG] [net.neoforged.fml.javafmlmod.AutomaticEventSubscriber/LOADING]: Auto-subscribing dev.dacommander31.smart_pick.SmartPickClient$ClientModEvents to MOD
[27Jan2026 12:16:20.098] [modloading-worker-0/DEBUG] [net.neoforged.fml.config.ConfigTracker/CONFIG]: Config file neoforge-client.toml for neoforge tracking
[27Jan2026 12:16:20.098] [modloading-worker-0/DEBUG] [net.neoforged.fml.config.ConfigTracker/CONFIG]: Config file neoforge-server.toml for neoforge tracking
[27Jan2026 12:16:20.099] [modloading-worker-0/DEBUG] [net.neoforged.fml.ModLoadingContext/]: Attempted to register an empty config for type COMMON on mod neoforge
[27Jan2026 12:16:20.149] [modloading-worker-0/DEBUG] [net.neoforged.fml.javafmlmod.AutomaticEventSubscriber/LOADING]: Auto-subscribing dev.dacommander31.smart_pick.SmartPickClient to MOD
[27Jan2026 12:16:20.162] [modloading-worker-0/DEBUG] [net.neoforged.fml.javafmlmod.AutomaticEventSubscriber/LOADING]: Attempting to inject @EventBusSubscriber classes into the eventbus for neoforge
[27Jan2026 12:16:20.162] [modloading-worker-0/DEBUG] [net.neoforged.fml.javafmlmod.AutomaticEventSubscriber/LOADING]: Auto-subscribing net.neoforged.neoforge.attachment.AttachmentInternals to FORGE
[27Jan2026 12:16:20.163] [modloading-worker-0/DEBUG] [net.neoforged.fml.javafmlmod.AutomaticEventSubscriber/LOADING]: Auto-subscribing net.neoforged.neoforge.client.BlockEntityRenderBoundsDebugRenderer to FORGE
[27Jan2026 12:16:20.165] [modloading-worker-0/DEBUG] [net.neoforged.fml.javafmlmod.AutomaticEventSubscriber/LOADING]: Auto-subscribing net.neoforged.neoforge.client.ClientNeoForgeMod to MOD
[27Jan2026 12:16:20.168] [modloading-worker-0/DEBUG] [net.neoforged.fml.javafmlmod.AutomaticEventSubscriber/LOADING]: Auto-subscribing net.neoforged.neoforge.client.ClientHooks$ClientEvents to MOD
[27Jan2026 12:16:20.171] [modloading-worker-0/DEBUG] [net.neoforged.fml.javafmlmod.AutomaticEventSubscriber/LOADING]: Auto-subscribing net.neoforged.neoforge.client.model.data.ModelDataManager to FORGE
[27Jan2026 12:16:20.172] [modloading-worker-0/DEBUG] [net.neoforged.fml.javafmlmod.AutomaticEventSubscriber/LOADING]: Auto-subscribing net.neoforged.neoforge.common.DeferredSpawnEggItem$CommonHandler to MOD
[27Jan2026 12:16:20.173] [modloading-worker-0/DEBUG] [net.neoforged.fml.javafmlmod.AutomaticEventSubscriber/LOADING]: Auto-subscribing net.neoforged.neoforge.common.DeferredSpawnEggItem$ColorRegisterHandler to MOD
[27Jan2026 12:16:20.174] [modloading-worker-0/DEBUG] [net.neoforged.fml.javafmlmod.AutomaticEventSubscriber/LOADING]: Auto-subscribing net.neoforged.neoforge.network.ConfigurationInitialization to MOD
[27Jan2026 12:16:20.176] [modloading-worker-0/DEBUG] [net.neoforged.fml.javafmlmod.AutomaticEventSubscriber/LOADING]: Auto-subscribing net.neoforged.neoforge.network.filters.GenericPacketSplitter to MOD
[27Jan2026 12:16:20.313] [modloading-worker-0/DEBUG] [io.netty.buffer.AbstractByteBuf/]: -Dio.netty.buffer.checkAccessible: true
[27Jan2026 12:16:20.313] [modloading-worker-0/DEBUG] [io.netty.buffer.AbstractByteBuf/]: -Dio.netty.buffer.checkBounds: true
[27Jan2026 12:16:20.315] [modloading-worker-0/DEBUG] [io.netty.util.ResourceLeakDetectorFactory/]: Loaded default ResourceLeakDetector: io.netty.util.ResourceLeakDetector@6d0868c8
[27Jan2026 12:16:20.338] [modloading-worker-0/DEBUG] [io.netty.util.internal.InternalThreadLocalMap/]: -Dio.netty.threadLocalMap.stringBuilder.initialSize: 1024
[27Jan2026 12:16:20.339] [modloading-worker-0/DEBUG] [io.netty.util.internal.InternalThreadLocalMap/]: -Dio.netty.threadLocalMap.stringBuilder.maxSize: 4096
[27Jan2026 12:16:20.342] [modloading-worker-0/DEBUG] [io.netty.buffer.PooledByteBufAllocator/]: -Dio.netty.allocator.numHeapArenas: 24
[27Jan2026 12:16:20.342] [modloading-worker-0/DEBUG] [io.netty.buffer.PooledByteBufAllocator/]: -Dio.netty.allocator.numDirectArenas: 24
[27Jan2026 12:16:20.342] [modloading-worker-0/DEBUG] [io.netty.buffer.PooledByteBufAllocator/]: -Dio.netty.allocator.pageSize: 8192
[27Jan2026 12:16:20.342] [modloading-worker-0/DEBUG] [io.netty.buffer.PooledByteBufAllocator/]: -Dio.netty.allocator.maxOrder: 9
[27Jan2026 12:16:20.342] [modloading-worker-0/DEBUG] [io.netty.buffer.PooledByteBufAllocator/]: -Dio.netty.allocator.chunkSize: 4194304
[27Jan2026 12:16:20.342] [modloading-worker-0/DEBUG] [io.netty.buffer.PooledByteBufAllocator/]: -Dio.netty.allocator.smallCacheSize: 256
[27Jan2026 12:16:20.342] [modloading-worker-0/DEBUG] [io.netty.buffer.PooledByteBufAllocator/]: -Dio.netty.allocator.normalCacheSize: 64
[27Jan2026 12:16:20.342] [modloading-worker-0/DEBUG] [io.netty.buffer.PooledByteBufAllocator/]: -Dio.netty.allocator.maxCachedBufferCapacity: 32768
[27Jan2026 12:16:20.342] [modloading-worker-0/DEBUG] [io.netty.buffer.PooledByteBufAllocator/]: -Dio.netty.allocator.cacheTrimInterval: 8192
[27Jan2026 12:16:20.342] [modloading-worker-0/DEBUG] [io.netty.buffer.PooledByteBufAllocator/]: -Dio.netty.allocator.cacheTrimIntervalMillis: 0
[27Jan2026 12:16:20.342] [modloading-worker-0/DEBUG] [io.netty.buffer.PooledByteBufAllocator/]: -Dio.netty.allocator.useCacheForAllThreads: false
[27Jan2026 12:16:20.342] [modloading-worker-0/DEBUG] [io.netty.buffer.PooledByteBufAllocator/]: -Dio.netty.allocator.maxCachedByteBuffersPerChunk: 1023
[27Jan2026 12:16:20.352] [modloading-worker-0/DEBUG] [io.netty.buffer.ByteBufUtil/]: -Dio.netty.allocator.type: pooled
[27Jan2026 12:16:20.352] [modloading-worker-0/DEBUG] [io.netty.buffer.ByteBufUtil/]: -Dio.netty.threadLocalDirectBufferSize: 0
[27Jan2026 12:16:20.352] [modloading-worker-0/DEBUG] [io.netty.buffer.ByteBufUtil/]: -Dio.netty.maxThreadLocalCharBufferSize: 16384
[27Jan2026 12:16:20.361] [modloading-worker-0/DEBUG] [net.neoforged.fml.javafmlmod.AutomaticEventSubscriber/LOADING]: Auto-subscribing net.neoforged.neoforge.network.NetworkInitialization to MOD
[27Jan2026 12:16:21.159] [Render thread/INFO] [net.neoforged.neoforge.gametest.GameTestHooks/]: Enabled Gametest Namespaces: []
[27Jan2026 12:16:21.286] [Render thread/INFO] [net.minecraft.server.packs.resources.ReloadableResourceManager/]: Reloading ResourceManager: mod_resources, mod:cloth_config, mod:generated_f4e6c1b, mod:neoforge, mod:smart_pick, vanilla
[27Jan2026 12:16:21.299] [modloading-worker-0/DEBUG] [net.neoforged.fml.config.ConfigTracker/CONFIG]: Loading configs type CLIENT
[27Jan2026 12:16:21.301] [modloading-worker-0/DEBUG] [net.neoforged.fml.config.ConfigFileTypeHandler/CONFIG]: Built TOML config for E:\Minecraft Modding Workspaces\smart_pick-1.20.x\neoforge\run\config\neoforge-client.toml
[27Jan2026 12:16:21.302] [modloading-worker-0/DEBUG] [net.neoforged.fml.config.ConfigFileTypeHandler/CONFIG]: Loaded TOML config file E:\Minecraft Modding Workspaces\smart_pick-1.20.x\neoforge\run\config\neoforge-client.toml
[27Jan2026 12:16:21.305] [modloading-worker-0/DEBUG] [net.neoforged.fml.config.ConfigFileTypeHandler/CONFIG]: Watching TOML config file E:\Minecraft Modding Workspaces\smart_pick-1.20.x\neoforge\run\config\neoforge-client.toml for changes
[27Jan2026 12:16:21.309] [modloading-worker-0/DEBUG] [net.neoforged.neoforge.common.NeoForgeConfig/FORGEMOD]: Loaded NeoForge config file neoforge-client.toml
[27Jan2026 12:16:21.311] [modloading-worker-0/DEBUG] [net.neoforged.fml.config.ConfigTracker/CONFIG]: Loading configs type COMMON
[27Jan2026 12:16:21.547] [Worker-Main-10/INFO] [net.minecraft.client.gui.font.providers.UnihexProvider/]: Found unifont_all_no_pua-15.1.04.hex, loading
[27Jan2026 12:16:21.563] [Render thread/DEBUG] [net.neoforged.fml.DeferredWorkQueue/LOADING]: Dispatching synchronous work for work queue COMMON_SETUP: 1 jobs
[27Jan2026 12:16:21.566] [Render thread/DEBUG] [net.neoforged.fml.DeferredWorkQueue/LOADING]: Synchronous work queue completed in 980.6 μs
[27Jan2026 12:16:22.963] [Render thread/DEBUG] [net.neoforged.neoforge.common.I18nExtension/CORE]: Loading I18N data entries: 6845
[27Jan2026 12:16:22.976] [Render thread/WARN] [net.minecraft.client.sounds.SoundEngine/]: Missing sound for event: minecraft:item.goat_horn.play
[27Jan2026 12:16:22.976] [Render thread/WARN] [net.minecraft.client.sounds.SoundEngine/]: Missing sound for event: minecraft:entity.goat.screaming.horn_break
[27Jan2026 12:16:22.976] [Render thread/WARN] [net.minecraft.client.sounds.SoundEngine/]: Missing sound for event: minecraft:entity.generic.wind_burst
[27Jan2026 12:16:23.170] [Render thread/INFO] [com.mojang.blaze3d.audio.Library/]: OpenAL initialized on device OpenAL Soft on Headphones (HyperX Cloud III Wireless)
[27Jan2026 12:16:23.172] [Render thread/INFO] [net.minecraft.client.sounds.SoundEngine/SOUNDS]: Sound engine started
[27Jan2026 12:16:23.278] [Render thread/INFO] [net.minecraft.client.renderer.texture.TextureAtlas/]: Created: 1024x512x4 minecraft:textures/atlas/blocks.png-atlas
[27Jan2026 12:16:23.285] [Render thread/INFO] [net.minecraft.client.renderer.texture.TextureAtlas/]: Created: 256x256x4 minecraft:textures/atlas/signs.png-atlas
[27Jan2026 12:16:23.285] [Render thread/INFO] [net.minecraft.client.renderer.texture.TextureAtlas/]: Created: 512x512x4 minecraft:textures/atlas/banner_patterns.png-atlas
[27Jan2026 12:16:23.286] [Render thread/INFO] [net.minecraft.client.renderer.texture.TextureAtlas/]: Created: 512x512x4 minecraft:textures/atlas/shield_patterns.png-atlas
[27Jan2026 12:16:23.286] [Render thread/INFO] [net.minecraft.client.renderer.texture.TextureAtlas/]: Created: 1024x1024x4 minecraft:textures/atlas/armor_trims.png-atlas
[27Jan2026 12:16:23.290] [Render thread/INFO] [net.minecraft.client.renderer.texture.TextureAtlas/]: Created: 256x256x4 minecraft:textures/atlas/chest.png-atlas
[27Jan2026 12:16:23.290] [Render thread/INFO] [net.minecraft.client.renderer.texture.TextureAtlas/]: Created: 128x64x4 minecraft:textures/atlas/decorated_pot.png-atlas
[27Jan2026 12:16:23.290] [Render thread/INFO] [net.minecraft.client.renderer.texture.TextureAtlas/]: Created: 512x256x4 minecraft:textures/atlas/shulker_boxes.png-atlas
[27Jan2026 12:16:23.291] [Render thread/INFO] [net.minecraft.client.renderer.texture.TextureAtlas/]: Created: 512x256x4 minecraft:textures/atlas/beds.png-atlas
[27Jan2026 12:16:23.475] [Render thread/WARN] [net.minecraft.client.renderer.ShaderInstance/]: Shader rendertype_entity_translucent_emissive could not find sampler named Sampler2 in the specified shader program.
[27Jan2026 12:16:23.523] [Render thread/INFO] [net.minecraft.client.renderer.texture.TextureAtlas/]: Created: 512x256x0 minecraft:textures/atlas/particles.png-atlas
[27Jan2026 12:16:23.525] [Render thread/INFO] [net.minecraft.client.renderer.texture.TextureAtlas/]: Created: 256x256x0 minecraft:textures/atlas/paintings.png-atlas
[27Jan2026 12:16:23.525] [Render thread/INFO] [net.minecraft.client.renderer.texture.TextureAtlas/]: Created: 128x128x0 minecraft:textures/atlas/mob_effects.png-atlas
[27Jan2026 12:16:23.526] [Render thread/INFO] [net.minecraft.client.renderer.texture.TextureAtlas/]: Created: 1024x512x0 minecraft:textures/atlas/gui.png-atlas
[27Jan2026 12:16:38.757] [Render thread/INFO] [net.minecraft.client.Minecraft/]: Stopping!
