[20:22:37] [main/INFO] (FabricLoader/GameProvider) Loading Minecraft 1.20.2 with Fabric Loader 0.18.4
[20:22:37] [main/INFO] (FabricLoader) Loading 60 mods:
	- cloth-basic-math 0.6.1
	- cloth-config 12.0.137
	- fabric-api 0.91.6+1.20.2
	- fabric-api-base 0.4.33+fce67b32a0
	- fabric-api-lookup-api-v1 1.6.43+b1792f7da0
	- fabric-biome-api-v1 13.0.14+b1792f7da0
	- fabric-block-api-v1 1.0.12+73761d2ea0
	- fabric-block-view-api-v2 1.0.1+73761d2ea0
	- fabric-blockrenderlayer-v1 1.1.43+f4b7e424a0
	- fabric-client-tags-api-v1 1.1.4+86b12645a0
	- fabric-command-api-v1 1.2.37+f71b366fa0
	- fabric-command-api-v2 2.2.16+b1792f7da0
	- fabric-commands-v0 0.2.54+df3654b3a0
	- fabric-containers-v0 0.1.81+df3654b3a0
	- fabric-content-registries-v0 5.0.6+b1792f7da0
	- fabric-convention-tags-v1 1.5.8+b1792f7da0
	- fabric-crash-report-info-v1 0.2.20+f4b7e424a0
	- fabric-data-generation-api-v1 13.1.11+b1792f7da0
	- fabric-dimensions-v1 2.1.57+b1792f7da0
	- fabric-entity-events-v1 1.5.26+b1792f7da0
	- fabric-events-interaction-v0 0.6.10+b1792f7da0
	- fabric-events-lifecycle-v0 0.2.70+df3654b3a0
	- fabric-game-rule-api-v1 1.0.42+a44e16a6a0
	- fabric-gametest-api-v1 1.2.16+b1792f7da0
	- fabric-item-api-v1 2.1.33+b1792f7da0
	- fabric-item-group-api-v1 4.0.15+e3d2bf3fa0
	- fabric-key-binding-api-v1 1.0.38+f4b7e424a0
	- fabric-keybindings-v0 0.2.36+df3654b3a0
	- fabric-lifecycle-events-v1 2.2.28+c8b10480a0
	- fabric-loot-api-v2 2.1.1+3ba460fba0
	- fabric-message-api-v1 6.0.2+e3d2bf3fa0
	- fabric-mining-level-api-v1 2.1.56+f4b7e424a0
	- fabric-model-loading-api-v1 1.0.6+b1792f7da0
	- fabric-models-v0 0.4.5+9386d8a7a0
	- fabric-networking-api-v1 3.1.5+f4be560ba0
	- fabric-object-builder-api-v1 12.1.2+2ff98d3ba0
	- fabric-particles-v1 1.1.4+f4b7e424a0
	- fabric-recipe-api-v1 2.0.14+52b3ebe5a0
	- fabric-registry-sync-v0 4.0.12+b1792f7da0
	- fabric-renderer-api-v1 3.2.1+2034447ca0
	- fabric-renderer-indigo 1.5.1+2034447ca0
	- fabric-renderer-registries-v1 3.2.49+df3654b3a0
	- fabric-rendering-data-attachment-v1 0.3.39+73761d2ea0
	- fabric-rendering-fluids-v1 3.0.30+f4b7e424a0
	- fabric-rendering-v0 1.1.52+df3654b3a0
	- fabric-rendering-v1 3.0.11+b1792f7da0
	- fabric-resource-conditions-api-v1 2.3.11+239dafd8a0
	- fabric-resource-loader-v0 0.11.12+b1792f7da0
	- fabric-screen-api-v1 2.0.12+b1792f7da0
	- fabric-screen-handler-api-v1 1.3.47+b1792f7da0
	- fabric-sound-api-v1 1.0.14+f4b7e424a0
	- fabric-transfer-api-v1 3.3.13+4944b5a5a0
	- fabric-transitive-access-wideners-v1 5.0.3+fce67b32a0
	- fabricloader 0.18.4
	- generated_53cd3d8 1.0.0
	- java 17
	- minecraft 1.20.2
	- mixinextras 0.5.0
	- modmenu 8.0.1
	- smart_pick 1.0.0-1.20.2
[20:22:37] [main/INFO] (FabricLoader/Mixin) SpongePowered MIXIN Subsystem Version=0.8.7 Source=file:/E:/GradleFiles/caches/modules-2/files-2.1/net.fabricmc/sponge-mixin/0.17.0+mixin.0.8.7/cf31463202f72d03b0ef1e1e38e8ee71b7faaab6/sponge-mixin-0.17.0+mixin.0.8.7.jar Service=Knot/Fabric Env=CLIENT
[20:22:37] [main/INFO] (FabricLoader/Mixin) Loaded Fabric development mappings for mixin remapper!
[20:22:37] [main/INFO] (FabricLoader/Mixin) Compatibility level set to JAVA_16
[20:22:37] [main/INFO] (FabricLoader/Mixin) Compatibility level set to JAVA_17
[20:22:39] [main/INFO] (FabricLoader/MixinExtras|Service) Initializing MixinExtras via com.llamalad7.mixinextras.service.MixinExtrasServiceImpl(version=0.5.0).
[20:22:44] [Datafixer Bootstrap/INFO] (Minecraft) 192 Datafixer optimizations took 130 milliseconds
[20:22:46] [Render thread/INFO] (Minecraft) Environment: Environment[accountsHost=https://api.mojang.com, sessionHost=https://sessionserver.mojang.com, servicesHost=https://api.minecraftservices.com, name=PROD]
[20:22:48] [Render thread/ERROR] (Minecraft) Failed to verify authentication
com.mojang.authlib.exceptions.InvalidCredentialsException: Status: 401
	at com.mojang.authlib.exceptions.MinecraftClientHttpException.toAuthenticationException(MinecraftClientHttpException.java:59) ~[authlib-5.0.47.jar:?]
	at com.mojang.authlib.yggdrasil.YggdrasilUserApiService.fetchProperties(YggdrasilUserApiService.java:159) ~[authlib-5.0.47.jar:?]
	at com.mojang.authlib.yggdrasil.YggdrasilUserApiService.<init>(YggdrasilUserApiService.java:53) ~[authlib-5.0.47.jar:?]
	at com.mojang.authlib.yggdrasil.YggdrasilAuthenticationService.createUserApiService(YggdrasilAuthenticationService.java:55) ~[authlib-5.0.47.jar:?]
	at net.minecraft.client.Minecraft.createUserApiService(Minecraft.java:787) ~[minecraft-merged-885477ca20-1.20.2-loom.mappings.1_20_2.layered+hash.40359-v2.jar:?]
	at net.minecraft.client.Minecraft.<init>(Minecraft.java:451) ~[minecraft-merged-885477ca20-1.20.2-loom.mappings.1_20_2.layered+hash.40359-v2.jar:?]
	at net.minecraft.client.main.Main.main(Main.java:214) ~[minecraft-merged-885477ca20-1.20.2-loom.mappings.1_20_2.layered+hash.40359-v2.jar:?]
	at net.fabricmc.loader.impl.game.minecraft.MinecraftGameProvider.launch(MinecraftGameProvider.java:514) ~[fabric-loader-0.18.4.jar:?]
	at net.fabricmc.loader.impl.launch.knot.Knot.launch(Knot.java:72) ~[fabric-loader-0.18.4.jar:?]
	at net.fabricmc.loader.impl.launch.knot.KnotClient.main(KnotClient.java:23) ~[fabric-loader-0.18.4.jar:?]
	at net.fabricmc.devlaunchinjector.Main.main(Main.java:86) ~[dev-launch-injector-0.2.1+build.8.jar:?]
	at dev.architectury.transformer.TransformerRuntime.main(TransformerRuntime.java:220) ~[architectury-transformer-5.2.87-runtime.jar:?]
Caused by: com.mojang.authlib.exceptions.MinecraftClientHttpException: Status: 401
	at com.mojang.authlib.minecraft.client.MinecraftClient.readInputStream(MinecraftClient.java:100) ~[authlib-5.0.47.jar:?]
	at com.mojang.authlib.minecraft.client.MinecraftClient.get(MinecraftClient.java:57) ~[authlib-5.0.47.jar:?]
	at com.mojang.authlib.yggdrasil.YggdrasilUserApiService.fetchProperties(YggdrasilUserApiService.java:130) ~[authlib-5.0.47.jar:?]
	... 10 more
[20:22:48] [Render thread/INFO] (Minecraft) Setting user: Player648
[20:22:48] [Render thread/INFO] (fabric-networking-api-v1) Force Packet Serialization is enabled to mimic remote connection on single player, this is the default behaviour on dev env. Add -Dfabric-api.networking.force-packet-serialization=false JVM arg to disable it.
[20:22:48] [Render thread/INFO] (Indigo) [Indigo] Registering Indigo renderer!
[20:22:48] [Worker-Main-2/INFO] (Mod Menu/Update Checker) Checking mod updates...
[20:22:49] [Render thread/INFO] (Minecraft) Backend library: LWJGL version 3.3.2-snapshot
[20:22:51] [Render thread/INFO] (Minecraft) Reloading ResourceManager: vanilla, fabric (fabric-models-v0, fabric-command-api-v1, fabric-events-lifecycle-v0, fabric-resource-conditions-api-v1, fabric-rendering-v1, fabric-client-tags-api-v1, fabric-renderer-api-v1, fabric-blockrenderlayer-v1, fabric-game-rule-api-v1, fabric-renderer-indigo, fabric-particles-v1, fabric-loot-api-v2, fabric-lifecycle-events-v1, cloth-config, fabric-renderer-registries-v1, fabric-content-registries-v0, fabric-networking-api-v1, fabric-biome-api-v1, generated_53cd3d8, fabric-item-api-v1, fabric-gametest-api-v1, fabric-rendering-data-attachment-v1, fabric-resource-loader-v0, fabric-registry-sync-v0, fabric-command-api-v2, fabric-transitive-access-wideners-v1, fabric-item-group-api-v1, fabric-object-builder-api-v1, fabric-api, fabric-key-binding-api-v1, fabric-events-interaction-v0, fabric-entity-events-v1, fabric-api-lookup-api-v1, fabric-model-loading-api-v1, fabric-containers-v0, fabric-crash-report-info-v1, fabric-mining-level-api-v1, fabric-screen-handler-api-v1, fabric-rendering-fluids-v1, fabric-transfer-api-v1, fabric-data-generation-api-v1, fabric-dimensions-v1, fabric-recipe-api-v1, fabric-api-base, fabric-rendering-v0, fabric-commands-v0, fabricloader, fabric-screen-api-v1, fabric-block-api-v1, fabric-keybindings-v0, fabric-message-api-v1, fabric-convention-tags-v1, fabric-block-view-api-v2, modmenu, fabric-sound-api-v1)
[20:22:51] [Worker-Main-5/INFO] (Minecraft) Found unifont_all_no_pua-15.0.06.hex, loading
[20:22:52] [Render thread/WARN] (Minecraft) Missing sound for event: minecraft:item.goat_horn.play
[20:22:52] [Render thread/WARN] (Minecraft) Missing sound for event: minecraft:entity.goat.screaming.horn_break
[20:22:52] [Render thread/INFO] (Minecraft) OpenAL initialized on device OpenAL Soft on Headphones (HyperX Cloud III Wireless)
[20:22:52] [Render thread/INFO] (Minecraft) Sound engine started
[20:22:52] [Render thread/INFO] (Minecraft) Created: 1024x512x4 minecraft:textures/atlas/blocks.png-atlas
[20:22:52] [Render thread/INFO] (Minecraft) Created: 256x256x4 minecraft:textures/atlas/signs.png-atlas
[20:22:52] [Render thread/INFO] (Minecraft) Created: 512x512x4 minecraft:textures/atlas/banner_patterns.png-atlas
[20:22:52] [Render thread/INFO] (Minecraft) Created: 512x512x4 minecraft:textures/atlas/shield_patterns.png-atlas
[20:22:52] [Render thread/INFO] (Minecraft) Created: 1024x1024x4 minecraft:textures/atlas/armor_trims.png-atlas
[20:22:52] [Render thread/INFO] (Minecraft) Created: 256x256x4 minecraft:textures/atlas/chest.png-atlas
[20:22:52] [Render thread/INFO] (Minecraft) Created: 128x64x4 minecraft:textures/atlas/decorated_pot.png-atlas
[20:22:52] [Render thread/INFO] (Minecraft) Created: 512x256x4 minecraft:textures/atlas/beds.png-atlas
[20:22:52] [Render thread/INFO] (Minecraft) Created: 512x256x4 minecraft:textures/atlas/shulker_boxes.png-atlas
[20:22:53] [Render thread/WARN] (Minecraft) Shader rendertype_entity_translucent_emissive could not find sampler named Sampler2 in the specified shader program.
[20:22:53] [Render thread/INFO] (Minecraft) Created: 256x256x0 minecraft:textures/atlas/particles.png-atlas
[20:22:53] [Render thread/INFO] (Minecraft) Created: 256x256x0 minecraft:textures/atlas/paintings.png-atlas
[20:22:53] [Render thread/INFO] (Minecraft) Created: 128x128x0 minecraft:textures/atlas/mob_effects.png-atlas
[20:22:53] [Render thread/INFO] (Minecraft) Created: 1024x512x0 minecraft:textures/atlas/gui.png-atlas
[20:22:53] [Render thread/INFO] (smart_pick) Clearing block pick cache.
[20:22:54] [IO-Worker-1/INFO] (Minecraft) Could not authorize you against Realms server: java.lang.RuntimeException: Failed to parse into SignedJWT: FabricMC
[20:22:54] [IO-Worker-1/ERROR] (Minecraft) Couldn't connect to realms
com.mojang.realmsclient.exception.RealmsServiceException: Realms authentication error with message 'java.lang.RuntimeException: Failed to parse into SignedJWT: FabricMC'
	at com.mojang.realmsclient.client.RealmsClient.execute(RealmsClient.java:432) ~[minecraft-merged-885477ca20-1.20.2-loom.mappings.1_20_2.layered+hash.40359-v2.jar:?]
	at com.mojang.realmsclient.client.RealmsClient.clientCompatible(RealmsClient.java:218) ~[minecraft-merged-885477ca20-1.20.2-loom.mappings.1_20_2.layered+hash.40359-v2.jar:?]
	at com.mojang.realmsclient.RealmsAvailability.method_52627(RealmsAvailability.java:45) ~[minecraft-merged-885477ca20-1.20.2-loom.mappings.1_20_2.layered+hash.40359-v2.jar:?]
	at java.util.concurrent.CompletableFuture$AsyncSupply.run(CompletableFuture.java:1768) ~[?:?]
	at java.util.concurrent.ThreadPoolExecutor.runWorker(ThreadPoolExecutor.java:1136) ~[?:?]
	at java.util.concurrent.ThreadPoolExecutor$Worker.run(ThreadPoolExecutor.java:635) ~[?:?]
	at java.lang.Thread.run(Thread.java:840) ~[?:?]
[20:23:02] [Render thread/INFO] (Minecraft) Loaded 7 recipes
[20:23:02] [Render thread/INFO] (Minecraft) Loaded 1271 advancements
[20:23:02] [Render thread/INFO] (BiomeModificationImpl) Applied 0 biome modifications to 0 of 64 new biomes in 1.176 ms
[20:23:02] [Server thread/INFO] (Minecraft) Starting integrated minecraft server version 1.20.2
[20:23:02] [Server thread/INFO] (Minecraft) Generating keypair
[20:23:03] [Server thread/INFO] (Minecraft) Preparing start region for dimension minecraft:overworld
[20:23:04] [Render thread/INFO] (Minecraft) Preparing spawn area: 0%
[20:23:04] [Render thread/INFO] (Minecraft) Preparing spawn area: 0%
[20:23:04] [Render thread/INFO] (Minecraft) Preparing spawn area: 0%
[20:23:05] [Render thread/INFO] (Minecraft) Preparing spawn area: 0%
[20:23:05] [Render thread/INFO] (Minecraft) Preparing spawn area: 4%
[20:23:06] [Render thread/INFO] (Minecraft) Preparing spawn area: 20%
[20:23:06] [Render thread/INFO] (Minecraft) Preparing spawn area: 27%
[20:23:07] [Render thread/INFO] (Minecraft) Preparing spawn area: 70%
[20:23:07] [Render thread/INFO] (Minecraft) Time elapsed: 3881 ms
[20:23:08] [Server thread/INFO] (Minecraft) Changing view distance to 12, from 10
[20:23:08] [Server thread/INFO] (Minecraft) Changing simulation distance to 12, from 0
[20:23:09] [Server thread/INFO] (Minecraft) Player648[local:E:5f2065bc] logged in with entity id 169 at (-67.68861533424669, 64.0, -126.200160469751)
[20:23:09] [Server thread/INFO] (Minecraft) Player648 joined the game
[20:23:10] [Render thread/INFO] (Minecraft) Loaded 2 advancements
[20:23:15] [Render thread/INFO] (smart_pick) Successfully loaded block pick map for smart_pick:smart_pick/block_pick_map.json
[20:23:15] [Render thread/INFO] (smart_pick) Mapping item stone with [cobblestone, andesite, diorite, granite]
[20:23:15] [Render thread/INFO] (smart_pick) Mapping item cobblestone with [stone]
[20:23:15] [Render thread/INFO] (smart_pick) Mapping item dirt with [grass_block, coarse_dirt, rooted_dirt]
[20:23:15] [Render thread/INFO] (smart_pick) Mapping item grass_block with [dirt, moss_block]
[20:23:15] [Render thread/INFO] (smart_pick) Recognised block tag #sand containing [sand, red_sand, suspicious_sand]
[20:23:15] [Render thread/INFO] (smart_pick) Mapping item sand with [red_sand, suspicious_sand]
[20:23:15] [Render thread/INFO] (smart_pick) Mapping item red_sand with [sand, suspicious_sand]
[20:23:15] [Render thread/INFO] (smart_pick) Mapping item suspicious_sand with [sand, red_sand]
[20:23:15] [Render thread/INFO] (smart_pick) Mapping item gravel with [flint]
[20:23:15] [Render thread/INFO] (smart_pick) Recognised client block tag $smart_pick:torches containing [torch, soul_torch]
[20:23:15] [Render thread/INFO] (smart_pick) Recognised client block tag $smart_pick:furnaces containing [furnace, blast_furnace, smoker]
[20:23:15] [Render thread/INFO] (smart_pick) Recognised client block tag $smart_pick:bricks containing [bricks, brick_slab, brick_stairs]
[20:23:15] [Render thread/INFO] (smart_pick) Recognised client block tag $smart_pick:chests containing [chest, trapped_chest, ender_chest]
[20:23:15] [Render thread/INFO] (smart_pick) Recognised block tag #copper containing []
[20:23:15] [Render thread/INFO] (smart_pick) Mapping item deepslate with [cobbled_deepslate]
[20:23:15] [Render thread/INFO] (smart_pick) Mapping item cobbled_deepslate with [deepslate]
[20:23:15] [Render thread/INFO] (smart_pick) Recognised block tag #deepslate_ore_replaceables containing [deepslate, tuff]
[20:23:15] [Render thread/INFO] (smart_pick) Mapping item deepslate with [tuff]
[20:23:15] [Render thread/INFO] (smart_pick) Mapping item tuff with [deepslate]
[20:23:15] [Render thread/INFO] (smart_pick) Mapping item air with [wheat_seeds, fern]
[20:23:15] [Render thread/INFO] (smart_pick) Mapping item tall_grass with [wheat_seeds]
[20:23:15] [Render thread/INFO] (smart_pick) Mapping item air with []
[20:23:15] [Render thread/INFO] (smart_pick) Mapping item air with [tall_grass]
[20:23:15] [Render thread/INFO] (smart_pick) Mapping item snow with [snowball, snow_block]
[20:23:15] [Render thread/INFO] (smart_pick) Mapping item snow_block with [snowball, snow]
[20:23:15] [Render thread/INFO] (smart_pick) Mapping item air with [snow_block, snow, snowball]
[20:23:15] [Render thread/INFO] (smart_pick) Recognised client block tag $smart_pick:ice containing [ice, packed_ice, blue_ice]
[20:23:15] [Render thread/INFO] (smart_pick) Mapping item dead_bush with [stick]
[20:23:15] [Render thread/INFO] (smart_pick) Recognised block tag #logs containing [dark_oak_log, dark_oak_wood, stripped_dark_oak_log, stripped_dark_oak_wood, oak_log, oak_wood, stripped_oak_log, stripped_oak_wood, acacia_log, acacia_wood, stripped_acacia_log, stripped_acacia_wood, birch_log, birch_wood, stripped_birch_log, stripped_birch_wood, jungle_log, jungle_wood, stripped_jungle_log, stripped_jungle_wood, spruce_log, spruce_wood, stripped_spruce_log, stripped_spruce_wood, mangrove_log, mangrove_wood, stripped_mangrove_log, stripped_mangrove_wood, cherry_log, cherry_wood, stripped_cherry_log, stripped_cherry_wood, crimson_stem, stripped_crimson_stem, crimson_hyphae, stripped_crimson_hyphae, warped_stem, stripped_warped_stem, warped_hyphae, stripped_warped_hyphae]
[20:23:15] [Render thread/INFO] (smart_pick) Mapping item dark_oak_log with [dark_oak_wood, stripped_dark_oak_log, stripped_dark_oak_wood, oak_log, oak_wood, stripped_oak_log, stripped_oak_wood, acacia_log, acacia_wood, stripped_acacia_log, stripped_acacia_wood, birch_log, birch_wood, stripped_birch_log, stripped_birch_wood, jungle_log, jungle_wood, stripped_jungle_log, stripped_jungle_wood, spruce_log, spruce_wood, stripped_spruce_log, stripped_spruce_wood, mangrove_log, mangrove_wood, stripped_mangrove_log, stripped_mangrove_wood, cherry_log, cherry_wood, stripped_cherry_log, stripped_cherry_wood, crimson_stem, stripped_crimson_stem, crimson_hyphae, stripped_crimson_hyphae, warped_stem, stripped_warped_stem, warped_hyphae, stripped_warped_hyphae]
[20:23:15] [Render thread/INFO] (smart_pick) Mapping item dark_oak_wood with [dark_oak_log, stripped_dark_oak_log, stripped_dark_oak_wood, oak_log, oak_wood, stripped_oak_log, stripped_oak_wood, acacia_log, acacia_wood, stripped_acacia_log, stripped_acacia_wood, birch_log, birch_wood, stripped_birch_log, stripped_birch_wood, jungle_log, jungle_wood, stripped_jungle_log, stripped_jungle_wood, spruce_log, spruce_wood, stripped_spruce_log, stripped_spruce_wood, mangrove_log, mangrove_wood, stripped_mangrove_log, stripped_mangrove_wood, cherry_log, cherry_wood, stripped_cherry_log, stripped_cherry_wood, crimson_stem, stripped_crimson_stem, crimson_hyphae, stripped_crimson_hyphae, warped_stem, stripped_warped_stem, warped_hyphae, stripped_warped_hyphae]
[20:23:15] [Render thread/INFO] (smart_pick) Mapping item stripped_dark_oak_log with [dark_oak_log, dark_oak_wood, stripped_dark_oak_wood, oak_log, oak_wood, stripped_oak_log, stripped_oak_wood, acacia_log, acacia_wood, stripped_acacia_log, stripped_acacia_wood, birch_log, birch_wood, stripped_birch_log, stripped_birch_wood, jungle_log, jungle_wood, stripped_jungle_log, stripped_jungle_wood, spruce_log, spruce_wood, stripped_spruce_log, stripped_spruce_wood, mangrove_log, mangrove_wood, stripped_mangrove_log, stripped_mangrove_wood, cherry_log, cherry_wood, stripped_cherry_log, stripped_cherry_wood, crimson_stem, stripped_crimson_stem, crimson_hyphae, stripped_crimson_hyphae, warped_stem, stripped_warped_stem, warped_hyphae, stripped_warped_hyphae]
[20:23:15] [Render thread/INFO] (smart_pick) Mapping item stripped_dark_oak_wood with [dark_oak_log, dark_oak_wood, stripped_dark_oak_log, oak_log, oak_wood, stripped_oak_log, stripped_oak_wood, acacia_log, acacia_wood, stripped_acacia_log, stripped_acacia_wood, birch_log, birch_wood, stripped_birch_log, stripped_birch_wood, jungle_log, jungle_wood, stripped_jungle_log, stripped_jungle_wood, spruce_log, spruce_wood, stripped_spruce_log, stripped_spruce_wood, mangrove_log, mangrove_wood, stripped_mangrove_log, stripped_mangrove_wood, cherry_log, cherry_wood, stripped_cherry_log, stripped_cherry_wood, crimson_stem, stripped_crimson_stem, crimson_hyphae, stripped_crimson_hyphae, warped_stem, stripped_warped_stem, warped_hyphae, stripped_warped_hyphae]
[20:23:15] [Render thread/INFO] (smart_pick) Mapping item oak_log with [dark_oak_log, dark_oak_wood, stripped_dark_oak_log, stripped_dark_oak_wood, oak_wood, stripped_oak_log, stripped_oak_wood, acacia_log, acacia_wood, stripped_acacia_log, stripped_acacia_wood, birch_log, birch_wood, stripped_birch_log, stripped_birch_wood, jungle_log, jungle_wood, stripped_jungle_log, stripped_jungle_wood, spruce_log, spruce_wood, stripped_spruce_log, stripped_spruce_wood, mangrove_log, mangrove_wood, stripped_mangrove_log, stripped_mangrove_wood, cherry_log, cherry_wood, stripped_cherry_log, stripped_cherry_wood, crimson_stem, stripped_crimson_stem, crimson_hyphae, stripped_crimson_hyphae, warped_stem, stripped_warped_stem, warped_hyphae, stripped_warped_hyphae]
[20:23:15] [Render thread/INFO] (smart_pick) Mapping item oak_wood with [dark_oak_log, dark_oak_wood, stripped_dark_oak_log, stripped_dark_oak_wood, oak_log, stripped_oak_log, stripped_oak_wood, acacia_log, acacia_wood, stripped_acacia_log, stripped_acacia_wood, birch_log, birch_wood, stripped_birch_log, stripped_birch_wood, jungle_log, jungle_wood, stripped_jungle_log, stripped_jungle_wood, spruce_log, spruce_wood, stripped_spruce_log, stripped_spruce_wood, mangrove_log, mangrove_wood, stripped_mangrove_log, stripped_mangrove_wood, cherry_log, cherry_wood, stripped_cherry_log, stripped_cherry_wood, crimson_stem, stripped_crimson_stem, crimson_hyphae, stripped_crimson_hyphae, warped_stem, stripped_warped_stem, warped_hyphae, stripped_warped_hyphae]
[20:23:15] [Render thread/INFO] (smart_pick) Mapping item stripped_oak_log with [dark_oak_log, dark_oak_wood, stripped_dark_oak_log, stripped_dark_oak_wood, oak_log, oak_wood, stripped_oak_wood, acacia_log, acacia_wood, stripped_acacia_log, stripped_acacia_wood, birch_log, birch_wood, stripped_birch_log, stripped_birch_wood, jungle_log, jungle_wood, stripped_jungle_log, stripped_jungle_wood, spruce_log, spruce_wood, stripped_spruce_log, stripped_spruce_wood, mangrove_log, mangrove_wood, stripped_mangrove_log, stripped_mangrove_wood, cherry_log, cherry_wood, stripped_cherry_log, stripped_cherry_wood, crimson_stem, stripped_crimson_stem, crimson_hyphae, stripped_crimson_hyphae, warped_stem, stripped_warped_stem, warped_hyphae, stripped_warped_hyphae]
[20:23:15] [Render thread/INFO] (smart_pick) Mapping item stripped_oak_wood with [dark_oak_log, dark_oak_wood, stripped_dark_oak_log, stripped_dark_oak_wood, oak_log, oak_wood, stripped_oak_log, acacia_log, acacia_wood, stripped_acacia_log, stripped_acacia_wood, birch_log, birch_wood, stripped_birch_log, stripped_birch_wood, jungle_log, jungle_wood, stripped_jungle_log, stripped_jungle_wood, spruce_log, spruce_wood, stripped_spruce_log, stripped_spruce_wood, mangrove_log, mangrove_wood, stripped_mangrove_log, stripped_mangrove_wood, cherry_log, cherry_wood, stripped_cherry_log, stripped_cherry_wood, crimson_stem, stripped_crimson_stem, crimson_hyphae, stripped_crimson_hyphae, warped_stem, stripped_warped_stem, warped_hyphae, stripped_warped_hyphae]
[20:23:15] [Render thread/INFO] (smart_pick) Mapping item acacia_log with [dark_oak_log, dark_oak_wood, stripped_dark_oak_log, stripped_dark_oak_wood, oak_log, oak_wood, stripped_oak_log, stripped_oak_wood, acacia_wood, stripped_acacia_log, stripped_acacia_wood, birch_log, birch_wood, stripped_birch_log, stripped_birch_wood, jungle_log, jungle_wood, stripped_jungle_log, stripped_jungle_wood, spruce_log, spruce_wood, stripped_spruce_log, stripped_spruce_wood, mangrove_log, mangrove_wood, stripped_mangrove_log, stripped_mangrove_wood, cherry_log, cherry_wood, stripped_cherry_log, stripped_cherry_wood, crimson_stem, stripped_crimson_stem, crimson_hyphae, stripped_crimson_hyphae, warped_stem, stripped_warped_stem, warped_hyphae, stripped_warped_hyphae]
[20:23:15] [Render thread/INFO] (smart_pick) Mapping item acacia_wood with [dark_oak_log, dark_oak_wood, stripped_dark_oak_log, stripped_dark_oak_wood, oak_log, oak_wood, stripped_oak_log, stripped_oak_wood, acacia_log, stripped_acacia_log, stripped_acacia_wood, birch_log, birch_wood, stripped_birch_log, stripped_birch_wood, jungle_log, jungle_wood, stripped_jungle_log, stripped_jungle_wood, spruce_log, spruce_wood, stripped_spruce_log, stripped_spruce_wood, mangrove_log, mangrove_wood, stripped_mangrove_log, stripped_mangrove_wood, cherry_log, cherry_wood, stripped_cherry_log, stripped_cherry_wood, crimson_stem, stripped_crimson_stem, crimson_hyphae, stripped_crimson_hyphae, warped_stem, stripped_warped_stem, warped_hyphae, stripped_warped_hyphae]
[20:23:15] [Render thread/INFO] (smart_pick) Mapping item stripped_acacia_log with [dark_oak_log, dark_oak_wood, stripped_dark_oak_log, stripped_dark_oak_wood, oak_log, oak_wood, stripped_oak_log, stripped_oak_wood, acacia_log, acacia_wood, stripped_acacia_wood, birch_log, birch_wood, stripped_birch_log, stripped_birch_wood, jungle_log, jungle_wood, stripped_jungle_log, stripped_jungle_wood, spruce_log, spruce_wood, stripped_spruce_log, stripped_spruce_wood, mangrove_log, mangrove_wood, stripped_mangrove_log, stripped_mangrove_wood, cherry_log, cherry_wood, stripped_cherry_log, stripped_cherry_wood, crimson_stem, stripped_crimson_stem, crimson_hyphae, stripped_crimson_hyphae, warped_stem, stripped_warped_stem, warped_hyphae, stripped_warped_hyphae]
[20:23:15] [Render thread/INFO] (smart_pick) Mapping item stripped_acacia_wood with [dark_oak_log, dark_oak_wood, stripped_dark_oak_log, stripped_dark_oak_wood, oak_log, oak_wood, stripped_oak_log, stripped_oak_wood, acacia_log, acacia_wood, stripped_acacia_log, birch_log, birch_wood, stripped_birch_log, stripped_birch_wood, jungle_log, jungle_wood, stripped_jungle_log, stripped_jungle_wood, spruce_log, spruce_wood, stripped_spruce_log, stripped_spruce_wood, mangrove_log, mangrove_wood, stripped_mangrove_log, stripped_mangrove_wood, cherry_log, cherry_wood, stripped_cherry_log, stripped_cherry_wood, crimson_stem, stripped_crimson_stem, crimson_hyphae, stripped_crimson_hyphae, warped_stem, stripped_warped_stem, warped_hyphae, stripped_warped_hyphae]
[20:23:15] [Render thread/INFO] (smart_pick) Mapping item birch_log with [dark_oak_log, dark_oak_wood, stripped_dark_oak_log, stripped_dark_oak_wood, oak_log, oak_wood, stripped_oak_log, stripped_oak_wood, acacia_log, acacia_wood, stripped_acacia_log, stripped_acacia_wood, birch_wood, stripped_birch_log, stripped_birch_wood, jungle_log, jungle_wood, stripped_jungle_log, stripped_jungle_wood, spruce_log, spruce_wood, stripped_spruce_log, stripped_spruce_wood, mangrove_log, mangrove_wood, stripped_mangrove_log, stripped_mangrove_wood, cherry_log, cherry_wood, stripped_cherry_log, stripped_cherry_wood, crimson_stem, stripped_crimson_stem, crimson_hyphae, stripped_crimson_hyphae, warped_stem, stripped_warped_stem, warped_hyphae, stripped_warped_hyphae]
[20:23:15] [Render thread/INFO] (smart_pick) Mapping item birch_wood with [dark_oak_log, dark_oak_wood, stripped_dark_oak_log, stripped_dark_oak_wood, oak_log, oak_wood, stripped_oak_log, stripped_oak_wood, acacia_log, acacia_wood, stripped_acacia_log, stripped_acacia_wood, birch_log, stripped_birch_log, stripped_birch_wood, jungle_log, jungle_wood, stripped_jungle_log, stripped_jungle_wood, spruce_log, spruce_wood, stripped_spruce_log, stripped_spruce_wood, mangrove_log, mangrove_wood, stripped_mangrove_log, stripped_mangrove_wood, cherry_log, cherry_wood, stripped_cherry_log, stripped_cherry_wood, crimson_stem, stripped_crimson_stem, crimson_hyphae, stripped_crimson_hyphae, warped_stem, stripped_warped_stem, warped_hyphae, stripped_warped_hyphae]
[20:23:15] [Render thread/INFO] (smart_pick) Mapping item stripped_birch_log with [dark_oak_log, dark_oak_wood, stripped_dark_oak_log, stripped_dark_oak_wood, oak_log, oak_wood, stripped_oak_log, stripped_oak_wood, acacia_log, acacia_wood, stripped_acacia_log, stripped_acacia_wood, birch_log, birch_wood, stripped_birch_wood, jungle_log, jungle_wood, stripped_jungle_log, stripped_jungle_wood, spruce_log, spruce_wood, stripped_spruce_log, stripped_spruce_wood, mangrove_log, mangrove_wood, stripped_mangrove_log, stripped_mangrove_wood, cherry_log, cherry_wood, stripped_cherry_log, stripped_cherry_wood, crimson_stem, stripped_crimson_stem, crimson_hyphae, stripped_crimson_hyphae, warped_stem, stripped_warped_stem, warped_hyphae, stripped_warped_hyphae]
[20:23:15] [Render thread/INFO] (smart_pick) Mapping item stripped_birch_wood with [dark_oak_log, dark_oak_wood, stripped_dark_oak_log, stripped_dark_oak_wood, oak_log, oak_wood, stripped_oak_log, stripped_oak_wood, acacia_log, acacia_wood, stripped_acacia_log, stripped_acacia_wood, birch_log, birch_wood, stripped_birch_log, jungle_log, jungle_wood, stripped_jungle_log, stripped_jungle_wood, spruce_log, spruce_wood, stripped_spruce_log, stripped_spruce_wood, mangrove_log, mangrove_wood, stripped_mangrove_log, stripped_mangrove_wood, cherry_log, cherry_wood, stripped_cherry_log, stripped_cherry_wood, crimson_stem, stripped_crimson_stem, crimson_hyphae, stripped_crimson_hyphae, warped_stem, stripped_warped_stem, warped_hyphae, stripped_warped_hyphae]
[20:23:15] [Render thread/INFO] (smart_pick) Mapping item jungle_log with [dark_oak_log, dark_oak_wood, stripped_dark_oak_log, stripped_dark_oak_wood, oak_log, oak_wood, stripped_oak_log, stripped_oak_wood, acacia_log, acacia_wood, stripped_acacia_log, stripped_acacia_wood, birch_log, birch_wood, stripped_birch_log, stripped_birch_wood, jungle_wood, stripped_jungle_log, stripped_jungle_wood, spruce_log, spruce_wood, stripped_spruce_log, stripped_spruce_wood, mangrove_log, mangrove_wood, stripped_mangrove_log, stripped_mangrove_wood, cherry_log, cherry_wood, stripped_cherry_log, stripped_cherry_wood, crimson_stem, stripped_crimson_stem, crimson_hyphae, stripped_crimson_hyphae, warped_stem, stripped_warped_stem, warped_hyphae, stripped_warped_hyphae]
[20:23:15] [Render thread/INFO] (smart_pick) Mapping item jungle_wood with [dark_oak_log, dark_oak_wood, stripped_dark_oak_log, stripped_dark_oak_wood, oak_log, oak_wood, stripped_oak_log, stripped_oak_wood, acacia_log, acacia_wood, stripped_acacia_log, stripped_acacia_wood, birch_log, birch_wood, stripped_birch_log, stripped_birch_wood, jungle_log, stripped_jungle_log, stripped_jungle_wood, spruce_log, spruce_wood, stripped_spruce_log, stripped_spruce_wood, mangrove_log, mangrove_wood, stripped_mangrove_log, stripped_mangrove_wood, cherry_log, cherry_wood, stripped_cherry_log, stripped_cherry_wood, crimson_stem, stripped_crimson_stem, crimson_hyphae, stripped_crimson_hyphae, warped_stem, stripped_warped_stem, warped_hyphae, stripped_warped_hyphae]
[20:23:15] [Render thread/INFO] (smart_pick) Mapping item stripped_jungle_log with [dark_oak_log, dark_oak_wood, stripped_dark_oak_log, stripped_dark_oak_wood, oak_log, oak_wood, stripped_oak_log, stripped_oak_wood, acacia_log, acacia_wood, stripped_acacia_log, stripped_acacia_wood, birch_log, birch_wood, stripped_birch_log, stripped_birch_wood, jungle_log, jungle_wood, stripped_jungle_wood, spruce_log, spruce_wood, stripped_spruce_log, stripped_spruce_wood, mangrove_log, mangrove_wood, stripped_mangrove_log, stripped_mangrove_wood, cherry_log, cherry_wood, stripped_cherry_log, stripped_cherry_wood, crimson_stem, stripped_crimson_stem, crimson_hyphae, stripped_crimson_hyphae, warped_stem, stripped_warped_stem, warped_hyphae, stripped_warped_hyphae]
[20:23:15] [Render thread/INFO] (smart_pick) Mapping item stripped_jungle_wood with [dark_oak_log, dark_oak_wood, stripped_dark_oak_log, stripped_dark_oak_wood, oak_log, oak_wood, stripped_oak_log, stripped_oak_wood, acacia_log, acacia_wood, stripped_acacia_log, stripped_acacia_wood, birch_log, birch_wood, stripped_birch_log, stripped_birch_wood, jungle_log, jungle_wood, stripped_jungle_log, spruce_log, spruce_wood, stripped_spruce_log, stripped_spruce_wood, mangrove_log, mangrove_wood, stripped_mangrove_log, stripped_mangrove_wood, cherry_log, cherry_wood, stripped_cherry_log, stripped_cherry_wood, crimson_stem, stripped_crimson_stem, crimson_hyphae, stripped_crimson_hyphae, warped_stem, stripped_warped_stem, warped_hyphae, stripped_warped_hyphae]
[20:23:15] [Render thread/INFO] (smart_pick) Mapping item spruce_log with [dark_oak_log, dark_oak_wood, stripped_dark_oak_log, stripped_dark_oak_wood, oak_log, oak_wood, stripped_oak_log, stripped_oak_wood, acacia_log, acacia_wood, stripped_acacia_log, stripped_acacia_wood, birch_log, birch_wood, stripped_birch_log, stripped_birch_wood, jungle_log, jungle_wood, stripped_jungle_log, stripped_jungle_wood, spruce_wood, stripped_spruce_log, stripped_spruce_wood, mangrove_log, mangrove_wood, stripped_mangrove_log, stripped_mangrove_wood, cherry_log, cherry_wood, stripped_cherry_log, stripped_cherry_wood, crimson_stem, stripped_crimson_stem, crimson_hyphae, stripped_crimson_hyphae, warped_stem, stripped_warped_stem, warped_hyphae, stripped_warped_hyphae]
[20:23:15] [Render thread/INFO] (smart_pick) Mapping item spruce_wood with [dark_oak_log, dark_oak_wood, stripped_dark_oak_log, stripped_dark_oak_wood, oak_log, oak_wood, stripped_oak_log, stripped_oak_wood, acacia_log, acacia_wood, stripped_acacia_log, stripped_acacia_wood, birch_log, birch_wood, stripped_birch_log, stripped_birch_wood, jungle_log, jungle_wood, stripped_jungle_log, stripped_jungle_wood, spruce_log, stripped_spruce_log, stripped_spruce_wood, mangrove_log, mangrove_wood, stripped_mangrove_log, stripped_mangrove_wood, cherry_log, cherry_wood, stripped_cherry_log, stripped_cherry_wood, crimson_stem, stripped_crimson_stem, crimson_hyphae, stripped_crimson_hyphae, warped_stem, stripped_warped_stem, warped_hyphae, stripped_warped_hyphae]
[20:23:15] [Render thread/INFO] (smart_pick) Mapping item stripped_spruce_log with [dark_oak_log, dark_oak_wood, stripped_dark_oak_log, stripped_dark_oak_wood, oak_log, oak_wood, stripped_oak_log, stripped_oak_wood, acacia_log, acacia_wood, stripped_acacia_log, stripped_acacia_wood, birch_log, birch_wood, stripped_birch_log, stripped_birch_wood, jungle_log, jungle_wood, stripped_jungle_log, stripped_jungle_wood, spruce_log, spruce_wood, stripped_spruce_wood, mangrove_log, mangrove_wood, stripped_mangrove_log, stripped_mangrove_wood, cherry_log, cherry_wood, stripped_cherry_log, stripped_cherry_wood, crimson_stem, stripped_crimson_stem, crimson_hyphae, stripped_crimson_hyphae, warped_stem, stripped_warped_stem, warped_hyphae, stripped_warped_hyphae]
[20:23:15] [Render thread/INFO] (smart_pick) Mapping item stripped_spruce_wood with [dark_oak_log, dark_oak_wood, stripped_dark_oak_log, stripped_dark_oak_wood, oak_log, oak_wood, stripped_oak_log, stripped_oak_wood, acacia_log, acacia_wood, stripped_acacia_log, stripped_acacia_wood, birch_log, birch_wood, stripped_birch_log, stripped_birch_wood, jungle_log, jungle_wood, stripped_jungle_log, stripped_jungle_wood, spruce_log, spruce_wood, stripped_spruce_log, mangrove_log, mangrove_wood, stripped_mangrove_log, stripped_mangrove_wood, cherry_log, cherry_wood, stripped_cherry_log, stripped_cherry_wood, crimson_stem, stripped_crimson_stem, crimson_hyphae, stripped_crimson_hyphae, warped_stem, stripped_warped_stem, warped_hyphae, stripped_warped_hyphae]
[20:23:15] [Render thread/INFO] (smart_pick) Mapping item mangrove_log with [dark_oak_log, dark_oak_wood, stripped_dark_oak_log, stripped_dark_oak_wood, oak_log, oak_wood, stripped_oak_log, stripped_oak_wood, acacia_log, acacia_wood, stripped_acacia_log, stripped_acacia_wood, birch_log, birch_wood, stripped_birch_log, stripped_birch_wood, jungle_log, jungle_wood, stripped_jungle_log, stripped_jungle_wood, spruce_log, spruce_wood, stripped_spruce_log, stripped_spruce_wood, mangrove_wood, stripped_mangrove_log, stripped_mangrove_wood, cherry_log, cherry_wood, stripped_cherry_log, stripped_cherry_wood, crimson_stem, stripped_crimson_stem, crimson_hyphae, stripped_crimson_hyphae, warped_stem, stripped_warped_stem, warped_hyphae, stripped_warped_hyphae]
[20:23:15] [Render thread/INFO] (smart_pick) Mapping item mangrove_wood with [dark_oak_log, dark_oak_wood, stripped_dark_oak_log, stripped_dark_oak_wood, oak_log, oak_wood, stripped_oak_log, stripped_oak_wood, acacia_log, acacia_wood, stripped_acacia_log, stripped_acacia_wood, birch_log, birch_wood, stripped_birch_log, stripped_birch_wood, jungle_log, jungle_wood, stripped_jungle_log, stripped_jungle_wood, spruce_log, spruce_wood, stripped_spruce_log, stripped_spruce_wood, mangrove_log, stripped_mangrove_log, stripped_mangrove_wood, cherry_log, cherry_wood, stripped_cherry_log, stripped_cherry_wood, crimson_stem, stripped_crimson_stem, crimson_hyphae, stripped_crimson_hyphae, warped_stem, stripped_warped_stem, warped_hyphae, stripped_warped_hyphae]
[20:23:15] [Render thread/INFO] (smart_pick) Mapping item stripped_mangrove_log with [dark_oak_log, dark_oak_wood, stripped_dark_oak_log, stripped_dark_oak_wood, oak_log, oak_wood, stripped_oak_log, stripped_oak_wood, acacia_log, acacia_wood, stripped_acacia_log, stripped_acacia_wood, birch_log, birch_wood, stripped_birch_log, stripped_birch_wood, jungle_log, jungle_wood, stripped_jungle_log, stripped_jungle_wood, spruce_log, spruce_wood, stripped_spruce_log, stripped_spruce_wood, mangrove_log, mangrove_wood, stripped_mangrove_wood, cherry_log, cherry_wood, stripped_cherry_log, stripped_cherry_wood, crimson_stem, stripped_crimson_stem, crimson_hyphae, stripped_crimson_hyphae, warped_stem, stripped_warped_stem, warped_hyphae, stripped_warped_hyphae]
[20:23:15] [Render thread/INFO] (smart_pick) Mapping item stripped_mangrove_wood with [dark_oak_log, dark_oak_wood, stripped_dark_oak_log, stripped_dark_oak_wood, oak_log, oak_wood, stripped_oak_log, stripped_oak_wood, acacia_log, acacia_wood, stripped_acacia_log, stripped_acacia_wood, birch_log, birch_wood, stripped_birch_log, stripped_birch_wood, jungle_log, jungle_wood, stripped_jungle_log, stripped_jungle_wood, spruce_log, spruce_wood, stripped_spruce_log, stripped_spruce_wood, mangrove_log, mangrove_wood, stripped_mangrove_log, cherry_log, cherry_wood, stripped_cherry_log, stripped_cherry_wood, crimson_stem, stripped_crimson_stem, crimson_hyphae, stripped_crimson_hyphae, warped_stem, stripped_warped_stem, warped_hyphae, stripped_warped_hyphae]
[20:23:15] [Render thread/INFO] (smart_pick) Mapping item cherry_log with [dark_oak_log, dark_oak_wood, stripped_dark_oak_log, stripped_dark_oak_wood, oak_log, oak_wood, stripped_oak_log, stripped_oak_wood, acacia_log, acacia_wood, stripped_acacia_log, stripped_acacia_wood, birch_log, birch_wood, stripped_birch_log, stripped_birch_wood, jungle_log, jungle_wood, stripped_jungle_log, stripped_jungle_wood, spruce_log, spruce_wood, stripped_spruce_log, stripped_spruce_wood, mangrove_log, mangrove_wood, stripped_mangrove_log, stripped_mangrove_wood, cherry_wood, stripped_cherry_log, stripped_cherry_wood, crimson_stem, stripped_crimson_stem, crimson_hyphae, stripped_crimson_hyphae, warped_stem, stripped_warped_stem, warped_hyphae, stripped_warped_hyphae]
[20:23:15] [Render thread/INFO] (smart_pick) Mapping item cherry_wood with [dark_oak_log, dark_oak_wood, stripped_dark_oak_log, stripped_dark_oak_wood, oak_log, oak_wood, stripped_oak_log, stripped_oak_wood, acacia_log, acacia_wood, stripped_acacia_log, stripped_acacia_wood, birch_log, birch_wood, stripped_birch_log, stripped_birch_wood, jungle_log, jungle_wood, stripped_jungle_log, stripped_jungle_wood, spruce_log, spruce_wood, stripped_spruce_log, stripped_spruce_wood, mangrove_log, mangrove_wood, stripped_mangrove_log, stripped_mangrove_wood, cherry_log, stripped_cherry_log, stripped_cherry_wood, crimson_stem, stripped_crimson_stem, crimson_hyphae, stripped_crimson_hyphae, warped_stem, stripped_warped_stem, warped_hyphae, stripped_warped_hyphae]
[20:23:15] [Render thread/INFO] (smart_pick) Mapping item stripped_cherry_log with [dark_oak_log, dark_oak_wood, stripped_dark_oak_log, stripped_dark_oak_wood, oak_log, oak_wood, stripped_oak_log, stripped_oak_wood, acacia_log, acacia_wood, stripped_acacia_log, stripped_acacia_wood, birch_log, birch_wood, stripped_birch_log, stripped_birch_wood, jungle_log, jungle_wood, stripped_jungle_log, stripped_jungle_wood, spruce_log, spruce_wood, stripped_spruce_log, stripped_spruce_wood, mangrove_log, mangrove_wood, stripped_mangrove_log, stripped_mangrove_wood, cherry_log, cherry_wood, stripped_cherry_wood, crimson_stem, stripped_crimson_stem, crimson_hyphae, stripped_crimson_hyphae, warped_stem, stripped_warped_stem, warped_hyphae, stripped_warped_hyphae]
[20:23:15] [Render thread/INFO] (smart_pick) Mapping item stripped_cherry_wood with [dark_oak_log, dark_oak_wood, stripped_dark_oak_log, stripped_dark_oak_wood, oak_log, oak_wood, stripped_oak_log, stripped_oak_wood, acacia_log, acacia_wood, stripped_acacia_log, stripped_acacia_wood, birch_log, birch_wood, stripped_birch_log, stripped_birch_wood, jungle_log, jungle_wood, stripped_jungle_log, stripped_jungle_wood, spruce_log, spruce_wood, stripped_spruce_log, stripped_spruce_wood, mangrove_log, mangrove_wood, stripped_mangrove_log, stripped_mangrove_wood, cherry_log, cherry_wood, stripped_cherry_log, crimson_stem, stripped_crimson_stem, crimson_hyphae, stripped_crimson_hyphae, warped_stem, stripped_warped_stem, warped_hyphae, stripped_warped_hyphae]
[20:23:15] [Render thread/INFO] (smart_pick) Mapping item crimson_stem with [dark_oak_log, dark_oak_wood, stripped_dark_oak_log, stripped_dark_oak_wood, oak_log, oak_wood, stripped_oak_log, stripped_oak_wood, acacia_log, acacia_wood, stripped_acacia_log, stripped_acacia_wood, birch_log, birch_wood, stripped_birch_log, stripped_birch_wood, jungle_log, jungle_wood, stripped_jungle_log, stripped_jungle_wood, spruce_log, spruce_wood, stripped_spruce_log, stripped_spruce_wood, mangrove_log, mangrove_wood, stripped_mangrove_log, stripped_mangrove_wood, cherry_log, cherry_wood, stripped_cherry_log, stripped_cherry_wood, stripped_crimson_stem, crimson_hyphae, stripped_crimson_hyphae, warped_stem, stripped_warped_stem, warped_hyphae, stripped_warped_hyphae]
[20:23:15] [Render thread/INFO] (smart_pick) Mapping item stripped_crimson_stem with [dark_oak_log, dark_oak_wood, stripped_dark_oak_log, stripped_dark_oak_wood, oak_log, oak_wood, stripped_oak_log, stripped_oak_wood, acacia_log, acacia_wood, stripped_acacia_log, stripped_acacia_wood, birch_log, birch_wood, stripped_birch_log, stripped_birch_wood, jungle_log, jungle_wood, stripped_jungle_log, stripped_jungle_wood, spruce_log, spruce_wood, stripped_spruce_log, stripped_spruce_wood, mangrove_log, mangrove_wood, stripped_mangrove_log, stripped_mangrove_wood, cherry_log, cherry_wood, stripped_cherry_log, stripped_cherry_wood, crimson_stem, crimson_hyphae, stripped_crimson_hyphae, warped_stem, stripped_warped_stem, warped_hyphae, stripped_warped_hyphae]
[20:23:15] [Render thread/INFO] (smart_pick) Mapping item crimson_hyphae with [dark_oak_log, dark_oak_wood, stripped_dark_oak_log, stripped_dark_oak_wood, oak_log, oak_wood, stripped_oak_log, stripped_oak_wood, acacia_log, acacia_wood, stripped_acacia_log, stripped_acacia_wood, birch_log, birch_wood, stripped_birch_log, stripped_birch_wood, jungle_log, jungle_wood, stripped_jungle_log, stripped_jungle_wood, spruce_log, spruce_wood, stripped_spruce_log, stripped_spruce_wood, mangrove_log, mangrove_wood, stripped_mangrove_log, stripped_mangrove_wood, cherry_log, cherry_wood, stripped_cherry_log, stripped_cherry_wood, crimson_stem, stripped_crimson_stem, stripped_crimson_hyphae, warped_stem, stripped_warped_stem, warped_hyphae, stripped_warped_hyphae]
[20:23:15] [Render thread/INFO] (smart_pick) Mapping item stripped_crimson_hyphae with [dark_oak_log, dark_oak_wood, stripped_dark_oak_log, stripped_dark_oak_wood, oak_log, oak_wood, stripped_oak_log, stripped_oak_wood, acacia_log, acacia_wood, stripped_acacia_log, stripped_acacia_wood, birch_log, birch_wood, stripped_birch_log, stripped_birch_wood, jungle_log, jungle_wood, stripped_jungle_log, stripped_jungle_wood, spruce_log, spruce_wood, stripped_spruce_log, stripped_spruce_wood, mangrove_log, mangrove_wood, stripped_mangrove_log, stripped_mangrove_wood, cherry_log, cherry_wood, stripped_cherry_log, stripped_cherry_wood, crimson_stem, stripped_crimson_stem, crimson_hyphae, warped_stem, stripped_warped_stem, warped_hyphae, stripped_warped_hyphae]
[20:23:15] [Render thread/INFO] (smart_pick) Mapping item warped_stem with [dark_oak_log, dark_oak_wood, stripped_dark_oak_log, stripped_dark_oak_wood, oak_log, oak_wood, stripped_oak_log, stripped_oak_wood, acacia_log, acacia_wood, stripped_acacia_log, stripped_acacia_wood, birch_log, birch_wood, stripped_birch_log, stripped_birch_wood, jungle_log, jungle_wood, stripped_jungle_log, stripped_jungle_wood, spruce_log, spruce_wood, stripped_spruce_log, stripped_spruce_wood, mangrove_log, mangrove_wood, stripped_mangrove_log, stripped_mangrove_wood, cherry_log, cherry_wood, stripped_cherry_log, stripped_cherry_wood, crimson_stem, stripped_crimson_stem, crimson_hyphae, stripped_crimson_hyphae, stripped_warped_stem, warped_hyphae, stripped_warped_hyphae]
[20:23:15] [Render thread/INFO] (smart_pick) Mapping item stripped_warped_stem with [dark_oak_log, dark_oak_wood, stripped_dark_oak_log, stripped_dark_oak_wood, oak_log, oak_wood, stripped_oak_log, stripped_oak_wood, acacia_log, acacia_wood, stripped_acacia_log, stripped_acacia_wood, birch_log, birch_wood, stripped_birch_log, stripped_birch_wood, jungle_log, jungle_wood, stripped_jungle_log, stripped_jungle_wood, spruce_log, spruce_wood, stripped_spruce_log, stripped_spruce_wood, mangrove_log, mangrove_wood, stripped_mangrove_log, stripped_mangrove_wood, cherry_log, cherry_wood, stripped_cherry_log, stripped_cherry_wood, crimson_stem, stripped_crimson_stem, crimson_hyphae, stripped_crimson_hyphae, warped_stem, warped_hyphae, stripped_warped_hyphae]
[20:23:15] [Render thread/INFO] (smart_pick) Mapping item warped_hyphae with [dark_oak_log, dark_oak_wood, stripped_dark_oak_log, stripped_dark_oak_wood, oak_log, oak_wood, stripped_oak_log, stripped_oak_wood, acacia_log, acacia_wood, stripped_acacia_log, stripped_acacia_wood, birch_log, birch_wood, stripped_birch_log, stripped_birch_wood, jungle_log, jungle_wood, stripped_jungle_log, stripped_jungle_wood, spruce_log, spruce_wood, stripped_spruce_log, stripped_spruce_wood, mangrove_log, mangrove_wood, stripped_mangrove_log, stripped_mangrove_wood, cherry_log, cherry_wood, stripped_cherry_log, stripped_cherry_wood, crimson_stem, stripped_crimson_stem, crimson_hyphae, stripped_crimson_hyphae, warped_stem, stripped_warped_stem, stripped_warped_hyphae]
[20:23:15] [Render thread/INFO] (smart_pick) Mapping item stripped_warped_hyphae with [dark_oak_log, dark_oak_wood, stripped_dark_oak_log, stripped_dark_oak_wood, oak_log, oak_wood, stripped_oak_log, stripped_oak_wood, acacia_log, acacia_wood, stripped_acacia_log, stripped_acacia_wood, birch_log, birch_wood, stripped_birch_log, stripped_birch_wood, jungle_log, jungle_wood, stripped_jungle_log, stripped_jungle_wood, spruce_log, spruce_wood, stripped_spruce_log, stripped_spruce_wood, mangrove_log, mangrove_wood, stripped_mangrove_log, stripped_mangrove_wood, cherry_log, cherry_wood, stripped_cherry_log, stripped_cherry_wood, crimson_stem, stripped_crimson_stem, crimson_hyphae, stripped_crimson_hyphae, warped_stem, stripped_warped_stem, warped_hyphae]
[20:23:15] [Render thread/INFO] (smart_pick) Recognised block tag #logs_that_burn containing [dark_oak_log, dark_oak_wood, stripped_dark_oak_log, stripped_dark_oak_wood, oak_log, oak_wood, stripped_oak_log, stripped_oak_wood, acacia_log, acacia_wood, stripped_acacia_log, stripped_acacia_wood, birch_log, birch_wood, stripped_birch_log, stripped_birch_wood, jungle_log, jungle_wood, stripped_jungle_log, stripped_jungle_wood, spruce_log, spruce_wood, stripped_spruce_log, stripped_spruce_wood, mangrove_log, mangrove_wood, stripped_mangrove_log, stripped_mangrove_wood, cherry_log, cherry_wood, stripped_cherry_log, stripped_cherry_wood]
[20:23:15] [Render thread/INFO] (smart_pick) Mapping item dark_oak_log with [dark_oak_wood, stripped_dark_oak_log, stripped_dark_oak_wood, oak_log, oak_wood, stripped_oak_log, stripped_oak_wood, acacia_log, acacia_wood, stripped_acacia_log, stripped_acacia_wood, birch_log, birch_wood, stripped_birch_log, stripped_birch_wood, jungle_log, jungle_wood, stripped_jungle_log, stripped_jungle_wood, spruce_log, spruce_wood, stripped_spruce_log, stripped_spruce_wood, mangrove_log, mangrove_wood, stripped_mangrove_log, stripped_mangrove_wood, cherry_log, cherry_wood, stripped_cherry_log, stripped_cherry_wood]
[20:23:15] [Render thread/INFO] (smart_pick) Mapping item dark_oak_wood with [dark_oak_log, stripped_dark_oak_log, stripped_dark_oak_wood, oak_log, oak_wood, stripped_oak_log, stripped_oak_wood, acacia_log, acacia_wood, stripped_acacia_log, stripped_acacia_wood, birch_log, birch_wood, stripped_birch_log, stripped_birch_wood, jungle_log, jungle_wood, stripped_jungle_log, stripped_jungle_wood, spruce_log, spruce_wood, stripped_spruce_log, stripped_spruce_wood, mangrove_log, mangrove_wood, stripped_mangrove_log, stripped_mangrove_wood, cherry_log, cherry_wood, stripped_cherry_log, stripped_cherry_wood]
[20:23:15] [Render thread/INFO] (smart_pick) Mapping item stripped_dark_oak_log with [dark_oak_log, dark_oak_wood, stripped_dark_oak_wood, oak_log, oak_wood, stripped_oak_log, stripped_oak_wood, acacia_log, acacia_wood, stripped_acacia_log, stripped_acacia_wood, birch_log, birch_wood, stripped_birch_log, stripped_birch_wood, jungle_log, jungle_wood, stripped_jungle_log, stripped_jungle_wood, spruce_log, spruce_wood, stripped_spruce_log, stripped_spruce_wood, mangrove_log, mangrove_wood, stripped_mangrove_log, stripped_mangrove_wood, cherry_log, cherry_wood, stripped_cherry_log, stripped_cherry_wood]
[20:23:15] [Render thread/INFO] (smart_pick) Mapping item stripped_dark_oak_wood with [dark_oak_log, dark_oak_wood, stripped_dark_oak_log, oak_log, oak_wood, stripped_oak_log, stripped_oak_wood, acacia_log, acacia_wood, stripped_acacia_log, stripped_acacia_wood, birch_log, birch_wood, stripped_birch_log, stripped_birch_wood, jungle_log, jungle_wood, stripped_jungle_log, stripped_jungle_wood, spruce_log, spruce_wood, stripped_spruce_log, stripped_spruce_wood, mangrove_log, mangrove_wood, stripped_mangrove_log, stripped_mangrove_wood, cherry_log, cherry_wood, stripped_cherry_log, stripped_cherry_wood]
[20:23:15] [Render thread/INFO] (smart_pick) Mapping item oak_log with [dark_oak_log, dark_oak_wood, stripped_dark_oak_log, stripped_dark_oak_wood, oak_wood, stripped_oak_log, stripped_oak_wood, acacia_log, acacia_wood, stripped_acacia_log, stripped_acacia_wood, birch_log, birch_wood, stripped_birch_log, stripped_birch_wood, jungle_log, jungle_wood, stripped_jungle_log, stripped_jungle_wood, spruce_log, spruce_wood, stripped_spruce_log, stripped_spruce_wood, mangrove_log, mangrove_wood, stripped_mangrove_log, stripped_mangrove_wood, cherry_log, cherry_wood, stripped_cherry_log, stripped_cherry_wood]
[20:23:15] [Render thread/INFO] (smart_pick) Mapping item oak_wood with [dark_oak_log, dark_oak_wood, stripped_dark_oak_log, stripped_dark_oak_wood, oak_log, stripped_oak_log, stripped_oak_wood, acacia_log, acacia_wood, stripped_acacia_log, stripped_acacia_wood, birch_log, birch_wood, stripped_birch_log, stripped_birch_wood, jungle_log, jungle_wood, stripped_jungle_log, stripped_jungle_wood, spruce_log, spruce_wood, stripped_spruce_log, stripped_spruce_wood, mangrove_log, mangrove_wood, stripped_mangrove_log, stripped_mangrove_wood, cherry_log, cherry_wood, stripped_cherry_log, stripped_cherry_wood]
[20:23:15] [Render thread/INFO] (smart_pick) Mapping item stripped_oak_log with [dark_oak_log, dark_oak_wood, stripped_dark_oak_log, stripped_dark_oak_wood, oak_log, oak_wood, stripped_oak_wood, acacia_log, acacia_wood, stripped_acacia_log, stripped_acacia_wood, birch_log, birch_wood, stripped_birch_log, stripped_birch_wood, jungle_log, jungle_wood, stripped_jungle_log, stripped_jungle_wood, spruce_log, spruce_wood, stripped_spruce_log, stripped_spruce_wood, mangrove_log, mangrove_wood, stripped_mangrove_log, stripped_mangrove_wood, cherry_log, cherry_wood, stripped_cherry_log, stripped_cherry_wood]
[20:23:15] [Render thread/INFO] (smart_pick) Mapping item stripped_oak_wood with [dark_oak_log, dark_oak_wood, stripped_dark_oak_log, stripped_dark_oak_wood, oak_log, oak_wood, stripped_oak_log, acacia_log, acacia_wood, stripped_acacia_log, stripped_acacia_wood, birch_log, birch_wood, stripped_birch_log, stripped_birch_wood, jungle_log, jungle_wood, stripped_jungle_log, stripped_jungle_wood, spruce_log, spruce_wood, stripped_spruce_log, stripped_spruce_wood, mangrove_log, mangrove_wood, stripped_mangrove_log, stripped_mangrove_wood, cherry_log, cherry_wood, stripped_cherry_log, stripped_cherry_wood]
[20:23:15] [Render thread/INFO] (smart_pick) Mapping item acacia_log with [dark_oak_log, dark_oak_wood, stripped_dark_oak_log, stripped_dark_oak_wood, oak_log, oak_wood, stripped_oak_log, stripped_oak_wood, acacia_wood, stripped_acacia_log, stripped_acacia_wood, birch_log, birch_wood, stripped_birch_log, stripped_birch_wood, jungle_log, jungle_wood, stripped_jungle_log, stripped_jungle_wood, spruce_log, spruce_wood, stripped_spruce_log, stripped_spruce_wood, mangrove_log, mangrove_wood, stripped_mangrove_log, stripped_mangrove_wood, cherry_log, cherry_wood, stripped_cherry_log, stripped_cherry_wood]
[20:23:15] [Render thread/INFO] (smart_pick) Mapping item acacia_wood with [dark_oak_log, dark_oak_wood, stripped_dark_oak_log, stripped_dark_oak_wood, oak_log, oak_wood, stripped_oak_log, stripped_oak_wood, acacia_log, stripped_acacia_log, stripped_acacia_wood, birch_log, birch_wood, stripped_birch_log, stripped_birch_wood, jungle_log, jungle_wood, stripped_jungle_log, stripped_jungle_wood, spruce_log, spruce_wood, stripped_spruce_log, stripped_spruce_wood, mangrove_log, mangrove_wood, stripped_mangrove_log, stripped_mangrove_wood, cherry_log, cherry_wood, stripped_cherry_log, stripped_cherry_wood]
[20:23:15] [Render thread/INFO] (smart_pick) Mapping item stripped_acacia_log with [dark_oak_log, dark_oak_wood, stripped_dark_oak_log, stripped_dark_oak_wood, oak_log, oak_wood, stripped_oak_log, stripped_oak_wood, acacia_log, acacia_wood, stripped_acacia_wood, birch_log, birch_wood, stripped_birch_log, stripped_birch_wood, jungle_log, jungle_wood, stripped_jungle_log, stripped_jungle_wood, spruce_log, spruce_wood, stripped_spruce_log, stripped_spruce_wood, mangrove_log, mangrove_wood, stripped_mangrove_log, stripped_mangrove_wood, cherry_log, cherry_wood, stripped_cherry_log, stripped_cherry_wood]
[20:23:15] [Render thread/INFO] (smart_pick) Mapping item stripped_acacia_wood with [dark_oak_log, dark_oak_wood, stripped_dark_oak_log, stripped_dark_oak_wood, oak_log, oak_wood, stripped_oak_log, stripped_oak_wood, acacia_log, acacia_wood, stripped_acacia_log, birch_log, birch_wood, stripped_birch_log, stripped_birch_wood, jungle_log, jungle_wood, stripped_jungle_log, stripped_jungle_wood, spruce_log, spruce_wood, stripped_spruce_log, stripped_spruce_wood, mangrove_log, mangrove_wood, stripped_mangrove_log, stripped_mangrove_wood, cherry_log, cherry_wood, stripped_cherry_log, stripped_cherry_wood]
[20:23:15] [Render thread/INFO] (smart_pick) Mapping item birch_log with [dark_oak_log, dark_oak_wood, stripped_dark_oak_log, stripped_dark_oak_wood, oak_log, oak_wood, stripped_oak_log, stripped_oak_wood, acacia_log, acacia_wood, stripped_acacia_log, stripped_acacia_wood, birch_wood, stripped_birch_log, stripped_birch_wood, jungle_log, jungle_wood, stripped_jungle_log, stripped_jungle_wood, spruce_log, spruce_wood, stripped_spruce_log, stripped_spruce_wood, mangrove_log, mangrove_wood, stripped_mangrove_log, stripped_mangrove_wood, cherry_log, cherry_wood, stripped_cherry_log, stripped_cherry_wood]
[20:23:15] [Render thread/INFO] (smart_pick) Mapping item birch_wood with [dark_oak_log, dark_oak_wood, stripped_dark_oak_log, stripped_dark_oak_wood, oak_log, oak_wood, stripped_oak_log, stripped_oak_wood, acacia_log, acacia_wood, stripped_acacia_log, stripped_acacia_wood, birch_log, stripped_birch_log, stripped_birch_wood, jungle_log, jungle_wood, stripped_jungle_log, stripped_jungle_wood, spruce_log, spruce_wood, stripped_spruce_log, stripped_spruce_wood, mangrove_log, mangrove_wood, stripped_mangrove_log, stripped_mangrove_wood, cherry_log, cherry_wood, stripped_cherry_log, stripped_cherry_wood]
[20:23:15] [Render thread/INFO] (smart_pick) Mapping item stripped_birch_log with [dark_oak_log, dark_oak_wood, stripped_dark_oak_log, stripped_dark_oak_wood, oak_log, oak_wood, stripped_oak_log, stripped_oak_wood, acacia_log, acacia_wood, stripped_acacia_log, stripped_acacia_wood, birch_log, birch_wood, stripped_birch_wood, jungle_log, jungle_wood, stripped_jungle_log, stripped_jungle_wood, spruce_log, spruce_wood, stripped_spruce_log, stripped_spruce_wood, mangrove_log, mangrove_wood, stripped_mangrove_log, stripped_mangrove_wood, cherry_log, cherry_wood, stripped_cherry_log, stripped_cherry_wood]
[20:23:15] [Render thread/INFO] (smart_pick) Mapping item stripped_birch_wood with [dark_oak_log, dark_oak_wood, stripped_dark_oak_log, stripped_dark_oak_wood, oak_log, oak_wood, stripped_oak_log, stripped_oak_wood, acacia_log, acacia_wood, stripped_acacia_log, stripped_acacia_wood, birch_log, birch_wood, stripped_birch_log, jungle_log, jungle_wood, stripped_jungle_log, stripped_jungle_wood, spruce_log, spruce_wood, stripped_spruce_log, stripped_spruce_wood, mangrove_log, mangrove_wood, stripped_mangrove_log, stripped_mangrove_wood, cherry_log, cherry_wood, stripped_cherry_log, stripped_cherry_wood]
[20:23:15] [Render thread/INFO] (smart_pick) Mapping item jungle_log with [dark_oak_log, dark_oak_wood, stripped_dark_oak_log, stripped_dark_oak_wood, oak_log, oak_wood, stripped_oak_log, stripped_oak_wood, acacia_log, acacia_wood, stripped_acacia_log, stripped_acacia_wood, birch_log, birch_wood, stripped_birch_log, stripped_birch_wood, jungle_wood, stripped_jungle_log, stripped_jungle_wood, spruce_log, spruce_wood, stripped_spruce_log, stripped_spruce_wood, mangrove_log, mangrove_wood, stripped_mangrove_log, stripped_mangrove_wood, cherry_log, cherry_wood, stripped_cherry_log, stripped_cherry_wood]
[20:23:15] [Render thread/INFO] (smart_pick) Mapping item jungle_wood with [dark_oak_log, dark_oak_wood, stripped_dark_oak_log, stripped_dark_oak_wood, oak_log, oak_wood, stripped_oak_log, stripped_oak_wood, acacia_log, acacia_wood, stripped_acacia_log, stripped_acacia_wood, birch_log, birch_wood, stripped_birch_log, stripped_birch_wood, jungle_log, stripped_jungle_log, stripped_jungle_wood, spruce_log, spruce_wood, stripped_spruce_log, stripped_spruce_wood, mangrove_log, mangrove_wood, stripped_mangrove_log, stripped_mangrove_wood, cherry_log, cherry_wood, stripped_cherry_log, stripped_cherry_wood]
[20:23:15] [Render thread/INFO] (smart_pick) Mapping item stripped_jungle_log with [dark_oak_log, dark_oak_wood, stripped_dark_oak_log, stripped_dark_oak_wood, oak_log, oak_wood, stripped_oak_log, stripped_oak_wood, acacia_log, acacia_wood, stripped_acacia_log, stripped_acacia_wood, birch_log, birch_wood, stripped_birch_log, stripped_birch_wood, jungle_log, jungle_wood, stripped_jungle_wood, spruce_log, spruce_wood, stripped_spruce_log, stripped_spruce_wood, mangrove_log, mangrove_wood, stripped_mangrove_log, stripped_mangrove_wood, cherry_log, cherry_wood, stripped_cherry_log, stripped_cherry_wood]
[20:23:15] [Render thread/INFO] (smart_pick) Mapping item stripped_jungle_wood with [dark_oak_log, dark_oak_wood, stripped_dark_oak_log, stripped_dark_oak_wood, oak_log, oak_wood, stripped_oak_log, stripped_oak_wood, acacia_log, acacia_wood, stripped_acacia_log, stripped_acacia_wood, birch_log, birch_wood, stripped_birch_log, stripped_birch_wood, jungle_log, jungle_wood, stripped_jungle_log, spruce_log, spruce_wood, stripped_spruce_log, stripped_spruce_wood, mangrove_log, mangrove_wood, stripped_mangrove_log, stripped_mangrove_wood, cherry_log, cherry_wood, stripped_cherry_log, stripped_cherry_wood]
[20:23:15] [Render thread/INFO] (smart_pick) Mapping item spruce_log with [dark_oak_log, dark_oak_wood, stripped_dark_oak_log, stripped_dark_oak_wood, oak_log, oak_wood, stripped_oak_log, stripped_oak_wood, acacia_log, acacia_wood, stripped_acacia_log, stripped_acacia_wood, birch_log, birch_wood, stripped_birch_log, stripped_birch_wood, jungle_log, jungle_wood, stripped_jungle_log, stripped_jungle_wood, spruce_wood, stripped_spruce_log, stripped_spruce_wood, mangrove_log, mangrove_wood, stripped_mangrove_log, stripped_mangrove_wood, cherry_log, cherry_wood, stripped_cherry_log, stripped_cherry_wood]
[20:23:15] [Render thread/INFO] (smart_pick) Mapping item spruce_wood with [dark_oak_log, dark_oak_wood, stripped_dark_oak_log, stripped_dark_oak_wood, oak_log, oak_wood, stripped_oak_log, stripped_oak_wood, acacia_log, acacia_wood, stripped_acacia_log, stripped_acacia_wood, birch_log, birch_wood, stripped_birch_log, stripped_birch_wood, jungle_log, jungle_wood, stripped_jungle_log, stripped_jungle_wood, spruce_log, stripped_spruce_log, stripped_spruce_wood, mangrove_log, mangrove_wood, stripped_mangrove_log, stripped_mangrove_wood, cherry_log, cherry_wood, stripped_cherry_log, stripped_cherry_wood]
[20:23:15] [Render thread/INFO] (smart_pick) Mapping item stripped_spruce_log with [dark_oak_log, dark_oak_wood, stripped_dark_oak_log, stripped_dark_oak_wood, oak_log, oak_wood, stripped_oak_log, stripped_oak_wood, acacia_log, acacia_wood, stripped_acacia_log, stripped_acacia_wood, birch_log, birch_wood, stripped_birch_log, stripped_birch_wood, jungle_log, jungle_wood, stripped_jungle_log, stripped_jungle_wood, spruce_log, spruce_wood, stripped_spruce_wood, mangrove_log, mangrove_wood, stripped_mangrove_log, stripped_mangrove_wood, cherry_log, cherry_wood, stripped_cherry_log, stripped_cherry_wood]
[20:23:15] [Render thread/INFO] (smart_pick) Mapping item stripped_spruce_wood with [dark_oak_log, dark_oak_wood, stripped_dark_oak_log, stripped_dark_oak_wood, oak_log, oak_wood, stripped_oak_log, stripped_oak_wood, acacia_log, acacia_wood, stripped_acacia_log, stripped_acacia_wood, birch_log, birch_wood, stripped_birch_log, stripped_birch_wood, jungle_log, jungle_wood, stripped_jungle_log, stripped_jungle_wood, spruce_log, spruce_wood, stripped_spruce_log, mangrove_log, mangrove_wood, stripped_mangrove_log, stripped_mangrove_wood, cherry_log, cherry_wood, stripped_cherry_log, stripped_cherry_wood]
[20:23:15] [Render thread/INFO] (smart_pick) Mapping item mangrove_log with [dark_oak_log, dark_oak_wood, stripped_dark_oak_log, stripped_dark_oak_wood, oak_log, oak_wood, stripped_oak_log, stripped_oak_wood, acacia_log, acacia_wood, stripped_acacia_log, stripped_acacia_wood, birch_log, birch_wood, stripped_birch_log, stripped_birch_wood, jungle_log, jungle_wood, stripped_jungle_log, stripped_jungle_wood, spruce_log, spruce_wood, stripped_spruce_log, stripped_spruce_wood, mangrove_wood, stripped_mangrove_log, stripped_mangrove_wood, cherry_log, cherry_wood, stripped_cherry_log, stripped_cherry_wood]
[20:23:15] [Render thread/INFO] (smart_pick) Mapping item mangrove_wood with [dark_oak_log, dark_oak_wood, stripped_dark_oak_log, stripped_dark_oak_wood, oak_log, oak_wood, stripped_oak_log, stripped_oak_wood, acacia_log, acacia_wood, stripped_acacia_log, stripped_acacia_wood, birch_log, birch_wood, stripped_birch_log, stripped_birch_wood, jungle_log, jungle_wood, stripped_jungle_log, stripped_jungle_wood, spruce_log, spruce_wood, stripped_spruce_log, stripped_spruce_wood, mangrove_log, stripped_mangrove_log, stripped_mangrove_wood, cherry_log, cherry_wood, stripped_cherry_log, stripped_cherry_wood]
[20:23:15] [Render thread/INFO] (smart_pick) Mapping item stripped_mangrove_log with [dark_oak_log, dark_oak_wood, stripped_dark_oak_log, stripped_dark_oak_wood, oak_log, oak_wood, stripped_oak_log, stripped_oak_wood, acacia_log, acacia_wood, stripped_acacia_log, stripped_acacia_wood, birch_log, birch_wood, stripped_birch_log, stripped_birch_wood, jungle_log, jungle_wood, stripped_jungle_log, stripped_jungle_wood, spruce_log, spruce_wood, stripped_spruce_log, stripped_spruce_wood, mangrove_log, mangrove_wood, stripped_mangrove_wood, cherry_log, cherry_wood, stripped_cherry_log, stripped_cherry_wood]
[20:23:15] [Render thread/INFO] (smart_pick) Mapping item stripped_mangrove_wood with [dark_oak_log, dark_oak_wood, stripped_dark_oak_log, stripped_dark_oak_wood, oak_log, oak_wood, stripped_oak_log, stripped_oak_wood, acacia_log, acacia_wood, stripped_acacia_log, stripped_acacia_wood, birch_log, birch_wood, stripped_birch_log, stripped_birch_wood, jungle_log, jungle_wood, stripped_jungle_log, stripped_jungle_wood, spruce_log, spruce_wood, stripped_spruce_log, stripped_spruce_wood, mangrove_log, mangrove_wood, stripped_mangrove_log, cherry_log, cherry_wood, stripped_cherry_log, stripped_cherry_wood]
[20:23:15] [Render thread/INFO] (smart_pick) Mapping item cherry_log with [dark_oak_log, dark_oak_wood, stripped_dark_oak_log, stripped_dark_oak_wood, oak_log, oak_wood, stripped_oak_log, stripped_oak_wood, acacia_log, acacia_wood, stripped_acacia_log, stripped_acacia_wood, birch_log, birch_wood, stripped_birch_log, stripped_birch_wood, jungle_log, jungle_wood, stripped_jungle_log, stripped_jungle_wood, spruce_log, spruce_wood, stripped_spruce_log, stripped_spruce_wood, mangrove_log, mangrove_wood, stripped_mangrove_log, stripped_mangrove_wood, cherry_wood, stripped_cherry_log, stripped_cherry_wood]
[20:23:15] [Render thread/INFO] (smart_pick) Mapping item cherry_wood with [dark_oak_log, dark_oak_wood, stripped_dark_oak_log, stripped_dark_oak_wood, oak_log, oak_wood, stripped_oak_log, stripped_oak_wood, acacia_log, acacia_wood, stripped_acacia_log, stripped_acacia_wood, birch_log, birch_wood, stripped_birch_log, stripped_birch_wood, jungle_log, jungle_wood, stripped_jungle_log, stripped_jungle_wood, spruce_log, spruce_wood, stripped_spruce_log, stripped_spruce_wood, mangrove_log, mangrove_wood, stripped_mangrove_log, stripped_mangrove_wood, cherry_log, stripped_cherry_log, stripped_cherry_wood]
[20:23:15] [Render thread/INFO] (smart_pick) Mapping item stripped_cherry_log with [dark_oak_log, dark_oak_wood, stripped_dark_oak_log, stripped_dark_oak_wood, oak_log, oak_wood, stripped_oak_log, stripped_oak_wood, acacia_log, acacia_wood, stripped_acacia_log, stripped_acacia_wood, birch_log, birch_wood, stripped_birch_log, stripped_birch_wood, jungle_log, jungle_wood, stripped_jungle_log, stripped_jungle_wood, spruce_log, spruce_wood, stripped_spruce_log, stripped_spruce_wood, mangrove_log, mangrove_wood, stripped_mangrove_log, stripped_mangrove_wood, cherry_log, cherry_wood, stripped_cherry_wood]
[20:23:15] [Render thread/INFO] (smart_pick) Mapping item stripped_cherry_wood with [dark_oak_log, dark_oak_wood, stripped_dark_oak_log, stripped_dark_oak_wood, oak_log, oak_wood, stripped_oak_log, stripped_oak_wood, acacia_log, acacia_wood, stripped_acacia_log, stripped_acacia_wood, birch_log, birch_wood, stripped_birch_log, stripped_birch_wood, jungle_log, jungle_wood, stripped_jungle_log, stripped_jungle_wood, spruce_log, spruce_wood, stripped_spruce_log, stripped_spruce_wood, mangrove_log, mangrove_wood, stripped_mangrove_log, stripped_mangrove_wood, cherry_log, cherry_wood, stripped_cherry_log]
[20:23:15] [Render thread/INFO] (smart_pick) Recognised block tag #planks containing [oak_planks, spruce_planks, birch_planks, jungle_planks, acacia_planks, dark_oak_planks, crimson_planks, warped_planks, mangrove_planks, bamboo_planks, cherry_planks]
[20:23:15] [Render thread/INFO] (smart_pick) Mapping item oak_planks with [spruce_planks, birch_planks, jungle_planks, acacia_planks, dark_oak_planks, crimson_planks, warped_planks, mangrove_planks, bamboo_planks, cherry_planks]
[20:23:15] [Render thread/INFO] (smart_pick) Mapping item spruce_planks with [oak_planks, birch_planks, jungle_planks, acacia_planks, dark_oak_planks, crimson_planks, warped_planks, mangrove_planks, bamboo_planks, cherry_planks]
[20:23:15] [Render thread/INFO] (smart_pick) Mapping item birch_planks with [oak_planks, spruce_planks, jungle_planks, acacia_planks, dark_oak_planks, crimson_planks, warped_planks, mangrove_planks, bamboo_planks, cherry_planks]
[20:23:15] [Render thread/INFO] (smart_pick) Mapping item jungle_planks with [oak_planks, spruce_planks, birch_planks, acacia_planks, dark_oak_planks, crimson_planks, warped_planks, mangrove_planks, bamboo_planks, cherry_planks]
[20:23:15] [Render thread/INFO] (smart_pick) Mapping item acacia_planks with [oak_planks, spruce_planks, birch_planks, jungle_planks, dark_oak_planks, crimson_planks, warped_planks, mangrove_planks, bamboo_planks, cherry_planks]
[20:23:15] [Render thread/INFO] (smart_pick) Mapping item dark_oak_planks with [oak_planks, spruce_planks, birch_planks, jungle_planks, acacia_planks, crimson_planks, warped_planks, mangrove_planks, bamboo_planks, cherry_planks]
[20:23:15] [Render thread/INFO] (smart_pick) Mapping item crimson_planks with [oak_planks, spruce_planks, birch_planks, jungle_planks, acacia_planks, dark_oak_planks, warped_planks, mangrove_planks, bamboo_planks, cherry_planks]
[20:23:15] [Render thread/INFO] (smart_pick) Mapping item warped_planks with [oak_planks, spruce_planks, birch_planks, jungle_planks, acacia_planks, dark_oak_planks, crimson_planks, mangrove_planks, bamboo_planks, cherry_planks]
[20:23:15] [Render thread/INFO] (smart_pick) Mapping item mangrove_planks with [oak_planks, spruce_planks, birch_planks, jungle_planks, acacia_planks, dark_oak_planks, crimson_planks, warped_planks, bamboo_planks, cherry_planks]
[20:23:15] [Render thread/INFO] (smart_pick) Mapping item bamboo_planks with [oak_planks, spruce_planks, birch_planks, jungle_planks, acacia_planks, dark_oak_planks, crimson_planks, warped_planks, mangrove_planks, cherry_planks]
[20:23:15] [Render thread/INFO] (smart_pick) Mapping item cherry_planks with [oak_planks, spruce_planks, birch_planks, jungle_planks, acacia_planks, dark_oak_planks, crimson_planks, warped_planks, mangrove_planks, bamboo_planks]
[20:23:15] [Render thread/INFO] (smart_pick) Recognised block tag #wooden_slabs containing [oak_slab, spruce_slab, birch_slab, jungle_slab, acacia_slab, dark_oak_slab, crimson_slab, warped_slab, mangrove_slab, bamboo_slab, cherry_slab]
[20:23:15] [Render thread/INFO] (smart_pick) Mapping item oak_slab with [spruce_slab, birch_slab, jungle_slab, acacia_slab, dark_oak_slab, crimson_slab, warped_slab, mangrove_slab, bamboo_slab, cherry_slab]
[20:23:15] [Render thread/INFO] (smart_pick) Mapping item spruce_slab with [oak_slab, birch_slab, jungle_slab, acacia_slab, dark_oak_slab, crimson_slab, warped_slab, mangrove_slab, bamboo_slab, cherry_slab]
[20:23:15] [Render thread/INFO] (smart_pick) Mapping item birch_slab with [oak_slab, spruce_slab, jungle_slab, acacia_slab, dark_oak_slab, crimson_slab, warped_slab, mangrove_slab, bamboo_slab, cherry_slab]
[20:23:15] [Render thread/INFO] (smart_pick) Mapping item jungle_slab with [oak_slab, spruce_slab, birch_slab, acacia_slab, dark_oak_slab, crimson_slab, warped_slab, mangrove_slab, bamboo_slab, cherry_slab]
[20:23:15] [Render thread/INFO] (smart_pick) Mapping item acacia_slab with [oak_slab, spruce_slab, birch_slab, jungle_slab, dark_oak_slab, crimson_slab, warped_slab, mangrove_slab, bamboo_slab, cherry_slab]
[20:23:15] [Render thread/INFO] (smart_pick) Mapping item dark_oak_slab with [oak_slab, spruce_slab, birch_slab, jungle_slab, acacia_slab, crimson_slab, warped_slab, mangrove_slab, bamboo_slab, cherry_slab]
[20:23:15] [Render thread/INFO] (smart_pick) Mapping item crimson_slab with [oak_slab, spruce_slab, birch_slab, jungle_slab, acacia_slab, dark_oak_slab, warped_slab, mangrove_slab, bamboo_slab, cherry_slab]
[20:23:15] [Render thread/INFO] (smart_pick) Mapping item warped_slab with [oak_slab, spruce_slab, birch_slab, jungle_slab, acacia_slab, dark_oak_slab, crimson_slab, mangrove_slab, bamboo_slab, cherry_slab]
[20:23:15] [Render thread/INFO] (smart_pick) Mapping item mangrove_slab with [oak_slab, spruce_slab, birch_slab, jungle_slab, acacia_slab, dark_oak_slab, crimson_slab, warped_slab, bamboo_slab, cherry_slab]
[20:23:15] [Render thread/INFO] (smart_pick) Mapping item bamboo_slab with [oak_slab, spruce_slab, birch_slab, jungle_slab, acacia_slab, dark_oak_slab, crimson_slab, warped_slab, mangrove_slab, cherry_slab]
[20:23:15] [Render thread/INFO] (smart_pick) Mapping item cherry_slab with [oak_slab, spruce_slab, birch_slab, jungle_slab, acacia_slab, dark_oak_slab, crimson_slab, warped_slab, mangrove_slab, bamboo_slab]
[20:23:15] [Render thread/INFO] (smart_pick) Recognised block tag #wooden_stairs containing [oak_stairs, spruce_stairs, birch_stairs, jungle_stairs, acacia_stairs, dark_oak_stairs, crimson_stairs, warped_stairs, mangrove_stairs, bamboo_stairs, cherry_stairs]
[20:23:15] [Render thread/INFO] (smart_pick) Mapping item oak_stairs with [spruce_stairs, birch_stairs, jungle_stairs, acacia_stairs, dark_oak_stairs, crimson_stairs, warped_stairs, mangrove_stairs, bamboo_stairs, cherry_stairs]
[20:23:15] [Render thread/INFO] (smart_pick) Mapping item spruce_stairs with [oak_stairs, birch_stairs, jungle_stairs, acacia_stairs, dark_oak_stairs, crimson_stairs, warped_stairs, mangrove_stairs, bamboo_stairs, cherry_stairs]
[20:23:15] [Render thread/INFO] (smart_pick) Mapping item birch_stairs with [oak_stairs, spruce_stairs, jungle_stairs, acacia_stairs, dark_oak_stairs, crimson_stairs, warped_stairs, mangrove_stairs, bamboo_stairs, cherry_stairs]
[20:23:15] [Render thread/INFO] (smart_pick) Mapping item jungle_stairs with [oak_stairs, spruce_stairs, birch_stairs, acacia_stairs, dark_oak_stairs, crimson_stairs, warped_stairs, mangrove_stairs, bamboo_stairs, cherry_stairs]
[20:23:15] [Render thread/INFO] (smart_pick) Mapping item acacia_stairs with [oak_stairs, spruce_stairs, birch_stairs, jungle_stairs, dark_oak_stairs, crimson_stairs, warped_stairs, mangrove_stairs, bamboo_stairs, cherry_stairs]
[20:23:15] [Render thread/INFO] (smart_pick) Mapping item dark_oak_stairs with [oak_stairs, spruce_stairs, birch_stairs, jungle_stairs, acacia_stairs, crimson_stairs, warped_stairs, mangrove_stairs, bamboo_stairs, cherry_stairs]
[20:23:15] [Render thread/INFO] (smart_pick) Mapping item crimson_stairs with [oak_stairs, spruce_stairs, birch_stairs, jungle_stairs, acacia_stairs, dark_oak_stairs, warped_stairs, mangrove_stairs, bamboo_stairs, cherry_stairs]
[20:23:15] [Render thread/INFO] (smart_pick) Mapping item warped_stairs with [oak_stairs, spruce_stairs, birch_stairs, jungle_stairs, acacia_stairs, dark_oak_stairs, crimson_stairs, mangrove_stairs, bamboo_stairs, cherry_stairs]
[20:23:15] [Render thread/INFO] (smart_pick) Mapping item mangrove_stairs with [oak_stairs, spruce_stairs, birch_stairs, jungle_stairs, acacia_stairs, dark_oak_stairs, crimson_stairs, warped_stairs, bamboo_stairs, cherry_stairs]
[20:23:15] [Render thread/INFO] (smart_pick) Mapping item bamboo_stairs with [oak_stairs, spruce_stairs, birch_stairs, jungle_stairs, acacia_stairs, dark_oak_stairs, crimson_stairs, warped_stairs, mangrove_stairs, cherry_stairs]
[20:23:15] [Render thread/INFO] (smart_pick) Mapping item cherry_stairs with [oak_stairs, spruce_stairs, birch_stairs, jungle_stairs, acacia_stairs, dark_oak_stairs, crimson_stairs, warped_stairs, mangrove_stairs, bamboo_stairs]
[20:23:15] [Render thread/INFO] (smart_pick) Recognised block tag #wooden_fences containing [oak_fence, acacia_fence, dark_oak_fence, spruce_fence, birch_fence, jungle_fence, crimson_fence, warped_fence, mangrove_fence, bamboo_fence, cherry_fence]
[20:23:15] [Render thread/INFO] (smart_pick) Mapping item oak_fence with [acacia_fence, dark_oak_fence, spruce_fence, birch_fence, jungle_fence, crimson_fence, warped_fence, mangrove_fence, bamboo_fence, cherry_fence]
[20:23:15] [Render thread/INFO] (smart_pick) Mapping item acacia_fence with [oak_fence, dark_oak_fence, spruce_fence, birch_fence, jungle_fence, crimson_fence, warped_fence, mangrove_fence, bamboo_fence, cherry_fence]
[20:23:15] [Render thread/INFO] (smart_pick) Mapping item dark_oak_fence with [oak_fence, acacia_fence, spruce_fence, birch_fence, jungle_fence, crimson_fence, warped_fence, mangrove_fence, bamboo_fence, cherry_fence]
[20:23:15] [Render thread/INFO] (smart_pick) Mapping item spruce_fence with [oak_fence, acacia_fence, dark_oak_fence, birch_fence, jungle_fence, crimson_fence, warped_fence, mangrove_fence, bamboo_fence, cherry_fence]
[20:23:15] [Render thread/INFO] (smart_pick) Mapping item birch_fence with [oak_fence, acacia_fence, dark_oak_fence, spruce_fence, jungle_fence, crimson_fence, warped_fence, mangrove_fence, bamboo_fence, cherry_fence]
[20:23:15] [Render thread/INFO] (smart_pick) Mapping item jungle_fence with [oak_fence, acacia_fence, dark_oak_fence, spruce_fence, birch_fence, crimson_fence, warped_fence, mangrove_fence, bamboo_fence, cherry_fence]
[20:23:15] [Render thread/INFO] (smart_pick) Mapping item crimson_fence with [oak_fence, acacia_fence, dark_oak_fence, spruce_fence, birch_fence, jungle_fence, warped_fence, mangrove_fence, bamboo_fence, cherry_fence]
[20:23:15] [Render thread/INFO] (smart_pick) Mapping item warped_fence with [oak_fence, acacia_fence, dark_oak_fence, spruce_fence, birch_fence, jungle_fence, crimson_fence, mangrove_fence, bamboo_fence, cherry_fence]
[20:23:15] [Render thread/INFO] (smart_pick) Mapping item mangrove_fence with [oak_fence, acacia_fence, dark_oak_fence, spruce_fence, birch_fence, jungle_fence, crimson_fence, warped_fence, bamboo_fence, cherry_fence]
[20:23:15] [Render thread/INFO] (smart_pick) Mapping item bamboo_fence with [oak_fence, acacia_fence, dark_oak_fence, spruce_fence, birch_fence, jungle_fence, crimson_fence, warped_fence, mangrove_fence, cherry_fence]
[20:23:15] [Render thread/INFO] (smart_pick) Mapping item cherry_fence with [oak_fence, acacia_fence, dark_oak_fence, spruce_fence, birch_fence, jungle_fence, crimson_fence, warped_fence, mangrove_fence, bamboo_fence]
[20:23:15] [Render thread/INFO] (smart_pick) Recognised block tag #wooden_buttons containing [oak_button, spruce_button, birch_button, jungle_button, acacia_button, dark_oak_button, crimson_button, warped_button, mangrove_button, bamboo_button, cherry_button]
[20:23:15] [Render thread/INFO] (smart_pick) Mapping item oak_button with [spruce_button, birch_button, jungle_button, acacia_button, dark_oak_button, crimson_button, warped_button, mangrove_button, bamboo_button, cherry_button]
[20:23:15] [Render thread/INFO] (smart_pick) Mapping item spruce_button with [oak_button, birch_button, jungle_button, acacia_button, dark_oak_button, crimson_button, warped_button, mangrove_button, bamboo_button, cherry_button]
[20:23:15] [Render thread/INFO] (smart_pick) Mapping item birch_button with [oak_button, spruce_button, jungle_button, acacia_button, dark_oak_button, crimson_button, warped_button, mangrove_button, bamboo_button, cherry_button]
[20:23:15] [Render thread/INFO] (smart_pick) Mapping item jungle_button with [oak_button, spruce_button, birch_button, acacia_button, dark_oak_button, crimson_button, warped_button, mangrove_button, bamboo_button, cherry_button]
[20:23:15] [Render thread/INFO] (smart_pick) Mapping item acacia_button with [oak_button, spruce_button, birch_button, jungle_button, dark_oak_button, crimson_button, warped_button, mangrove_button, bamboo_button, cherry_button]
[20:23:15] [Render thread/INFO] (smart_pick) Mapping item dark_oak_button with [oak_button, spruce_button, birch_button, jungle_button, acacia_button, crimson_button, warped_button, mangrove_button, bamboo_button, cherry_button]
[20:23:15] [Render thread/INFO] (smart_pick) Mapping item crimson_button with [oak_button, spruce_button, birch_button, jungle_button, acacia_button, dark_oak_button, warped_button, mangrove_button, bamboo_button, cherry_button]
[20:23:15] [Render thread/INFO] (smart_pick) Mapping item warped_button with [oak_button, spruce_button, birch_button, jungle_button, acacia_button, dark_oak_button, crimson_button, mangrove_button, bamboo_button, cherry_button]
[20:23:15] [Render thread/INFO] (smart_pick) Mapping item mangrove_button with [oak_button, spruce_button, birch_button, jungle_button, acacia_button, dark_oak_button, crimson_button, warped_button, bamboo_button, cherry_button]
[20:23:15] [Render thread/INFO] (smart_pick) Mapping item bamboo_button with [oak_button, spruce_button, birch_button, jungle_button, acacia_button, dark_oak_button, crimson_button, warped_button, mangrove_button, cherry_button]
[20:23:15] [Render thread/INFO] (smart_pick) Mapping item cherry_button with [oak_button, spruce_button, birch_button, jungle_button, acacia_button, dark_oak_button, crimson_button, warped_button, mangrove_button, bamboo_button]
[20:23:15] [Render thread/INFO] (smart_pick) Recognised block tag #wooden_doors containing [oak_door, spruce_door, birch_door, jungle_door, acacia_door, dark_oak_door, crimson_door, warped_door, mangrove_door, bamboo_door, cherry_door]
[20:23:15] [Render thread/INFO] (smart_pick) Mapping item oak_door with [spruce_door, birch_door, jungle_door, acacia_door, dark_oak_door, crimson_door, warped_door, mangrove_door, bamboo_door, cherry_door]
[20:23:15] [Render thread/INFO] (smart_pick) Mapping item spruce_door with [oak_door, birch_door, jungle_door, acacia_door, dark_oak_door, crimson_door, warped_door, mangrove_door, bamboo_door, cherry_door]
[20:23:15] [Render thread/INFO] (smart_pick) Mapping item birch_door with [oak_door, spruce_door, jungle_door, acacia_door, dark_oak_door, crimson_door, warped_door, mangrove_door, bamboo_door, cherry_door]
[20:23:15] [Render thread/INFO] (smart_pick) Mapping item jungle_door with [oak_door, spruce_door, birch_door, acacia_door, dark_oak_door, crimson_door, warped_door, mangrove_door, bamboo_door, cherry_door]
[20:23:15] [Render thread/INFO] (smart_pick) Mapping item acacia_door with [oak_door, spruce_door, birch_door, jungle_door, dark_oak_door, crimson_door, warped_door, mangrove_door, bamboo_door, cherry_door]
[20:23:15] [Render thread/INFO] (smart_pick) Mapping item dark_oak_door with [oak_door, spruce_door, birch_door, jungle_door, acacia_door, crimson_door, warped_door, mangrove_door, bamboo_door, cherry_door]
[20:23:15] [Render thread/INFO] (smart_pick) Mapping item crimson_door with [oak_door, spruce_door, birch_door, jungle_door, acacia_door, dark_oak_door, warped_door, mangrove_door, bamboo_door, cherry_door]
[20:23:15] [Render thread/INFO] (smart_pick) Mapping item warped_door with [oak_door, spruce_door, birch_door, jungle_door, acacia_door, dark_oak_door, crimson_door, mangrove_door, bamboo_door, cherry_door]
[20:23:15] [Render thread/INFO] (smart_pick) Mapping item mangrove_door with [oak_door, spruce_door, birch_door, jungle_door, acacia_door, dark_oak_door, crimson_door, warped_door, bamboo_door, cherry_door]
[20:23:15] [Render thread/INFO] (smart_pick) Mapping item bamboo_door with [oak_door, spruce_door, birch_door, jungle_door, acacia_door, dark_oak_door, crimson_door, warped_door, mangrove_door, cherry_door]
[20:23:15] [Render thread/INFO] (smart_pick) Mapping item cherry_door with [oak_door, spruce_door, birch_door, jungle_door, acacia_door, dark_oak_door, crimson_door, warped_door, mangrove_door, bamboo_door]
[20:23:15] [Render thread/INFO] (smart_pick) Recognised block tag #wooden_trapdoors containing [acacia_trapdoor, birch_trapdoor, dark_oak_trapdoor, jungle_trapdoor, oak_trapdoor, spruce_trapdoor, crimson_trapdoor, warped_trapdoor, mangrove_trapdoor, bamboo_trapdoor, cherry_trapdoor]
[20:23:15] [Render thread/INFO] (smart_pick) Mapping item acacia_trapdoor with [birch_trapdoor, dark_oak_trapdoor, jungle_trapdoor, oak_trapdoor, spruce_trapdoor, crimson_trapdoor, warped_trapdoor, mangrove_trapdoor, bamboo_trapdoor, cherry_trapdoor]
[20:23:15] [Render thread/INFO] (smart_pick) Mapping item birch_trapdoor with [acacia_trapdoor, dark_oak_trapdoor, jungle_trapdoor, oak_trapdoor, spruce_trapdoor, crimson_trapdoor, warped_trapdoor, mangrove_trapdoor, bamboo_trapdoor, cherry_trapdoor]
[20:23:15] [Render thread/INFO] (smart_pick) Mapping item dark_oak_trapdoor with [acacia_trapdoor, birch_trapdoor, jungle_trapdoor, oak_trapdoor, spruce_trapdoor, crimson_trapdoor, warped_trapdoor, mangrove_trapdoor, bamboo_trapdoor, cherry_trapdoor]
[20:23:15] [Render thread/INFO] (smart_pick) Mapping item jungle_trapdoor with [acacia_trapdoor, birch_trapdoor, dark_oak_trapdoor, oak_trapdoor, spruce_trapdoor, crimson_trapdoor, warped_trapdoor, mangrove_trapdoor, bamboo_trapdoor, cherry_trapdoor]
[20:23:15] [Render thread/INFO] (smart_pick) Mapping item oak_trapdoor with [acacia_trapdoor, birch_trapdoor, dark_oak_trapdoor, jungle_trapdoor, spruce_trapdoor, crimson_trapdoor, warped_trapdoor, mangrove_trapdoor, bamboo_trapdoor, cherry_trapdoor]
[20:23:15] [Render thread/INFO] (smart_pick) Mapping item spruce_trapdoor with [acacia_trapdoor, birch_trapdoor, dark_oak_trapdoor, jungle_trapdoor, oak_trapdoor, crimson_trapdoor, warped_trapdoor, mangrove_trapdoor, bamboo_trapdoor, cherry_trapdoor]
[20:23:15] [Render thread/INFO] (smart_pick) Mapping item crimson_trapdoor with [acacia_trapdoor, birch_trapdoor, dark_oak_trapdoor, jungle_trapdoor, oak_trapdoor, spruce_trapdoor, warped_trapdoor, mangrove_trapdoor, bamboo_trapdoor, cherry_trapdoor]
[20:23:15] [Render thread/INFO] (smart_pick) Mapping item warped_trapdoor with [acacia_trapdoor, birch_trapdoor, dark_oak_trapdoor, jungle_trapdoor, oak_trapdoor, spruce_trapdoor, crimson_trapdoor, mangrove_trapdoor, bamboo_trapdoor, cherry_trapdoor]
[20:23:15] [Render thread/INFO] (smart_pick) Mapping item mangrove_trapdoor with [acacia_trapdoor, birch_trapdoor, dark_oak_trapdoor, jungle_trapdoor, oak_trapdoor, spruce_trapdoor, crimson_trapdoor, warped_trapdoor, bamboo_trapdoor, cherry_trapdoor]
[20:23:15] [Render thread/INFO] (smart_pick) Mapping item bamboo_trapdoor with [acacia_trapdoor, birch_trapdoor, dark_oak_trapdoor, jungle_trapdoor, oak_trapdoor, spruce_trapdoor, crimson_trapdoor, warped_trapdoor, mangrove_trapdoor, cherry_trapdoor]
[20:23:15] [Render thread/INFO] (smart_pick) Mapping item cherry_trapdoor with [acacia_trapdoor, birch_trapdoor, dark_oak_trapdoor, jungle_trapdoor, oak_trapdoor, spruce_trapdoor, crimson_trapdoor, warped_trapdoor, mangrove_trapdoor, bamboo_trapdoor]
[20:23:15] [Render thread/INFO] (smart_pick) Recognised block tag #wooden_pressure_plates containing [oak_pressure_plate, spruce_pressure_plate, birch_pressure_plate, jungle_pressure_plate, acacia_pressure_plate, dark_oak_pressure_plate, crimson_pressure_plate, warped_pressure_plate, mangrove_pressure_plate, bamboo_pressure_plate, cherry_pressure_plate]
[20:23:15] [Render thread/INFO] (smart_pick) Mapping item oak_pressure_plate with [spruce_pressure_plate, birch_pressure_plate, jungle_pressure_plate, acacia_pressure_plate, dark_oak_pressure_plate, crimson_pressure_plate, warped_pressure_plate, mangrove_pressure_plate, bamboo_pressure_plate, cherry_pressure_plate]
[20:23:15] [Render thread/INFO] (smart_pick) Mapping item spruce_pressure_plate with [oak_pressure_plate, birch_pressure_plate, jungle_pressure_plate, acacia_pressure_plate, dark_oak_pressure_plate, crimson_pressure_plate, warped_pressure_plate, mangrove_pressure_plate, bamboo_pressure_plate, cherry_pressure_plate]
[20:23:15] [Render thread/INFO] (smart_pick) Mapping item birch_pressure_plate with [oak_pressure_plate, spruce_pressure_plate, jungle_pressure_plate, acacia_pressure_plate, dark_oak_pressure_plate, crimson_pressure_plate, warped_pressure_plate, mangrove_pressure_plate, bamboo_pressure_plate, cherry_pressure_plate]
[20:23:15] [Render thread/INFO] (smart_pick) Mapping item jungle_pressure_plate with [oak_pressure_plate, spruce_pressure_plate, birch_pressure_plate, acacia_pressure_plate, dark_oak_pressure_plate, crimson_pressure_plate, warped_pressure_plate, mangrove_pressure_plate, bamboo_pressure_plate, cherry_pressure_plate]
[20:23:15] [Render thread/INFO] (smart_pick) Mapping item acacia_pressure_plate with [oak_pressure_plate, spruce_pressure_plate, birch_pressure_plate, jungle_pressure_plate, dark_oak_pressure_plate, crimson_pressure_plate, warped_pressure_plate, mangrove_pressure_plate, bamboo_pressure_plate, cherry_pressure_plate]
[20:23:15] [Render thread/INFO] (smart_pick) Mapping item dark_oak_pressure_plate with [oak_pressure_plate, spruce_pressure_plate, birch_pressure_plate, jungle_pressure_plate, acacia_pressure_plate, crimson_pressure_plate, warped_pressure_plate, mangrove_pressure_plate, bamboo_pressure_plate, cherry_pressure_plate]
[20:23:15] [Render thread/INFO] (smart_pick) Mapping item crimson_pressure_plate with [oak_pressure_plate, spruce_pressure_plate, birch_pressure_plate, jungle_pressure_plate, acacia_pressure_plate, dark_oak_pressure_plate, warped_pressure_plate, mangrove_pressure_plate, bamboo_pressure_plate, cherry_pressure_plate]
[20:23:15] [Render thread/INFO] (smart_pick) Mapping item warped_pressure_plate with [oak_pressure_plate, spruce_pressure_plate, birch_pressure_plate, jungle_pressure_plate, acacia_pressure_plate, dark_oak_pressure_plate, crimson_pressure_plate, mangrove_pressure_plate, bamboo_pressure_plate, cherry_pressure_plate]
[20:23:15] [Render thread/INFO] (smart_pick) Mapping item mangrove_pressure_plate with [oak_pressure_plate, spruce_pressure_plate, birch_pressure_plate, jungle_pressure_plate, acacia_pressure_plate, dark_oak_pressure_plate, crimson_pressure_plate, warped_pressure_plate, bamboo_pressure_plate, cherry_pressure_plate]
[20:23:15] [Render thread/INFO] (smart_pick) Mapping item bamboo_pressure_plate with [oak_pressure_plate, spruce_pressure_plate, birch_pressure_plate, jungle_pressure_plate, acacia_pressure_plate, dark_oak_pressure_plate, crimson_pressure_plate, warped_pressure_plate, mangrove_pressure_plate, cherry_pressure_plate]
[20:23:15] [Render thread/INFO] (smart_pick) Mapping item cherry_pressure_plate with [oak_pressure_plate, spruce_pressure_plate, birch_pressure_plate, jungle_pressure_plate, acacia_pressure_plate, dark_oak_pressure_plate, crimson_pressure_plate, warped_pressure_plate, mangrove_pressure_plate, bamboo_pressure_plate]
[20:23:15] [Render thread/INFO] (smart_pick) Recognised block tag #stone containing []
[20:23:15] [Render thread/INFO] (smart_pick) Recognised block tag #stone_slabs containing []
[20:23:15] [Render thread/INFO] (smart_pick) Recognised block tag #stone_buttons containing [stone_button, polished_blackstone_button]
[20:23:15] [Render thread/INFO] (smart_pick) Mapping item stone_button with [polished_blackstone_button]
[20:23:15] [Render thread/INFO] (smart_pick) Mapping item polished_blackstone_button with [stone_button]
[20:23:15] [Render thread/INFO] (smart_pick) Recognised block tag #stone_stairs containing []
[20:23:15] [Render thread/INFO] (smart_pick) Recognised block tag #stone_pressure_plates containing [stone_pressure_plate, polished_blackstone_pressure_plate]
[20:23:15] [Render thread/INFO] (smart_pick) Mapping item stone_pressure_plate with [polished_blackstone_pressure_plate]
[20:23:15] [Render thread/INFO] (smart_pick) Mapping item polished_blackstone_pressure_plate with [stone_pressure_plate]
[20:23:15] [Render thread/INFO] (smart_pick) Recognised block tag #stone_bricks containing [stone_bricks, mossy_stone_bricks, cracked_stone_bricks, chiseled_stone_bricks]
[20:23:15] [Render thread/INFO] (smart_pick) Mapping item stone_bricks with [mossy_stone_bricks, cracked_stone_bricks, chiseled_stone_bricks]
[20:23:15] [Render thread/INFO] (smart_pick) Mapping item mossy_stone_bricks with [stone_bricks, cracked_stone_bricks, chiseled_stone_bricks]
[20:23:15] [Render thread/INFO] (smart_pick) Mapping item cracked_stone_bricks with [stone_bricks, mossy_stone_bricks, chiseled_stone_bricks]
[20:23:15] [Render thread/INFO] (smart_pick) Mapping item chiseled_stone_bricks with [stone_bricks, mossy_stone_bricks, cracked_stone_bricks]
[20:23:15] [Render thread/INFO] (smart_pick) Recognised block tag #walls containing [cobblestone_wall, mossy_cobblestone_wall, brick_wall, prismarine_wall, red_sandstone_wall, mossy_stone_brick_wall, granite_wall, stone_brick_wall, nether_brick_wall, andesite_wall, red_nether_brick_wall, sandstone_wall, end_stone_brick_wall, diorite_wall, blackstone_wall, polished_blackstone_brick_wall, polished_blackstone_wall, cobbled_deepslate_wall, polished_deepslate_wall, deepslate_tile_wall, deepslate_brick_wall, mud_brick_wall]
[20:23:15] [Render thread/INFO] (smart_pick) Mapping item cobblestone_wall with [mossy_cobblestone_wall, brick_wall, prismarine_wall, red_sandstone_wall, mossy_stone_brick_wall, granite_wall, stone_brick_wall, nether_brick_wall, andesite_wall, red_nether_brick_wall, sandstone_wall, end_stone_brick_wall, diorite_wall, blackstone_wall, polished_blackstone_brick_wall, polished_blackstone_wall, cobbled_deepslate_wall, polished_deepslate_wall, deepslate_tile_wall, deepslate_brick_wall, mud_brick_wall]
[20:23:15] [Render thread/INFO] (smart_pick) Mapping item mossy_cobblestone_wall with [cobblestone_wall, brick_wall, prismarine_wall, red_sandstone_wall, mossy_stone_brick_wall, granite_wall, stone_brick_wall, nether_brick_wall, andesite_wall, red_nether_brick_wall, sandstone_wall, end_stone_brick_wall, diorite_wall, blackstone_wall, polished_blackstone_brick_wall, polished_blackstone_wall, cobbled_deepslate_wall, polished_deepslate_wall, deepslate_tile_wall, deepslate_brick_wall, mud_brick_wall]
[20:23:15] [Render thread/INFO] (smart_pick) Mapping item brick_wall with [cobblestone_wall, mossy_cobblestone_wall, prismarine_wall, red_sandstone_wall, mossy_stone_brick_wall, granite_wall, stone_brick_wall, nether_brick_wall, andesite_wall, red_nether_brick_wall, sandstone_wall, end_stone_brick_wall, diorite_wall, blackstone_wall, polished_blackstone_brick_wall, polished_blackstone_wall, cobbled_deepslate_wall, polished_deepslate_wall, deepslate_tile_wall, deepslate_brick_wall, mud_brick_wall]
[20:23:15] [Render thread/INFO] (smart_pick) Mapping item prismarine_wall with [cobblestone_wall, mossy_cobblestone_wall, brick_wall, red_sandstone_wall, mossy_stone_brick_wall, granite_wall, stone_brick_wall, nether_brick_wall, andesite_wall, red_nether_brick_wall, sandstone_wall, end_stone_brick_wall, diorite_wall, blackstone_wall, polished_blackstone_brick_wall, polished_blackstone_wall, cobbled_deepslate_wall, polished_deepslate_wall, deepslate_tile_wall, deepslate_brick_wall, mud_brick_wall]
[20:23:15] [Render thread/INFO] (smart_pick) Mapping item red_sandstone_wall with [cobblestone_wall, mossy_cobblestone_wall, brick_wall, prismarine_wall, mossy_stone_brick_wall, granite_wall, stone_brick_wall, nether_brick_wall, andesite_wall, red_nether_brick_wall, sandstone_wall, end_stone_brick_wall, diorite_wall, blackstone_wall, polished_blackstone_brick_wall, polished_blackstone_wall, cobbled_deepslate_wall, polished_deepslate_wall, deepslate_tile_wall, deepslate_brick_wall, mud_brick_wall]
[20:23:15] [Render thread/INFO] (smart_pick) Mapping item mossy_stone_brick_wall with [cobblestone_wall, mossy_cobblestone_wall, brick_wall, prismarine_wall, red_sandstone_wall, granite_wall, stone_brick_wall, nether_brick_wall, andesite_wall, red_nether_brick_wall, sandstone_wall, end_stone_brick_wall, diorite_wall, blackstone_wall, polished_blackstone_brick_wall, polished_blackstone_wall, cobbled_deepslate_wall, polished_deepslate_wall, deepslate_tile_wall, deepslate_brick_wall, mud_brick_wall]
[20:23:15] [Render thread/INFO] (smart_pick) Mapping item granite_wall with [cobblestone_wall, mossy_cobblestone_wall, brick_wall, prismarine_wall, red_sandstone_wall, mossy_stone_brick_wall, stone_brick_wall, nether_brick_wall, andesite_wall, red_nether_brick_wall, sandstone_wall, end_stone_brick_wall, diorite_wall, blackstone_wall, polished_blackstone_brick_wall, polished_blackstone_wall, cobbled_deepslate_wall, polished_deepslate_wall, deepslate_tile_wall, deepslate_brick_wall, mud_brick_wall]
[20:23:15] [Render thread/INFO] (smart_pick) Mapping item stone_brick_wall with [cobblestone_wall, mossy_cobblestone_wall, brick_wall, prismarine_wall, red_sandstone_wall, mossy_stone_brick_wall, granite_wall, nether_brick_wall, andesite_wall, red_nether_brick_wall, sandstone_wall, end_stone_brick_wall, diorite_wall, blackstone_wall, polished_blackstone_brick_wall, polished_blackstone_wall, cobbled_deepslate_wall, polished_deepslate_wall, deepslate_tile_wall, deepslate_brick_wall, mud_brick_wall]
[20:23:15] [Render thread/INFO] (smart_pick) Mapping item nether_brick_wall with [cobblestone_wall, mossy_cobblestone_wall, brick_wall, prismarine_wall, red_sandstone_wall, mossy_stone_brick_wall, granite_wall, stone_brick_wall, andesite_wall, red_nether_brick_wall, sandstone_wall, end_stone_brick_wall, diorite_wall, blackstone_wall, polished_blackstone_brick_wall, polished_blackstone_wall, cobbled_deepslate_wall, polished_deepslate_wall, deepslate_tile_wall, deepslate_brick_wall, mud_brick_wall]
[20:23:15] [Render thread/INFO] (smart_pick) Mapping item andesite_wall with [cobblestone_wall, mossy_cobblestone_wall, brick_wall, prismarine_wall, red_sandstone_wall, mossy_stone_brick_wall, granite_wall, stone_brick_wall, nether_brick_wall, red_nether_brick_wall, sandstone_wall, end_stone_brick_wall, diorite_wall, blackstone_wall, polished_blackstone_brick_wall, polished_blackstone_wall, cobbled_deepslate_wall, polished_deepslate_wall, deepslate_tile_wall, deepslate_brick_wall, mud_brick_wall]
[20:23:15] [Render thread/INFO] (smart_pick) Mapping item red_nether_brick_wall with [cobblestone_wall, mossy_cobblestone_wall, brick_wall, prismarine_wall, red_sandstone_wall, mossy_stone_brick_wall, granite_wall, stone_brick_wall, nether_brick_wall, andesite_wall, sandstone_wall, end_stone_brick_wall, diorite_wall, blackstone_wall, polished_blackstone_brick_wall, polished_blackstone_wall, cobbled_deepslate_wall, polished_deepslate_wall, deepslate_tile_wall, deepslate_brick_wall, mud_brick_wall]
[20:23:15] [Render thread/INFO] (smart_pick) Mapping item sandstone_wall with [cobblestone_wall, mossy_cobblestone_wall, brick_wall, prismarine_wall, red_sandstone_wall, mossy_stone_brick_wall, granite_wall, stone_brick_wall, nether_brick_wall, andesite_wall, red_nether_brick_wall, end_stone_brick_wall, diorite_wall, blackstone_wall, polished_blackstone_brick_wall, polished_blackstone_wall, cobbled_deepslate_wall, polished_deepslate_wall, deepslate_tile_wall, deepslate_brick_wall, mud_brick_wall]
[20:23:15] [Render thread/INFO] (smart_pick) Mapping item end_stone_brick_wall with [cobblestone_wall, mossy_cobblestone_wall, brick_wall, prismarine_wall, red_sandstone_wall, mossy_stone_brick_wall, granite_wall, stone_brick_wall, nether_brick_wall, andesite_wall, red_nether_brick_wall, sandstone_wall, diorite_wall, blackstone_wall, polished_blackstone_brick_wall, polished_blackstone_wall, cobbled_deepslate_wall, polished_deepslate_wall, deepslate_tile_wall, deepslate_brick_wall, mud_brick_wall]
[20:23:15] [Render thread/INFO] (smart_pick) Mapping item diorite_wall with [cobblestone_wall, mossy_cobblestone_wall, brick_wall, prismarine_wall, red_sandstone_wall, mossy_stone_brick_wall, granite_wall, stone_brick_wall, nether_brick_wall, andesite_wall, red_nether_brick_wall, sandstone_wall, end_stone_brick_wall, blackstone_wall, polished_blackstone_brick_wall, polished_blackstone_wall, cobbled_deepslate_wall, polished_deepslate_wall, deepslate_tile_wall, deepslate_brick_wall, mud_brick_wall]
[20:23:15] [Render thread/INFO] (smart_pick) Mapping item blackstone_wall with [cobblestone_wall, mossy_cobblestone_wall, brick_wall, prismarine_wall, red_sandstone_wall, mossy_stone_brick_wall, granite_wall, stone_brick_wall, nether_brick_wall, andesite_wall, red_nether_brick_wall, sandstone_wall, end_stone_brick_wall, diorite_wall, polished_blackstone_brick_wall, polished_blackstone_wall, cobbled_deepslate_wall, polished_deepslate_wall, deepslate_tile_wall, deepslate_brick_wall, mud_brick_wall]
[20:23:15] [Render thread/INFO] (smart_pick) Mapping item polished_blackstone_brick_wall with [cobblestone_wall, mossy_cobblestone_wall, brick_wall, prismarine_wall, red_sandstone_wall, mossy_stone_brick_wall, granite_wall, stone_brick_wall, nether_brick_wall, andesite_wall, red_nether_brick_wall, sandstone_wall, end_stone_brick_wall, diorite_wall, blackstone_wall, polished_blackstone_wall, cobbled_deepslate_wall, polished_deepslate_wall, deepslate_tile_wall, deepslate_brick_wall, mud_brick_wall]
[20:23:15] [Render thread/INFO] (smart_pick) Mapping item polished_blackstone_wall with [cobblestone_wall, mossy_cobblestone_wall, brick_wall, prismarine_wall, red_sandstone_wall, mossy_stone_brick_wall, granite_wall, stone_brick_wall, nether_brick_wall, andesite_wall, red_nether_brick_wall, sandstone_wall, end_stone_brick_wall, diorite_wall, blackstone_wall, polished_blackstone_brick_wall, cobbled_deepslate_wall, polished_deepslate_wall, deepslate_tile_wall, deepslate_brick_wall, mud_brick_wall]
[20:23:15] [Render thread/INFO] (smart_pick) Mapping item cobbled_deepslate_wall with [cobblestone_wall, mossy_cobblestone_wall, brick_wall, prismarine_wall, red_sandstone_wall, mossy_stone_brick_wall, granite_wall, stone_brick_wall, nether_brick_wall, andesite_wall, red_nether_brick_wall, sandstone_wall, end_stone_brick_wall, diorite_wall, blackstone_wall, polished_blackstone_brick_wall, polished_blackstone_wall, polished_deepslate_wall, deepslate_tile_wall, deepslate_brick_wall, mud_brick_wall]
[20:23:15] [Render thread/INFO] (smart_pick) Mapping item polished_deepslate_wall with [cobblestone_wall, mossy_cobblestone_wall, brick_wall, prismarine_wall, red_sandstone_wall, mossy_stone_brick_wall, granite_wall, stone_brick_wall, nether_brick_wall, andesite_wall, red_nether_brick_wall, sandstone_wall, end_stone_brick_wall, diorite_wall, blackstone_wall, polished_blackstone_brick_wall, polished_blackstone_wall, cobbled_deepslate_wall, deepslate_tile_wall, deepslate_brick_wall, mud_brick_wall]
[20:23:15] [Render thread/INFO] (smart_pick) Mapping item deepslate_tile_wall with [cobblestone_wall, mossy_cobblestone_wall, brick_wall, prismarine_wall, red_sandstone_wall, mossy_stone_brick_wall, granite_wall, stone_brick_wall, nether_brick_wall, andesite_wall, red_nether_brick_wall, sandstone_wall, end_stone_brick_wall, diorite_wall, blackstone_wall, polished_blackstone_brick_wall, polished_blackstone_wall, cobbled_deepslate_wall, polished_deepslate_wall, deepslate_brick_wall, mud_brick_wall]
[20:23:15] [Render thread/INFO] (smart_pick) Mapping item deepslate_brick_wall with [cobblestone_wall, mossy_cobblestone_wall, brick_wall, prismarine_wall, red_sandstone_wall, mossy_stone_brick_wall, granite_wall, stone_brick_wall, nether_brick_wall, andesite_wall, red_nether_brick_wall, sandstone_wall, end_stone_brick_wall, diorite_wall, blackstone_wall, polished_blackstone_brick_wall, polished_blackstone_wall, cobbled_deepslate_wall, polished_deepslate_wall, deepslate_tile_wall, mud_brick_wall]
[20:23:15] [Render thread/INFO] (smart_pick) Mapping item mud_brick_wall with [cobblestone_wall, mossy_cobblestone_wall, brick_wall, prismarine_wall, red_sandstone_wall, mossy_stone_brick_wall, granite_wall, stone_brick_wall, nether_brick_wall, andesite_wall, red_nether_brick_wall, sandstone_wall, end_stone_brick_wall, diorite_wall, blackstone_wall, polished_blackstone_brick_wall, polished_blackstone_wall, cobbled_deepslate_wall, polished_deepslate_wall, deepslate_tile_wall, deepslate_brick_wall]
[20:23:15] [Render thread/INFO] (smart_pick) Recognised block tag #fence_gates containing [acacia_fence_gate, birch_fence_gate, dark_oak_fence_gate, jungle_fence_gate, oak_fence_gate, spruce_fence_gate, crimson_fence_gate, warped_fence_gate, mangrove_fence_gate, bamboo_fence_gate, cherry_fence_gate]
[20:23:15] [Render thread/INFO] (smart_pick) Mapping item acacia_fence_gate with [birch_fence_gate, dark_oak_fence_gate, jungle_fence_gate, oak_fence_gate, spruce_fence_gate, crimson_fence_gate, warped_fence_gate, mangrove_fence_gate, bamboo_fence_gate, cherry_fence_gate]
[20:23:15] [Render thread/INFO] (smart_pick) Mapping item birch_fence_gate with [acacia_fence_gate, dark_oak_fence_gate, jungle_fence_gate, oak_fence_gate, spruce_fence_gate, crimson_fence_gate, warped_fence_gate, mangrove_fence_gate, bamboo_fence_gate, cherry_fence_gate]
[20:23:15] [Render thread/INFO] (smart_pick) Mapping item dark_oak_fence_gate with [acacia_fence_gate, birch_fence_gate, jungle_fence_gate, oak_fence_gate, spruce_fence_gate, crimson_fence_gate, warped_fence_gate, mangrove_fence_gate, bamboo_fence_gate, cherry_fence_gate]
[20:23:15] [Render thread/INFO] (smart_pick) Mapping item jungle_fence_gate with [acacia_fence_gate, birch_fence_gate, dark_oak_fence_gate, oak_fence_gate, spruce_fence_gate, crimson_fence_gate, warped_fence_gate, mangrove_fence_gate, bamboo_fence_gate, cherry_fence_gate]
[20:23:15] [Render thread/INFO] (smart_pick) Mapping item oak_fence_gate with [acacia_fence_gate, birch_fence_gate, dark_oak_fence_gate, jungle_fence_gate, spruce_fence_gate, crimson_fence_gate, warped_fence_gate, mangrove_fence_gate, bamboo_fence_gate, cherry_fence_gate]
[20:23:15] [Render thread/INFO] (smart_pick) Mapping item spruce_fence_gate with [acacia_fence_gate, birch_fence_gate, dark_oak_fence_gate, jungle_fence_gate, oak_fence_gate, crimson_fence_gate, warped_fence_gate, mangrove_fence_gate, bamboo_fence_gate, cherry_fence_gate]
[20:23:15] [Render thread/INFO] (smart_pick) Mapping item crimson_fence_gate with [acacia_fence_gate, birch_fence_gate, dark_oak_fence_gate, jungle_fence_gate, oak_fence_gate, spruce_fence_gate, warped_fence_gate, mangrove_fence_gate, bamboo_fence_gate, cherry_fence_gate]
[20:23:15] [Render thread/INFO] (smart_pick) Mapping item warped_fence_gate with [acacia_fence_gate, birch_fence_gate, dark_oak_fence_gate, jungle_fence_gate, oak_fence_gate, spruce_fence_gate, crimson_fence_gate, mangrove_fence_gate, bamboo_fence_gate, cherry_fence_gate]
[20:23:15] [Render thread/INFO] (smart_pick) Mapping item mangrove_fence_gate with [acacia_fence_gate, birch_fence_gate, dark_oak_fence_gate, jungle_fence_gate, oak_fence_gate, spruce_fence_gate, crimson_fence_gate, warped_fence_gate, bamboo_fence_gate, cherry_fence_gate]
[20:23:15] [Render thread/INFO] (smart_pick) Mapping item bamboo_fence_gate with [acacia_fence_gate, birch_fence_gate, dark_oak_fence_gate, jungle_fence_gate, oak_fence_gate, spruce_fence_gate, crimson_fence_gate, warped_fence_gate, mangrove_fence_gate, cherry_fence_gate]
[20:23:15] [Render thread/INFO] (smart_pick) Mapping item cherry_fence_gate with [acacia_fence_gate, birch_fence_gate, dark_oak_fence_gate, jungle_fence_gate, oak_fence_gate, spruce_fence_gate, crimson_fence_gate, warped_fence_gate, mangrove_fence_gate, bamboo_fence_gate]
[20:23:15] [Render thread/INFO] (smart_pick) Recognised block tag #wool containing [white_wool, orange_wool, magenta_wool, light_blue_wool, yellow_wool, lime_wool, pink_wool, gray_wool, light_gray_wool, cyan_wool, purple_wool, blue_wool, brown_wool, green_wool, red_wool, black_wool]
[20:23:15] [Render thread/INFO] (smart_pick) Mapping item white_wool with [orange_wool, magenta_wool, light_blue_wool, yellow_wool, lime_wool, pink_wool, gray_wool, light_gray_wool, cyan_wool, purple_wool, blue_wool, brown_wool, green_wool, red_wool, black_wool, white_carpet, orange_carpet, magenta_carpet, light_blue_carpet, yellow_carpet, lime_carpet, pink_carpet, gray_carpet, light_gray_carpet, cyan_carpet, purple_carpet, blue_carpet, brown_carpet, green_carpet, red_carpet, black_carpet]
[20:23:15] [Render thread/INFO] (smart_pick) Mapping item orange_wool with [white_wool, magenta_wool, light_blue_wool, yellow_wool, lime_wool, pink_wool, gray_wool, light_gray_wool, cyan_wool, purple_wool, blue_wool, brown_wool, green_wool, red_wool, black_wool, white_carpet, orange_carpet, magenta_carpet, light_blue_carpet, yellow_carpet, lime_carpet, pink_carpet, gray_carpet, light_gray_carpet, cyan_carpet, purple_carpet, blue_carpet, brown_carpet, green_carpet, red_carpet, black_carpet]
[20:23:15] [Render thread/INFO] (smart_pick) Mapping item magenta_wool with [white_wool, orange_wool, light_blue_wool, yellow_wool, lime_wool, pink_wool, gray_wool, light_gray_wool, cyan_wool, purple_wool, blue_wool, brown_wool, green_wool, red_wool, black_wool, white_carpet, orange_carpet, magenta_carpet, light_blue_carpet, yellow_carpet, lime_carpet, pink_carpet, gray_carpet, light_gray_carpet, cyan_carpet, purple_carpet, blue_carpet, brown_carpet, green_carpet, red_carpet, black_carpet]
[20:23:15] [Render thread/INFO] (smart_pick) Mapping item light_blue_wool with [white_wool, orange_wool, magenta_wool, yellow_wool, lime_wool, pink_wool, gray_wool, light_gray_wool, cyan_wool, purple_wool, blue_wool, brown_wool, green_wool, red_wool, black_wool, white_carpet, orange_carpet, magenta_carpet, light_blue_carpet, yellow_carpet, lime_carpet, pink_carpet, gray_carpet, light_gray_carpet, cyan_carpet, purple_carpet, blue_carpet, brown_carpet, green_carpet, red_carpet, black_carpet]
[20:23:15] [Render thread/INFO] (smart_pick) Mapping item yellow_wool with [white_wool, orange_wool, magenta_wool, light_blue_wool, lime_wool, pink_wool, gray_wool, light_gray_wool, cyan_wool, purple_wool, blue_wool, brown_wool, green_wool, red_wool, black_wool, white_carpet, orange_carpet, magenta_carpet, light_blue_carpet, yellow_carpet, lime_carpet, pink_carpet, gray_carpet, light_gray_carpet, cyan_carpet, purple_carpet, blue_carpet, brown_carpet, green_carpet, red_carpet, black_carpet]
[20:23:15] [Render thread/INFO] (smart_pick) Mapping item lime_wool with [white_wool, orange_wool, magenta_wool, light_blue_wool, yellow_wool, pink_wool, gray_wool, light_gray_wool, cyan_wool, purple_wool, blue_wool, brown_wool, green_wool, red_wool, black_wool, white_carpet, orange_carpet, magenta_carpet, light_blue_carpet, yellow_carpet, lime_carpet, pink_carpet, gray_carpet, light_gray_carpet, cyan_carpet, purple_carpet, blue_carpet, brown_carpet, green_carpet, red_carpet, black_carpet]
[20:23:15] [Render thread/INFO] (smart_pick) Mapping item pink_wool with [white_wool, orange_wool, magenta_wool, light_blue_wool, yellow_wool, lime_wool, gray_wool, light_gray_wool, cyan_wool, purple_wool, blue_wool, brown_wool, green_wool, red_wool, black_wool, white_carpet, orange_carpet, magenta_carpet, light_blue_carpet, yellow_carpet, lime_carpet, pink_carpet, gray_carpet, light_gray_carpet, cyan_carpet, purple_carpet, blue_carpet, brown_carpet, green_carpet, red_carpet, black_carpet]
[20:23:15] [Render thread/INFO] (smart_pick) Mapping item gray_wool with [white_wool, orange_wool, magenta_wool, light_blue_wool, yellow_wool, lime_wool, pink_wool, light_gray_wool, cyan_wool, purple_wool, blue_wool, brown_wool, green_wool, red_wool, black_wool, white_carpet, orange_carpet, magenta_carpet, light_blue_carpet, yellow_carpet, lime_carpet, pink_carpet, gray_carpet, light_gray_carpet, cyan_carpet, purple_carpet, blue_carpet, brown_carpet, green_carpet, red_carpet, black_carpet]
[20:23:15] [Render thread/INFO] (smart_pick) Mapping item light_gray_wool with [white_wool, orange_wool, magenta_wool, light_blue_wool, yellow_wool, lime_wool, pink_wool, gray_wool, cyan_wool, purple_wool, blue_wool, brown_wool, green_wool, red_wool, black_wool, white_carpet, orange_carpet, magenta_carpet, light_blue_carpet, yellow_carpet, lime_carpet, pink_carpet, gray_carpet, light_gray_carpet, cyan_carpet, purple_carpet, blue_carpet, brown_carpet, green_carpet, red_carpet, black_carpet]
[20:23:15] [Render thread/INFO] (smart_pick) Mapping item cyan_wool with [white_wool, orange_wool, magenta_wool, light_blue_wool, yellow_wool, lime_wool, pink_wool, gray_wool, light_gray_wool, purple_wool, blue_wool, brown_wool, green_wool, red_wool, black_wool, white_carpet, orange_carpet, magenta_carpet, light_blue_carpet, yellow_carpet, lime_carpet, pink_carpet, gray_carpet, light_gray_carpet, cyan_carpet, purple_carpet, blue_carpet, brown_carpet, green_carpet, red_carpet, black_carpet]
[20:23:15] [Render thread/INFO] (smart_pick) Mapping item purple_wool with [white_wool, orange_wool, magenta_wool, light_blue_wool, yellow_wool, lime_wool, pink_wool, gray_wool, light_gray_wool, cyan_wool, blue_wool, brown_wool, green_wool, red_wool, black_wool, white_carpet, orange_carpet, magenta_carpet, light_blue_carpet, yellow_carpet, lime_carpet, pink_carpet, gray_carpet, light_gray_carpet, cyan_carpet, purple_carpet, blue_carpet, brown_carpet, green_carpet, red_carpet, black_carpet]
[20:23:15] [Render thread/INFO] (smart_pick) Mapping item blue_wool with [white_wool, orange_wool, magenta_wool, light_blue_wool, yellow_wool, lime_wool, pink_wool, gray_wool, light_gray_wool, cyan_wool, purple_wool, brown_wool, green_wool, red_wool, black_wool, white_carpet, orange_carpet, magenta_carpet, light_blue_carpet, yellow_carpet, lime_carpet, pink_carpet, gray_carpet, light_gray_carpet, cyan_carpet, purple_carpet, blue_carpet, brown_carpet, green_carpet, red_carpet, black_carpet]
[20:23:15] [Render thread/INFO] (smart_pick) Mapping item brown_wool with [white_wool, orange_wool, magenta_wool, light_blue_wool, yellow_wool, lime_wool, pink_wool, gray_wool, light_gray_wool, cyan_wool, purple_wool, blue_wool, green_wool, red_wool, black_wool, white_carpet, orange_carpet, magenta_carpet, light_blue_carpet, yellow_carpet, lime_carpet, pink_carpet, gray_carpet, light_gray_carpet, cyan_carpet, purple_carpet, blue_carpet, brown_carpet, green_carpet, red_carpet, black_carpet]
[20:23:15] [Render thread/INFO] (smart_pick) Mapping item green_wool with [white_wool, orange_wool, magenta_wool, light_blue_wool, yellow_wool, lime_wool, pink_wool, gray_wool, light_gray_wool, cyan_wool, purple_wool, blue_wool, brown_wool, red_wool, black_wool, white_carpet, orange_carpet, magenta_carpet, light_blue_carpet, yellow_carpet, lime_carpet, pink_carpet, gray_carpet, light_gray_carpet, cyan_carpet, purple_carpet, blue_carpet, brown_carpet, green_carpet, red_carpet, black_carpet]
[20:23:15] [Render thread/INFO] (smart_pick) Mapping item red_wool with [white_wool, orange_wool, magenta_wool, light_blue_wool, yellow_wool, lime_wool, pink_wool, gray_wool, light_gray_wool, cyan_wool, purple_wool, blue_wool, brown_wool, green_wool, black_wool, white_carpet, orange_carpet, magenta_carpet, light_blue_carpet, yellow_carpet, lime_carpet, pink_carpet, gray_carpet, light_gray_carpet, cyan_carpet, purple_carpet, blue_carpet, brown_carpet, green_carpet, red_carpet, black_carpet]
[20:23:15] [Render thread/INFO] (smart_pick) Mapping item black_wool with [white_wool, orange_wool, magenta_wool, light_blue_wool, yellow_wool, lime_wool, pink_wool, gray_wool, light_gray_wool, cyan_wool, purple_wool, blue_wool, brown_wool, green_wool, red_wool, white_carpet, orange_carpet, magenta_carpet, light_blue_carpet, yellow_carpet, lime_carpet, pink_carpet, gray_carpet, light_gray_carpet, cyan_carpet, purple_carpet, blue_carpet, brown_carpet, green_carpet, red_carpet, black_carpet]
[20:23:15] [Render thread/INFO] (smart_pick) Mapping item hay_block with [wheat]
[20:23:15] [Render thread/INFO] (smart_pick) Recognised block tag #wool_carpets containing [white_carpet, orange_carpet, magenta_carpet, light_blue_carpet, yellow_carpet, lime_carpet, pink_carpet, gray_carpet, light_gray_carpet, cyan_carpet, purple_carpet, blue_carpet, brown_carpet, green_carpet, red_carpet, black_carpet]
[20:23:15] [Render thread/INFO] (smart_pick) Mapping item white_carpet with [white_wool, orange_wool, magenta_wool, light_blue_wool, yellow_wool, lime_wool, pink_wool, gray_wool, light_gray_wool, cyan_wool, purple_wool, blue_wool, brown_wool, green_wool, red_wool, black_wool]
[20:23:15] [Render thread/INFO] (smart_pick) Mapping item orange_carpet with [white_wool, orange_wool, magenta_wool, light_blue_wool, yellow_wool, lime_wool, pink_wool, gray_wool, light_gray_wool, cyan_wool, purple_wool, blue_wool, brown_wool, green_wool, red_wool, black_wool]
[20:23:15] [Render thread/INFO] (smart_pick) Mapping item magenta_carpet with [white_wool, orange_wool, magenta_wool, light_blue_wool, yellow_wool, lime_wool, pink_wool, gray_wool, light_gray_wool, cyan_wool, purple_wool, blue_wool, brown_wool, green_wool, red_wool, black_wool]
[20:23:15] [Render thread/INFO] (smart_pick) Mapping item light_blue_carpet with [white_wool, orange_wool, magenta_wool, light_blue_wool, yellow_wool, lime_wool, pink_wool, gray_wool, light_gray_wool, cyan_wool, purple_wool, blue_wool, brown_wool, green_wool, red_wool, black_wool]
[20:23:15] [Render thread/INFO] (smart_pick) Mapping item yellow_carpet with [white_wool, orange_wool, magenta_wool, light_blue_wool, yellow_wool, lime_wool, pink_wool, gray_wool, light_gray_wool, cyan_wool, purple_wool, blue_wool, brown_wool, green_wool, red_wool, black_wool]
[20:23:15] [Render thread/INFO] (smart_pick) Mapping item lime_carpet with [white_wool, orange_wool, magenta_wool, light_blue_wool, yellow_wool, lime_wool, pink_wool, gray_wool, light_gray_wool, cyan_wool, purple_wool, blue_wool, brown_wool, green_wool, red_wool, black_wool]
[20:23:15] [Render thread/INFO] (smart_pick) Mapping item pink_carpet with [white_wool, orange_wool, magenta_wool, light_blue_wool, yellow_wool, lime_wool, pink_wool, gray_wool, light_gray_wool, cyan_wool, purple_wool, blue_wool, brown_wool, green_wool, red_wool, black_wool]
[20:23:15] [Render thread/INFO] (smart_pick) Mapping item gray_carpet with [white_wool, orange_wool, magenta_wool, light_blue_wool, yellow_wool, lime_wool, pink_wool, gray_wool, light_gray_wool, cyan_wool, purple_wool, blue_wool, brown_wool, green_wool, red_wool, black_wool]
[20:23:15] [Render thread/INFO] (smart_pick) Mapping item light_gray_carpet with [white_wool, orange_wool, magenta_wool, light_blue_wool, yellow_wool, lime_wool, pink_wool, gray_wool, light_gray_wool, cyan_wool, purple_wool, blue_wool, brown_wool, green_wool, red_wool, black_wool]
[20:23:15] [Render thread/INFO] (smart_pick) Mapping item cyan_carpet with [white_wool, orange_wool, magenta_wool, light_blue_wool, yellow_wool, lime_wool, pink_wool, gray_wool, light_gray_wool, cyan_wool, purple_wool, blue_wool, brown_wool, green_wool, red_wool, black_wool]
[20:23:15] [Render thread/INFO] (smart_pick) Mapping item purple_carpet with [white_wool, orange_wool, magenta_wool, light_blue_wool, yellow_wool, lime_wool, pink_wool, gray_wool, light_gray_wool, cyan_wool, purple_wool, blue_wool, brown_wool, green_wool, red_wool, black_wool]
[20:23:15] [Render thread/INFO] (smart_pick) Mapping item blue_carpet with [white_wool, orange_wool, magenta_wool, light_blue_wool, yellow_wool, lime_wool, pink_wool, gray_wool, light_gray_wool, cyan_wool, purple_wool, blue_wool, brown_wool, green_wool, red_wool, black_wool]
[20:23:15] [Render thread/INFO] (smart_pick) Mapping item brown_carpet with [white_wool, orange_wool, magenta_wool, light_blue_wool, yellow_wool, lime_wool, pink_wool, gray_wool, light_gray_wool, cyan_wool, purple_wool, blue_wool, brown_wool, green_wool, red_wool, black_wool]
[20:23:15] [Render thread/INFO] (smart_pick) Mapping item green_carpet with [white_wool, orange_wool, magenta_wool, light_blue_wool, yellow_wool, lime_wool, pink_wool, gray_wool, light_gray_wool, cyan_wool, purple_wool, blue_wool, brown_wool, green_wool, red_wool, black_wool]
[20:23:15] [Render thread/INFO] (smart_pick) Mapping item red_carpet with [white_wool, orange_wool, magenta_wool, light_blue_wool, yellow_wool, lime_wool, pink_wool, gray_wool, light_gray_wool, cyan_wool, purple_wool, blue_wool, brown_wool, green_wool, red_wool, black_wool]
[20:23:15] [Render thread/INFO] (smart_pick) Mapping item black_carpet with [white_wool, orange_wool, magenta_wool, light_blue_wool, yellow_wool, lime_wool, pink_wool, gray_wool, light_gray_wool, cyan_wool, purple_wool, blue_wool, brown_wool, green_wool, red_wool, black_wool]
[20:23:15] [Render thread/INFO] (smart_pick) Recognised client block tag $smart_pick:concrete containing [white_concrete, light_gray_concrete, gray_concrete, black_concrete, brown_concrete, red_concrete, orange_concrete, yellow_concrete, lime_concrete, green_concrete, cyan_concrete, light_blue_concrete, blue_concrete, purple_concrete, magenta_concrete, pink_concrete]
[20:23:15] [Render thread/INFO] (smart_pick) Recognised block tag #concrete_powder containing [white_concrete_powder, orange_concrete_powder, magenta_concrete_powder, light_blue_concrete_powder, yellow_concrete_powder, lime_concrete_powder, pink_concrete_powder, gray_concrete_powder, light_gray_concrete_powder, cyan_concrete_powder, purple_concrete_powder, blue_concrete_powder, brown_concrete_powder, green_concrete_powder, red_concrete_powder, black_concrete_powder]
[20:23:15] [Render thread/INFO] (smart_pick) Mapping item white_concrete_powder with [orange_concrete_powder, magenta_concrete_powder, light_blue_concrete_powder, yellow_concrete_powder, lime_concrete_powder, pink_concrete_powder, gray_concrete_powder, light_gray_concrete_powder, cyan_concrete_powder, purple_concrete_powder, blue_concrete_powder, brown_concrete_powder, green_concrete_powder, red_concrete_powder, black_concrete_powder]
[20:23:15] [Render thread/INFO] (smart_pick) Mapping item orange_concrete_powder with [white_concrete_powder, magenta_concrete_powder, light_blue_concrete_powder, yellow_concrete_powder, lime_concrete_powder, pink_concrete_powder, gray_concrete_powder, light_gray_concrete_powder, cyan_concrete_powder, purple_concrete_powder, blue_concrete_powder, brown_concrete_powder, green_concrete_powder, red_concrete_powder, black_concrete_powder]
[20:23:15] [Render thread/INFO] (smart_pick) Mapping item magenta_concrete_powder with [white_concrete_powder, orange_concrete_powder, light_blue_concrete_powder, yellow_concrete_powder, lime_concrete_powder, pink_concrete_powder, gray_concrete_powder, light_gray_concrete_powder, cyan_concrete_powder, purple_concrete_powder, blue_concrete_powder, brown_concrete_powder, green_concrete_powder, red_concrete_powder, black_concrete_powder]
[20:23:15] [Render thread/INFO] (smart_pick) Mapping item light_blue_concrete_powder with [white_concrete_powder, orange_concrete_powder, magenta_concrete_powder, yellow_concrete_powder, lime_concrete_powder, pink_concrete_powder, gray_concrete_powder, light_gray_concrete_powder, cyan_concrete_powder, purple_concrete_powder, blue_concrete_powder, brown_concrete_powder, green_concrete_powder, red_concrete_powder, black_concrete_powder]
[20:23:15] [Render thread/INFO] (smart_pick) Mapping item yellow_concrete_powder with [white_concrete_powder, orange_concrete_powder, magenta_concrete_powder, light_blue_concrete_powder, lime_concrete_powder, pink_concrete_powder, gray_concrete_powder, light_gray_concrete_powder, cyan_concrete_powder, purple_concrete_powder, blue_concrete_powder, brown_concrete_powder, green_concrete_powder, red_concrete_powder, black_concrete_powder]
[20:23:15] [Render thread/INFO] (smart_pick) Mapping item lime_concrete_powder with [white_concrete_powder, orange_concrete_powder, magenta_concrete_powder, light_blue_concrete_powder, yellow_concrete_powder, pink_concrete_powder, gray_concrete_powder, light_gray_concrete_powder, cyan_concrete_powder, purple_concrete_powder, blue_concrete_powder, brown_concrete_powder, green_concrete_powder, red_concrete_powder, black_concrete_powder]
[20:23:15] [Render thread/INFO] (smart_pick) Mapping item pink_concrete_powder with [white_concrete_powder, orange_concrete_powder, magenta_concrete_powder, light_blue_concrete_powder, yellow_concrete_powder, lime_concrete_powder, gray_concrete_powder, light_gray_concrete_powder, cyan_concrete_powder, purple_concrete_powder, blue_concrete_powder, brown_concrete_powder, green_concrete_powder, red_concrete_powder, black_concrete_powder]
[20:23:15] [Render thread/INFO] (smart_pick) Mapping item gray_concrete_powder with [white_concrete_powder, orange_concrete_powder, magenta_concrete_powder, light_blue_concrete_powder, yellow_concrete_powder, lime_concrete_powder, pink_concrete_powder, light_gray_concrete_powder, cyan_concrete_powder, purple_concrete_powder, blue_concrete_powder, brown_concrete_powder, green_concrete_powder, red_concrete_powder, black_concrete_powder]
[20:23:15] [Render thread/INFO] (smart_pick) Mapping item light_gray_concrete_powder with [white_concrete_powder, orange_concrete_powder, magenta_concrete_powder, light_blue_concrete_powder, yellow_concrete_powder, lime_concrete_powder, pink_concrete_powder, gray_concrete_powder, cyan_concrete_powder, purple_concrete_powder, blue_concrete_powder, brown_concrete_powder, green_concrete_powder, red_concrete_powder, black_concrete_powder]
[20:23:15] [Render thread/INFO] (smart_pick) Mapping item cyan_concrete_powder with [white_concrete_powder, orange_concrete_powder, magenta_concrete_powder, light_blue_concrete_powder, yellow_concrete_powder, lime_concrete_powder, pink_concrete_powder, gray_concrete_powder, light_gray_concrete_powder, purple_concrete_powder, blue_concrete_powder, brown_concrete_powder, green_concrete_powder, red_concrete_powder, black_concrete_powder]
[20:23:15] [Render thread/INFO] (smart_pick) Mapping item purple_concrete_powder with [white_concrete_powder, orange_concrete_powder, magenta_concrete_powder, light_blue_concrete_powder, yellow_concrete_powder, lime_concrete_powder, pink_concrete_powder, gray_concrete_powder, light_gray_concrete_powder, cyan_concrete_powder, blue_concrete_powder, brown_concrete_powder, green_concrete_powder, red_concrete_powder, black_concrete_powder]
[20:23:15] [Render thread/INFO] (smart_pick) Mapping item blue_concrete_powder with [white_concrete_powder, orange_concrete_powder, magenta_concrete_powder, light_blue_concrete_powder, yellow_concrete_powder, lime_concrete_powder, pink_concrete_powder, gray_concrete_powder, light_gray_concrete_powder, cyan_concrete_powder, purple_concrete_powder, brown_concrete_powder, green_concrete_powder, red_concrete_powder, black_concrete_powder]
[20:23:15] [Render thread/INFO] (smart_pick) Mapping item brown_concrete_powder with [white_concrete_powder, orange_concrete_powder, magenta_concrete_powder, light_blue_concrete_powder, yellow_concrete_powder, lime_concrete_powder, pink_concrete_powder, gray_concrete_powder, light_gray_concrete_powder, cyan_concrete_powder, purple_concrete_powder, blue_concrete_powder, green_concrete_powder, red_concrete_powder, black_concrete_powder]
[20:23:15] [Render thread/INFO] (smart_pick) Mapping item green_concrete_powder with [white_concrete_powder, orange_concrete_powder, magenta_concrete_powder, light_blue_concrete_powder, yellow_concrete_powder, lime_concrete_powder, pink_concrete_powder, gray_concrete_powder, light_gray_concrete_powder, cyan_concrete_powder, purple_concrete_powder, blue_concrete_powder, brown_concrete_powder, red_concrete_powder, black_concrete_powder]
[20:23:15] [Render thread/INFO] (smart_pick) Mapping item red_concrete_powder with [white_concrete_powder, orange_concrete_powder, magenta_concrete_powder, light_blue_concrete_powder, yellow_concrete_powder, lime_concrete_powder, pink_concrete_powder, gray_concrete_powder, light_gray_concrete_powder, cyan_concrete_powder, purple_concrete_powder, blue_concrete_powder, brown_concrete_powder, green_concrete_powder, black_concrete_powder]
[20:23:15] [Render thread/INFO] (smart_pick) Mapping item black_concrete_powder with [white_concrete_powder, orange_concrete_powder, magenta_concrete_powder, light_blue_concrete_powder, yellow_concrete_powder, lime_concrete_powder, pink_concrete_powder, gray_concrete_powder, light_gray_concrete_powder, cyan_concrete_powder, purple_concrete_powder, blue_concrete_powder, brown_concrete_powder, green_concrete_powder, red_concrete_powder]
[20:23:15] [Render thread/INFO] (smart_pick) Recognised block tag #terracotta containing [terracotta, white_terracotta, orange_terracotta, magenta_terracotta, light_blue_terracotta, yellow_terracotta, lime_terracotta, pink_terracotta, gray_terracotta, light_gray_terracotta, cyan_terracotta, purple_terracotta, blue_terracotta, brown_terracotta, green_terracotta, red_terracotta, black_terracotta]
[20:23:15] [Render thread/INFO] (smart_pick) Mapping item terracotta with [white_terracotta, orange_terracotta, magenta_terracotta, light_blue_terracotta, yellow_terracotta, lime_terracotta, pink_terracotta, gray_terracotta, light_gray_terracotta, cyan_terracotta, purple_terracotta, blue_terracotta, brown_terracotta, green_terracotta, red_terracotta, black_terracotta]
[20:23:15] [Render thread/INFO] (smart_pick) Mapping item white_terracotta with [terracotta, orange_terracotta, magenta_terracotta, light_blue_terracotta, yellow_terracotta, lime_terracotta, pink_terracotta, gray_terracotta, light_gray_terracotta, cyan_terracotta, purple_terracotta, blue_terracotta, brown_terracotta, green_terracotta, red_terracotta, black_terracotta]
[20:23:15] [Render thread/INFO] (smart_pick) Mapping item orange_terracotta with [terracotta, white_terracotta, magenta_terracotta, light_blue_terracotta, yellow_terracotta, lime_terracotta, pink_terracotta, gray_terracotta, light_gray_terracotta, cyan_terracotta, purple_terracotta, blue_terracotta, brown_terracotta, green_terracotta, red_terracotta, black_terracotta]
[20:23:15] [Render thread/INFO] (smart_pick) Mapping item magenta_terracotta with [terracotta, white_terracotta, orange_terracotta, light_blue_terracotta, yellow_terracotta, lime_terracotta, pink_terracotta, gray_terracotta, light_gray_terracotta, cyan_terracotta, purple_terracotta, blue_terracotta, brown_terracotta, green_terracotta, red_terracotta, black_terracotta]
[20:23:15] [Render thread/INFO] (smart_pick) Mapping item light_blue_terracotta with [terracotta, white_terracotta, orange_terracotta, magenta_terracotta, yellow_terracotta, lime_terracotta, pink_terracotta, gray_terracotta, light_gray_terracotta, cyan_terracotta, purple_terracotta, blue_terracotta, brown_terracotta, green_terracotta, red_terracotta, black_terracotta]
[20:23:15] [Render thread/INFO] (smart_pick) Mapping item yellow_terracotta with [terracotta, white_terracotta, orange_terracotta, magenta_terracotta, light_blue_terracotta, lime_terracotta, pink_terracotta, gray_terracotta, light_gray_terracotta, cyan_terracotta, purple_terracotta, blue_terracotta, brown_terracotta, green_terracotta, red_terracotta, black_terracotta]
[20:23:15] [Render thread/INFO] (smart_pick) Mapping item lime_terracotta with [terracotta, white_terracotta, orange_terracotta, magenta_terracotta, light_blue_terracotta, yellow_terracotta, pink_terracotta, gray_terracotta, light_gray_terracotta, cyan_terracotta, purple_terracotta, blue_terracotta, brown_terracotta, green_terracotta, red_terracotta, black_terracotta]
[20:23:15] [Render thread/INFO] (smart_pick) Mapping item pink_terracotta with [terracotta, white_terracotta, orange_terracotta, magenta_terracotta, light_blue_terracotta, yellow_terracotta, lime_terracotta, gray_terracotta, light_gray_terracotta, cyan_terracotta, purple_terracotta, blue_terracotta, brown_terracotta, green_terracotta, red_terracotta, black_terracotta]
[20:23:15] [Render thread/INFO] (smart_pick) Mapping item gray_terracotta with [terracotta, white_terracotta, orange_terracotta, magenta_terracotta, light_blue_terracotta, yellow_terracotta, lime_terracotta, pink_terracotta, light_gray_terracotta, cyan_terracotta, purple_terracotta, blue_terracotta, brown_terracotta, green_terracotta, red_terracotta, black_terracotta]
[20:23:15] [Render thread/INFO] (smart_pick) Mapping item light_gray_terracotta with [terracotta, white_terracotta, orange_terracotta, magenta_terracotta, light_blue_terracotta, yellow_terracotta, lime_terracotta, pink_terracotta, gray_terracotta, cyan_terracotta, purple_terracotta, blue_terracotta, brown_terracotta, green_terracotta, red_terracotta, black_terracotta]
[20:23:15] [Render thread/INFO] (smart_pick) Mapping item cyan_terracotta with [terracotta, white_terracotta, orange_terracotta, magenta_terracotta, light_blue_terracotta, yellow_terracotta, lime_terracotta, pink_terracotta, gray_terracotta, light_gray_terracotta, purple_terracotta, blue_terracotta, brown_terracotta, green_terracotta, red_terracotta, black_terracotta]
[20:23:15] [Render thread/INFO] (smart_pick) Mapping item purple_terracotta with [terracotta, white_terracotta, orange_terracotta, magenta_terracotta, light_blue_terracotta, yellow_terracotta, lime_terracotta, pink_terracotta, gray_terracotta, light_gray_terracotta, cyan_terracotta, blue_terracotta, brown_terracotta, green_terracotta, red_terracotta, black_terracotta]
[20:23:15] [Render thread/INFO] (smart_pick) Mapping item blue_terracotta with [terracotta, white_terracotta, orange_terracotta, magenta_terracotta, light_blue_terracotta, yellow_terracotta, lime_terracotta, pink_terracotta, gray_terracotta, light_gray_terracotta, cyan_terracotta, purple_terracotta, brown_terracotta, green_terracotta, red_terracotta, black_terracotta]
[20:23:15] [Render thread/INFO] (smart_pick) Mapping item brown_terracotta with [terracotta, white_terracotta, orange_terracotta, magenta_terracotta, light_blue_terracotta, yellow_terracotta, lime_terracotta, pink_terracotta, gray_terracotta, light_gray_terracotta, cyan_terracotta, purple_terracotta, blue_terracotta, green_terracotta, red_terracotta, black_terracotta]
[20:23:15] [Render thread/INFO] (smart_pick) Mapping item green_terracotta with [terracotta, white_terracotta, orange_terracotta, magenta_terracotta, light_blue_terracotta, yellow_terracotta, lime_terracotta, pink_terracotta, gray_terracotta, light_gray_terracotta, cyan_terracotta, purple_terracotta, blue_terracotta, brown_terracotta, red_terracotta, black_terracotta]
[20:23:15] [Render thread/INFO] (smart_pick) Mapping item red_terracotta with [terracotta, white_terracotta, orange_terracotta, magenta_terracotta, light_blue_terracotta, yellow_terracotta, lime_terracotta, pink_terracotta, gray_terracotta, light_gray_terracotta, cyan_terracotta, purple_terracotta, blue_terracotta, brown_terracotta, green_terracotta, black_terracotta]
[20:23:15] [Render thread/INFO] (smart_pick) Mapping item black_terracotta with [terracotta, white_terracotta, orange_terracotta, magenta_terracotta, light_blue_terracotta, yellow_terracotta, lime_terracotta, pink_terracotta, gray_terracotta, light_gray_terracotta, cyan_terracotta, purple_terracotta, blue_terracotta, brown_terracotta, green_terracotta, red_terracotta]
[20:23:15] [Render thread/INFO] (smart_pick) Recognised client block tag $smart_pick:glazed_terracotta containing [white_glazed_terracotta, light_gray_glazed_terracotta, gray_glazed_terracotta, black_glazed_terracotta, brown_glazed_terracotta, red_glazed_terracotta, orange_glazed_terracotta, yellow_glazed_terracotta, lime_glazed_terracotta, green_glazed_terracotta, cyan_glazed_terracotta, light_blue_glazed_terracotta, blue_glazed_terracotta, purple_glazed_terracotta, magenta_glazed_terracotta, pink_glazed_terracotta]
[20:23:15] [Render thread/INFO] (smart_pick) Recognised client block tag $smart_pick:ores containing [coal_ore, deepslate_coal_ore, copper_ore, deepslate_copper_ore, gold_ore, nether_gold_ore, deepslate_gold_ore, iron_ore, deepslate_iron_ore, lapis_ore, deepslate_lapis_ore, redstone_ore, deepslate_redstone_ore]
[20:23:15] [Render thread/INFO] (smart_pick) Recognised block tag #coal_ores containing [coal_ore, deepslate_coal_ore]
[20:23:15] [Render thread/INFO] (smart_pick) Mapping item coal_ore with [coal]
[20:23:15] [Render thread/INFO] (smart_pick) Mapping item deepslate_coal_ore with [coal]
[20:23:15] [Render thread/INFO] (smart_pick) Recognised block tag #iron_ores containing [iron_ore, deepslate_iron_ore]
[20:23:15] [Render thread/INFO] (smart_pick) Mapping item iron_ore with [raw_iron]
[20:23:15] [Render thread/INFO] (smart_pick) Mapping item deepslate_iron_ore with [raw_iron]
[20:23:15] [Render thread/INFO] (smart_pick) Recognised block tag #gold_ores containing [gold_ore, nether_gold_ore, deepslate_gold_ore]
[20:23:15] [Render thread/INFO] (smart_pick) Mapping item gold_ore with [raw_gold]
[20:23:15] [Render thread/INFO] (smart_pick) Mapping item nether_gold_ore with [raw_gold]
[20:23:15] [Render thread/INFO] (smart_pick) Mapping item deepslate_gold_ore with [raw_gold]
[20:23:15] [Render thread/INFO] (smart_pick) Recognised block tag #copper_ores containing [copper_ore, deepslate_copper_ore]
[20:23:15] [Render thread/INFO] (smart_pick) Mapping item copper_ore with [raw_copper]
[20:23:15] [Render thread/INFO] (smart_pick) Mapping item deepslate_copper_ore with [raw_copper]
[20:23:15] [Render thread/INFO] (smart_pick) Recognised block tag #diamond_ores containing [diamond_ore, deepslate_diamond_ore]
[20:23:15] [Render thread/INFO] (smart_pick) Mapping item diamond_ore with [diamond]
[20:23:15] [Render thread/INFO] (smart_pick) Mapping item deepslate_diamond_ore with [diamond]
[20:23:15] [Render thread/INFO] (smart_pick) Recognised block tag #emerald_ores containing [emerald_ore, deepslate_emerald_ore]
[20:23:15] [Render thread/INFO] (smart_pick) Mapping item emerald_ore with [emerald]
[20:23:15] [Render thread/INFO] (smart_pick) Mapping item deepslate_emerald_ore with [emerald]
[20:23:15] [Render thread/INFO] (smart_pick) Mapping item air with [redstone_torch, lever]
[20:23:15] [Render thread/INFO] (smart_pick) Mapping item repeater with [comparator]
[20:23:15] [Render thread/INFO] (smart_pick) Mapping item comparator with [repeater]
[20:23:15] [Render thread/INFO] (smart_pick) Mapping item observer with [dispenser, dropper]
[20:23:15] [Render thread/INFO] (smart_pick) Mapping item dispenser with [dropper]
[20:23:15] [Render thread/INFO] (smart_pick) Mapping item dropper with [dispenser]
[20:23:15] [Render thread/INFO] (smart_pick) Recognised block tag #flowers containing [dandelion, poppy, blue_orchid, allium, azure_bluet, red_tulip, orange_tulip, white_tulip, pink_tulip, oxeye_daisy, cornflower, lily_of_the_valley, wither_rose, torchflower, sunflower, lilac, peony, rose_bush, pitcher_plant, flowering_azalea_leaves, flowering_azalea, mangrove_propagule, cherry_leaves, pink_petals, chorus_flower, spore_blossom]
[20:23:15] [Render thread/INFO] (smart_pick) Mapping item dandelion with [poppy, blue_orchid, allium, azure_bluet, red_tulip, orange_tulip, white_tulip, pink_tulip, oxeye_daisy, cornflower, lily_of_the_valley, wither_rose, torchflower, sunflower, lilac, peony, rose_bush, pitcher_plant, flowering_azalea_leaves, flowering_azalea, mangrove_propagule, cherry_leaves, pink_petals, chorus_flower, spore_blossom]
[20:23:15] [Render thread/INFO] (smart_pick) Mapping item poppy with [dandelion, blue_orchid, allium, azure_bluet, red_tulip, orange_tulip, white_tulip, pink_tulip, oxeye_daisy, cornflower, lily_of_the_valley, wither_rose, torchflower, sunflower, lilac, peony, rose_bush, pitcher_plant, flowering_azalea_leaves, flowering_azalea, mangrove_propagule, cherry_leaves, pink_petals, chorus_flower, spore_blossom]
[20:23:15] [Render thread/INFO] (smart_pick) Mapping item blue_orchid with [dandelion, poppy, allium, azure_bluet, red_tulip, orange_tulip, white_tulip, pink_tulip, oxeye_daisy, cornflower, lily_of_the_valley, wither_rose, torchflower, sunflower, lilac, peony, rose_bush, pitcher_plant, flowering_azalea_leaves, flowering_azalea, mangrove_propagule, cherry_leaves, pink_petals, chorus_flower, spore_blossom]
[20:23:15] [Render thread/INFO] (smart_pick) Mapping item allium with [dandelion, poppy, blue_orchid, azure_bluet, red_tulip, orange_tulip, white_tulip, pink_tulip, oxeye_daisy, cornflower, lily_of_the_valley, wither_rose, torchflower, sunflower, lilac, peony, rose_bush, pitcher_plant, flowering_azalea_leaves, flowering_azalea, mangrove_propagule, cherry_leaves, pink_petals, chorus_flower, spore_blossom]
[20:23:15] [Render thread/INFO] (smart_pick) Mapping item azure_bluet with [dandelion, poppy, blue_orchid, allium, red_tulip, orange_tulip, white_tulip, pink_tulip, oxeye_daisy, cornflower, lily_of_the_valley, wither_rose, torchflower, sunflower, lilac, peony, rose_bush, pitcher_plant, flowering_azalea_leaves, flowering_azalea, mangrove_propagule, cherry_leaves, pink_petals, chorus_flower, spore_blossom]
[20:23:15] [Render thread/INFO] (smart_pick) Mapping item red_tulip with [dandelion, poppy, blue_orchid, allium, azure_bluet, orange_tulip, white_tulip, pink_tulip, oxeye_daisy, cornflower, lily_of_the_valley, wither_rose, torchflower, sunflower, lilac, peony, rose_bush, pitcher_plant, flowering_azalea_leaves, flowering_azalea, mangrove_propagule, cherry_leaves, pink_petals, chorus_flower, spore_blossom]
[20:23:15] [Render thread/INFO] (smart_pick) Mapping item orange_tulip with [dandelion, poppy, blue_orchid, allium, azure_bluet, red_tulip, white_tulip, pink_tulip, oxeye_daisy, cornflower, lily_of_the_valley, wither_rose, torchflower, sunflower, lilac, peony, rose_bush, pitcher_plant, flowering_azalea_leaves, flowering_azalea, mangrove_propagule, cherry_leaves, pink_petals, chorus_flower, spore_blossom]
[20:23:15] [Render thread/INFO] (smart_pick) Mapping item white_tulip with [dandelion, poppy, blue_orchid, allium, azure_bluet, red_tulip, orange_tulip, pink_tulip, oxeye_daisy, cornflower, lily_of_the_valley, wither_rose, torchflower, sunflower, lilac, peony, rose_bush, pitcher_plant, flowering_azalea_leaves, flowering_azalea, mangrove_propagule, cherry_leaves, pink_petals, chorus_flower, spore_blossom]
[20:23:15] [Render thread/INFO] (smart_pick) Mapping item pink_tulip with [dandelion, poppy, blue_orchid, allium, azure_bluet, red_tulip, orange_tulip, white_tulip, oxeye_daisy, cornflower, lily_of_the_valley, wither_rose, torchflower, sunflower, lilac, peony, rose_bush, pitcher_plant, flowering_azalea_leaves, flowering_azalea, mangrove_propagule, cherry_leaves, pink_petals, chorus_flower, spore_blossom]
[20:23:15] [Render thread/INFO] (smart_pick) Mapping item oxeye_daisy with [dandelion, poppy, blue_orchid, allium, azure_bluet, red_tulip, orange_tulip, white_tulip, pink_tulip, cornflower, lily_of_the_valley, wither_rose, torchflower, sunflower, lilac, peony, rose_bush, pitcher_plant, flowering_azalea_leaves, flowering_azalea, mangrove_propagule, cherry_leaves, pink_petals, chorus_flower, spore_blossom]
[20:23:15] [Render thread/INFO] (smart_pick) Mapping item cornflower with [dandelion, poppy, blue_orchid, allium, azure_bluet, red_tulip, orange_tulip, white_tulip, pink_tulip, oxeye_daisy, lily_of_the_valley, wither_rose, torchflower, sunflower, lilac, peony, rose_bush, pitcher_plant, flowering_azalea_leaves, flowering_azalea, mangrove_propagule, cherry_leaves, pink_petals, chorus_flower, spore_blossom]
[20:23:15] [Render thread/INFO] (smart_pick) Mapping item lily_of_the_valley with [dandelion, poppy, blue_orchid, allium, azure_bluet, red_tulip, orange_tulip, white_tulip, pink_tulip, oxeye_daisy, cornflower, wither_rose, torchflower, sunflower, lilac, peony, rose_bush, pitcher_plant, flowering_azalea_leaves, flowering_azalea, mangrove_propagule, cherry_leaves, pink_petals, chorus_flower, spore_blossom]
[20:23:15] [Render thread/INFO] (smart_pick) Mapping item wither_rose with [dandelion, poppy, blue_orchid, allium, azure_bluet, red_tulip, orange_tulip, white_tulip, pink_tulip, oxeye_daisy, cornflower, lily_of_the_valley, torchflower, sunflower, lilac, peony, rose_bush, pitcher_plant, flowering_azalea_leaves, flowering_azalea, mangrove_propagule, cherry_leaves, pink_petals, chorus_flower, spore_blossom]
[20:23:15] [Render thread/INFO] (smart_pick) Mapping item torchflower with [dandelion, poppy, blue_orchid, allium, azure_bluet, red_tulip, orange_tulip, white_tulip, pink_tulip, oxeye_daisy, cornflower, lily_of_the_valley, wither_rose, sunflower, lilac, peony, rose_bush, pitcher_plant, flowering_azalea_leaves, flowering_azalea, mangrove_propagule, cherry_leaves, pink_petals, chorus_flower, spore_blossom]
[20:23:15] [Render thread/INFO] (smart_pick) Mapping item sunflower with [dandelion, poppy, blue_orchid, allium, azure_bluet, red_tulip, orange_tulip, white_tulip, pink_tulip, oxeye_daisy, cornflower, lily_of_the_valley, wither_rose, torchflower, lilac, peony, rose_bush, pitcher_plant, flowering_azalea_leaves, flowering_azalea, mangrove_propagule, cherry_leaves, pink_petals, chorus_flower, spore_blossom]
[20:23:15] [Render thread/INFO] (smart_pick) Mapping item lilac with [dandelion, poppy, blue_orchid, allium, azure_bluet, red_tulip, orange_tulip, white_tulip, pink_tulip, oxeye_daisy, cornflower, lily_of_the_valley, wither_rose, torchflower, sunflower, peony, rose_bush, pitcher_plant, flowering_azalea_leaves, flowering_azalea, mangrove_propagule, cherry_leaves, pink_petals, chorus_flower, spore_blossom]
[20:23:15] [Render thread/INFO] (smart_pick) Mapping item peony with [dandelion, poppy, blue_orchid, allium, azure_bluet, red_tulip, orange_tulip, white_tulip, pink_tulip, oxeye_daisy, cornflower, lily_of_the_valley, wither_rose, torchflower, sunflower, lilac, rose_bush, pitcher_plant, flowering_azalea_leaves, flowering_azalea, mangrove_propagule, cherry_leaves, pink_petals, chorus_flower, spore_blossom]
[20:23:15] [Render thread/INFO] (smart_pick) Mapping item rose_bush with [dandelion, poppy, blue_orchid, allium, azure_bluet, red_tulip, orange_tulip, white_tulip, pink_tulip, oxeye_daisy, cornflower, lily_of_the_valley, wither_rose, torchflower, sunflower, lilac, peony, pitcher_plant, flowering_azalea_leaves, flowering_azalea, mangrove_propagule, cherry_leaves, pink_petals, chorus_flower, spore_blossom]
[20:23:15] [Render thread/INFO] (smart_pick) Mapping item pitcher_plant with [dandelion, poppy, blue_orchid, allium, azure_bluet, red_tulip, orange_tulip, white_tulip, pink_tulip, oxeye_daisy, cornflower, lily_of_the_valley, wither_rose, torchflower, sunflower, lilac, peony, rose_bush, flowering_azalea_leaves, flowering_azalea, mangrove_propagule, cherry_leaves, pink_petals, chorus_flower, spore_blossom]
[20:23:15] [Render thread/INFO] (smart_pick) Mapping item flowering_azalea_leaves with [dandelion, poppy, blue_orchid, allium, azure_bluet, red_tulip, orange_tulip, white_tulip, pink_tulip, oxeye_daisy, cornflower, lily_of_the_valley, wither_rose, torchflower, sunflower, lilac, peony, rose_bush, pitcher_plant, flowering_azalea, mangrove_propagule, cherry_leaves, pink_petals, chorus_flower, spore_blossom]
[20:23:15] [Render thread/INFO] (smart_pick) Mapping item flowering_azalea with [dandelion, poppy, blue_orchid, allium, azure_bluet, red_tulip, orange_tulip, white_tulip, pink_tulip, oxeye_daisy, cornflower, lily_of_the_valley, wither_rose, torchflower, sunflower, lilac, peony, rose_bush, pitcher_plant, flowering_azalea_leaves, mangrove_propagule, cherry_leaves, pink_petals, chorus_flower, spore_blossom]
[20:23:15] [Render thread/INFO] (smart_pick) Mapping item mangrove_propagule with [dandelion, poppy, blue_orchid, allium, azure_bluet, red_tulip, orange_tulip, white_tulip, pink_tulip, oxeye_daisy, cornflower, lily_of_the_valley, wither_rose, torchflower, sunflower, lilac, peony, rose_bush, pitcher_plant, flowering_azalea_leaves, flowering_azalea, cherry_leaves, pink_petals, chorus_flower, spore_blossom]
[20:23:15] [Render thread/INFO] (smart_pick) Mapping item cherry_leaves with [dandelion, poppy, blue_orchid, allium, azure_bluet, red_tulip, orange_tulip, white_tulip, pink_tulip, oxeye_daisy, cornflower, lily_of_the_valley, wither_rose, torchflower, sunflower, lilac, peony, rose_bush, pitcher_plant, flowering_azalea_leaves, flowering_azalea, mangrove_propagule, pink_petals, chorus_flower, spore_blossom]
[20:23:15] [Render thread/INFO] (smart_pick) Mapping item pink_petals with [dandelion, poppy, blue_orchid, allium, azure_bluet, red_tulip, orange_tulip, white_tulip, pink_tulip, oxeye_daisy, cornflower, lily_of_the_valley, wither_rose, torchflower, sunflower, lilac, peony, rose_bush, pitcher_plant, flowering_azalea_leaves, flowering_azalea, mangrove_propagule, cherry_leaves, chorus_flower, spore_blossom]
[20:23:15] [Render thread/INFO] (smart_pick) Mapping item chorus_flower with [dandelion, poppy, blue_orchid, allium, azure_bluet, red_tulip, orange_tulip, white_tulip, pink_tulip, oxeye_daisy, cornflower, lily_of_the_valley, wither_rose, torchflower, sunflower, lilac, peony, rose_bush, pitcher_plant, flowering_azalea_leaves, flowering_azalea, mangrove_propagule, cherry_leaves, pink_petals, spore_blossom]
[20:23:15] [Render thread/INFO] (smart_pick) Mapping item spore_blossom with [dandelion, poppy, blue_orchid, allium, azure_bluet, red_tulip, orange_tulip, white_tulip, pink_tulip, oxeye_daisy, cornflower, lily_of_the_valley, wither_rose, torchflower, sunflower, lilac, peony, rose_bush, pitcher_plant, flowering_azalea_leaves, flowering_azalea, mangrove_propagule, cherry_leaves, pink_petals, chorus_flower]
[20:23:15] [Render thread/INFO] (smart_pick) Recognised block tag #leaves containing [jungle_leaves, oak_leaves, spruce_leaves, dark_oak_leaves, acacia_leaves, birch_leaves, azalea_leaves, flowering_azalea_leaves, mangrove_leaves, cherry_leaves]
[20:23:15] [Render thread/INFO] (smart_pick) Mapping item jungle_leaves with [oak_leaves, spruce_leaves, dark_oak_leaves, acacia_leaves, birch_leaves, azalea_leaves, flowering_azalea_leaves, mangrove_leaves, cherry_leaves, oak_sapling, spruce_sapling, birch_sapling, jungle_sapling, acacia_sapling, dark_oak_sapling, azalea, flowering_azalea, mangrove_propagule, cherry_sapling]
[20:23:15] [Render thread/INFO] (smart_pick) Mapping item oak_leaves with [jungle_leaves, spruce_leaves, dark_oak_leaves, acacia_leaves, birch_leaves, azalea_leaves, flowering_azalea_leaves, mangrove_leaves, cherry_leaves, oak_sapling, spruce_sapling, birch_sapling, jungle_sapling, acacia_sapling, dark_oak_sapling, azalea, flowering_azalea, mangrove_propagule, cherry_sapling]
[20:23:15] [Render thread/INFO] (smart_pick) Mapping item spruce_leaves with [jungle_leaves, oak_leaves, dark_oak_leaves, acacia_leaves, birch_leaves, azalea_leaves, flowering_azalea_leaves, mangrove_leaves, cherry_leaves, oak_sapling, spruce_sapling, birch_sapling, jungle_sapling, acacia_sapling, dark_oak_sapling, azalea, flowering_azalea, mangrove_propagule, cherry_sapling]
[20:23:15] [Render thread/INFO] (smart_pick) Mapping item dark_oak_leaves with [jungle_leaves, oak_leaves, spruce_leaves, acacia_leaves, birch_leaves, azalea_leaves, flowering_azalea_leaves, mangrove_leaves, cherry_leaves, oak_sapling, spruce_sapling, birch_sapling, jungle_sapling, acacia_sapling, dark_oak_sapling, azalea, flowering_azalea, mangrove_propagule, cherry_sapling]
[20:23:15] [Render thread/INFO] (smart_pick) Mapping item acacia_leaves with [jungle_leaves, oak_leaves, spruce_leaves, dark_oak_leaves, birch_leaves, azalea_leaves, flowering_azalea_leaves, mangrove_leaves, cherry_leaves, oak_sapling, spruce_sapling, birch_sapling, jungle_sapling, acacia_sapling, dark_oak_sapling, azalea, flowering_azalea, mangrove_propagule, cherry_sapling]
[20:23:15] [Render thread/INFO] (smart_pick) Mapping item birch_leaves with [jungle_leaves, oak_leaves, spruce_leaves, dark_oak_leaves, acacia_leaves, azalea_leaves, flowering_azalea_leaves, mangrove_leaves, cherry_leaves, oak_sapling, spruce_sapling, birch_sapling, jungle_sapling, acacia_sapling, dark_oak_sapling, azalea, flowering_azalea, mangrove_propagule, cherry_sapling]
[20:23:15] [Render thread/INFO] (smart_pick) Mapping item azalea_leaves with [jungle_leaves, oak_leaves, spruce_leaves, dark_oak_leaves, acacia_leaves, birch_leaves, flowering_azalea_leaves, mangrove_leaves, cherry_leaves, oak_sapling, spruce_sapling, birch_sapling, jungle_sapling, acacia_sapling, dark_oak_sapling, azalea, flowering_azalea, mangrove_propagule, cherry_sapling]
[20:23:15] [Render thread/INFO] (smart_pick) Mapping item flowering_azalea_leaves with [jungle_leaves, oak_leaves, spruce_leaves, dark_oak_leaves, acacia_leaves, birch_leaves, azalea_leaves, mangrove_leaves, cherry_leaves, oak_sapling, spruce_sapling, birch_sapling, jungle_sapling, acacia_sapling, dark_oak_sapling, azalea, flowering_azalea, mangrove_propagule, cherry_sapling]
[20:23:15] [Render thread/INFO] (smart_pick) Mapping item mangrove_leaves with [jungle_leaves, oak_leaves, spruce_leaves, dark_oak_leaves, acacia_leaves, birch_leaves, azalea_leaves, flowering_azalea_leaves, cherry_leaves, oak_sapling, spruce_sapling, birch_sapling, jungle_sapling, acacia_sapling, dark_oak_sapling, azalea, flowering_azalea, mangrove_propagule, cherry_sapling]
[20:23:15] [Render thread/INFO] (smart_pick) Mapping item cherry_leaves with [jungle_leaves, oak_leaves, spruce_leaves, dark_oak_leaves, acacia_leaves, birch_leaves, azalea_leaves, flowering_azalea_leaves, mangrove_leaves, oak_sapling, spruce_sapling, birch_sapling, jungle_sapling, acacia_sapling, dark_oak_sapling, azalea, flowering_azalea, mangrove_propagule, cherry_sapling]
[20:23:15] [Render thread/INFO] (smart_pick) Mapping item moss_block with [grass_block]
[20:23:15] [Render thread/INFO] (smart_pick) Mapping item mud with [dirt, clay]
[20:23:15] [Render thread/INFO] (smart_pick) Mapping item soul_sand with [soul_soil]
[20:23:15] [Render thread/INFO] (smart_pick) Mapping item soul_soil with [soul_sand]
[20:23:18] [Server thread/INFO] (Minecraft) [Player648: Set own game mode to Creative Mode]
[20:23:18] [Render thread/INFO] (Minecraft) [System] [CHAT] Set own game mode to Creative Mode
[20:23:20] [Server thread/INFO] (Minecraft) [Player648: Set own game mode to Survival Mode]
[20:23:20] [Render thread/INFO] (Minecraft) [System] [CHAT] Set own game mode to Survival Mode
[20:23:24] [Server thread/INFO] (Minecraft) Saving and pausing game...
[20:23:24] [Server thread/INFO] (Minecraft) Saving chunks for level 'ServerLevel[New World]'/minecraft:overworld
[20:23:24] [Server thread/INFO] (Minecraft) Saving chunks for level 'ServerLevel[New World]'/minecraft:the_end
[20:23:24] [Server thread/INFO] (Minecraft) Saving chunks for level 'ServerLevel[New World]'/minecraft:the_nether
[20:23:24] [Server thread/INFO] (Minecraft) Player648 lost connection: Disconnected
[20:23:24] [Server thread/INFO] (Minecraft) Player648 left the game
[20:23:24] [Server thread/INFO] (Minecraft) Stopping singleplayer server as player logged out
[20:23:24] [Server thread/INFO] (Minecraft) Stopping server
[20:23:24] [Server thread/INFO] (Minecraft) Saving players
[20:23:24] [Server thread/INFO] (Minecraft) Saving worlds
[20:23:24] [Server thread/INFO] (Minecraft) Saving chunks for level 'ServerLevel[New World]'/minecraft:overworld
[20:23:26] [Server thread/INFO] (Minecraft) Saving chunks for level 'ServerLevel[New World]'/minecraft:the_end
[20:23:26] [Server thread/INFO] (Minecraft) Saving chunks for level 'ServerLevel[New World]'/minecraft:the_nether
[20:23:26] [Server thread/INFO] (Minecraft) ThreadedAnvilChunkStorage (New World (1)): All chunks are saved
[20:23:26] [Server thread/INFO] (Minecraft) ThreadedAnvilChunkStorage (DIM1): All chunks are saved
[20:23:26] [Server thread/INFO] (Minecraft) ThreadedAnvilChunkStorage (DIM-1): All chunks are saved
[20:23:26] [Server thread/INFO] (Minecraft) ThreadedAnvilChunkStorage: All dimensions are saved
[20:23:27] [Render thread/INFO] (Minecraft) Stopping!
